cod_ibge,nome,serp_2007,aran_2007,escor_2007,lagar_2007,abel_2007,otros_2007,serp_2008,aran_2008,escor_2008,lagar_2008,abel_2008,otros_2008,serp_2009,aran_2009,escor_2009,lagar_2009,abel_2009,otros_2009,serp_2010,aran_2010,escor_2010,lagar_2010,abel_2010,otros_2010,serp_2011,aran_2011,escor_2011,lagar_2011,abel_2011,otros_2011,serp_2012,aran_2012,escor_2012,lagar_2012,abel_2012,otros_2012,serp_2013,aran_2013,escor_2013,lagar_2013,abel_2013,otros_2013,serp_2014,aran_2014,escor_2014,lagar_2014,abel_2014,otros_2014,serp_2015,aran_2015,escor_2015,lagar_2015,abel_2015,otros_2015,serp_2016,aran_2016,escor_2016,lagar_2016,abel_2016,otros_2016,serp_2017,aran_2017,escor_2017,lagar_2017,abel_2017,otros_2017,serp_2018,aran_2018,escor_2018,lagar_2018,abel_2018,otros_2018,serp_2019,aran_2019,escor_2019,lagar_2019,abel_2019,otros_2019
1715150,Novo Alegre,0,0,0,0,0,0,1,0,0,0,0,0,0,0,1,0,0,0,1,0,0,0,0,0,0,0,0,0,0,0,0,0,0,0,0,0,0,0,0,0,0,0,0,0,2,0,0,0,0,0,0,0,0,0,0,0,0,0,0,0,0,0,0,0,2,1,0,2,1,0,10,5,0,2,2,0,15,10
1715754,Palmeirópolis,7,0,1,0,0,0,7,0,3,0,0,0,4,1,5,0,0,1,2,0,2,0,0,0,2,0,0,0,1,4,7,2,3,0,0,0,4,1,7,0,0,0,1,1,6,0,0,0,3,0,3,3,1,2,3,2,3,0,1,0,0,0,6,0,3,2,0,0,11,0,0,0,5,0,6,0,0,0
1705557,Combinado,1,0,0,0,0,0,0,0,0,0,0,0,0,0,0,0,0,0,1,0,0,0,0,0,0,0,0,0,0,0,1,0,0,0,0,0,1,0,2,0,0,0,0,0,1,0,0,1,1,0,3,0,0,0,2,0,1,0,0,0,1,1,3,0,1,0,0,0,1,0,1,0,4,0,5,0,1,0
1702000,Araguaçu,1,0,3,0,0,0,8,2,6,0,0,0,5,2,11,0,0,0,4,1,8,0,0,0,2,1,13,0,0,1,7,1,10,0,0,0,2,1,12,0,0,0,6,0,7,0,1,0,3,2,10,0,0,0,1,0,8,0,0,0,1,2,30,1,1,0,3,2,31,0,0,2,4,1,32,0,1,0
1711506,Jaú do Tocantins,4,0,1,0,0,0,6,0,0,0,0,0,1,0,2,0,0,0,3,0,1,0,0,0,2,0,5,0,0,0,1,0,8,0,0,0,0,0,4,0,0,0,4,0,6,0,0,0,3,0,2,0,0,0,2,0,2,0,1,4,3,0,3,0,1,0,1,1,6,0,0,2,1,1,11,0,3,4
1720978,Talismã,0,0,3,0,0,0,1,0,7,0,0,0,2,0,4,0,0,0,2,0,2,0,0,0,1,0,2,0,0,0,0,1,9,0,0,0,1,0,5,0,0,0,1,0,5,0,3,0,1,1,3,0,5,2,2,1,5,0,0,1,3,0,10,0,1,2,0,0,9,0,3,2,3,0,7,1,8,0
1702406,Arraias,6,0,1,0,0,0,4,0,5,0,0,0,4,0,1,0,0,0,14,0,0,0,0,0,23,1,1,0,1,5,9,0,5,0,0,2,2,1,11,0,3,2,6,3,14,1,0,3,6,2,4,0,0,3,5,1,4,0,1,0,9,4,25,0,3,2,8,6,27,3,6,13,10,1,21,1,5,7
1720259,São Salvador do Tocantins,3,0,3,0,3,0,1,0,2,1,2,1,5,0,6,0,1,0,0,0,4,1,1,1,2,0,1,1,0,0,1,0,5,1,1,0,3,0,3,0,0,0,4,0,2,0,1,1,2,0,2,0,0,3,1,0,6,0,2,2,2,2,11,0,2,3,1,1,12,2,5,7,3,0,9,0,2,10
1700707,Alvorada,0,0,2,0,0,0,0,0,1,0,0,0,2,0,0,0,0,0,4,0,0,0,0,0,1,0,0,0,0,0,2,0,0,0,0,0,1,0,0,0,1,0,1,0,0,0,0,0,1,0,0,0,0,0,4,0,4,0,0,0,0,0,3,0,0,0,0,0,11,0,1,1,0,1,4,0,1,1
1720903,Taguatinga,4,1,3,0,0,0,4,0,1,0,0,2,2,1,5,0,0,0,6,0,5,0,0,0,8,0,4,0,0,1,3,1,5,0,0,0,6,0,14,1,0,0,2,1,6,1,0,1,2,0,5,0,0,0,6,2,3,0,0,0,4,0,7,0,0,0,5,2,28,1,0,1,3,3,21,0,0,3
1718840,Sandolândia,2,0,0,0,0,0,1,0,0,0,0,0,2,0,8,0,0,0,0,0,3,0,0,0,4,0,2,0,0,0,3,0,7,0,0,1,2,0,8,0,0,0,3,0,5,0,0,0,3,1,2,0,0,0,6,0,9,1,0,0,3,0,10,0,0,1,0,0,0,1,0,0,4,1,14,1,1,0
1716208,Paranã,2,0,0,0,0,0,0,0,1,0,0,0,5,0,4,0,0,0,6,0,4,0,0,0,5,0,3,0,0,0,1,0,0,0,0,1,2,0,1,0,0,1,2,0,2,0,0,2,3,0,5,0,0,6,4,0,2,0,0,9,5,0,17,0,1,9,2,0,32,0,0,11,7,1,25,1,1,7
1707652,Figueirópolis,4,0,2,0,0,0,4,0,2,0,0,0,0,0,0,0,0,0,1,0,0,0,0,0,1,0,0,0,0,0,2,0,0,0,0,0,0,0,0,0,0,0,0,0,0,0,0,0,1,0,0,0,0,0,0,0,2,0,0,0,3,0,2,0,1,0,1,1,4,0,0,0,2,0,4,0,0,0
1720937,Taipas do Tocantins,0,0,2,0,0,0,0,0,2,0,0,0,0,0,0,0,0,1,1,0,0,0,0,0,0,0,0,0,0,0,1,0,1,1,0,1,1,0,2,0,0,0,0,0,6,1,1,0,0,0,0,0,0,1,1,0,5,0,3,0,2,0,0,0,0,1,0,0,6,0,0,0,0,0,6,0,0,0
1720853,Sucupira,0,0,0,0,0,0,1,0,0,0,0,0,1,0,0,0,0,1,4,0,0,0,0,0,5,0,0,0,0,0,0,0,0,0,0,0,1,0,0,0,0,0,0,0,3,0,1,1,0,0,6,0,1,1,0,1,3,0,2,2,1,2,7,2,8,0,0,2,5,0,9,5,1,2,5,0,1,2
1705607,Conceição do Tocantins,0,0,11,0,0,0,0,0,9,1,1,0,3,4,14,1,0,0,6,0,4,0,0,0,0,0,2,0,0,1,0,0,3,0,0,1,1,0,9,0,0,3,4,0,11,0,0,1,5,1,13,0,0,0,2,2,13,0,0,0,1,1,17,0,0,0,1,0,30,0,1,1,2,0,34,0,2,3
1703867,Cariri do Tocantins,2,0,1,0,0,0,1,0,0,0,0,0,1,0,0,0,0,0,2,0,0,0,0,0,2,0,0,0,0,0,1,0,2,0,0,0,1,0,3,0,0,0,4,0,2,0,1,1,0,0,1,0,0,1,0,0,4,1,1,1,0,2,5,0,4,2,0,0,8,0,1,0,0,4,9,0,5,6
1708205,Formoso do Araguaia,15,1,3,0,0,1,17,1,5,0,0,0,10,0,12,0,0,5,10,0,7,0,1,8,18,1,24,0,0,5,19,0,30,0,1,1,10,0,21,0,4,0,10,0,15,0,2,0,9,0,16,0,2,6,11,0,16,0,0,0,5,0,21,0,1,5,12,1,33,0,10,0,22,2,29,0,4,1
1716604,Peixe,13,0,2,0,0,0,13,0,0,0,0,0,9,0,3,0,0,0,9,0,1,0,0,0,7,0,3,0,0,0,8,1,0,0,0,0,11,1,10,0,0,0,3,1,16,0,1,0,8,0,14,0,10,1,8,2,9,0,1,3,3,1,23,0,17,0,6,1,32,1,9,0,15,0,40,1,18,5
1709500,Gurupi,10,0,1,0,0,0,11,0,2,0,0,0,9,0,4,0,0,0,15,0,6,0,0,1,15,1,2,0,0,0,10,5,3,0,1,0,13,0,1,0,0,0,9,0,6,0,0,0,7,0,10,0,0,0,10,0,13,0,1,2,2,1,16,1,8,4,27,3,29,0,6,13,11,6,29,0,2,7
1718006,Porto Alegre do Tocantins,1,0,0,0,0,0,1,1,1,0,0,0,0,0,2,1,1,1,1,0,1,1,0,0,1,0,0,1,1,1,5,0,0,0,1,1,2,0,0,0,0,3,1,0,0,0,0,0,4,0,0,0,0,4,2,1,1,1,0,0,4,2,2,1,3,1,0,0,0,2,1,0,0,3,3,3,3,0
1720499,São Valério da Natividade,6,0,2,0,0,0,2,0,0,0,0,0,5,0,0,0,0,0,6,0,1,0,0,1,6,0,0,0,0,0,7,0,0,0,0,0,5,0,3,0,0,0,7,0,10,0,0,0,2,0,5,0,0,1,3,0,1,0,1,1,3,0,15,0,1,0,3,1,20,0,4,4,3,2,19,0,6,2
1705102,Chapada da Natividade,8,0,0,0,0,0,3,0,0,0,0,0,0,0,0,1,0,0,5,0,2,0,0,0,2,1,1,0,0,0,2,0,0,0,0,0,1,0,0,0,0,0,3,1,0,0,0,0,4,0,0,0,0,0,1,0,1,0,0,0,3,4,2,0,0,0,3,6,7,0,0,0,9,4,17,0,0,0
1714203,Natividade,6,0,5,0,0,0,11,0,10,0,0,0,5,0,12,0,0,1,4,0,1,0,0,1,4,2,10,0,0,1,5,2,5,0,0,0,10,0,5,0,0,0,2,4,5,0,0,0,4,1,6,0,0,1,2,8,30,0,0,2,4,3,52,0,0,2,5,2,67,0,0,4,3,11,55,0,0,3
1718907,Santa Rosa do Tocantins,9,0,4,0,0,0,10,0,2,0,0,0,4,0,3,0,1,1,3,0,0,0,0,1,6,0,0,0,0,0,4,0,2,0,0,2,2,0,8,0,0,2,5,0,20,0,0,2,6,0,29,0,0,14,8,0,11,0,1,6,3,1,34,0,0,3,4,1,35,0,0,7,3,0,38,0,0,12
1700350,Aliança do Tocantins,5,0,0,0,0,0,3,0,0,0,0,0,4,0,2,0,0,1,1,0,3,0,0,0,4,0,2,0,0,0,6,0,6,0,0,0,4,0,9,0,0,0,5,0,3,0,0,0,9,0,2,0,2,0,8,1,5,0,0,1,3,1,3,1,3,1,1,1,8,0,0,0,5,2,16,1,1,2
1706258,Crixás do Tocantins,1,0,2,0,0,0,4,0,0,0,0,0,0,1,4,0,0,0,3,0,2,1,0,0,5,0,1,3,0,0,3,0,3,0,0,0,4,0,4,5,0,0,2,0,1,0,0,0,2,0,3,0,0,0,0,0,2,0,0,0,1,0,3,1,2,3,1,1,6,3,3,3,0,1,4,4,4,3
1707306,Dueré,14,0,9,3,6,31,4,2,4,0,2,19,11,0,7,8,5,21,6,1,5,9,1,8,8,0,1,0,0,0,9,0,6,0,0,0,10,1,12,0,0,1,7,1,10,0,0,0,3,0,9,0,0,0,5,1,14,0,0,1,8,2,14,7,8,2,1,2,14,19,38,4,10,1,16,11,35,2
1700400,Almas,3,0,0,0,0,0,1,0,0,0,0,0,5,3,1,1,0,1,11,0,2,0,0,0,11,0,0,1,0,0,9,0,3,0,0,1,7,0,4,0,1,1,10,0,4,0,0,1,7,1,1,0,1,1,9,2,1,0,0,1,9,1,3,0,0,2,0,0,0,0,0,0,1,1,2,0,0,0
1717008,Pindorama do Tocantins,2,0,1,0,0,0,6,0,3,0,0,0,4,0,0,0,0,1,4,0,2,0,0,0,5,0,1,0,0,0,2,0,1,0,0,0,1,0,1,0,0,0,4,0,1,0,0,0,1,0,0,0,0,0,3,0,1,0,0,0,2,0,1,0,0,0,3,0,4,0,0,0,4,0,7,0,0,1
1709807,Ipueiras,1,0,0,0,0,2,5,0,5,0,0,1,5,0,5,0,2,2,4,0,1,1,0,0,3,0,3,0,0,2,1,0,4,0,1,0,2,0,5,0,0,1,1,0,0,0,0,7,3,0,7,0,0,6,2,3,12,0,0,6,3,1,11,0,2,5,3,0,9,3,3,7,3,0,21,2,0,13
1720655,Silvanópolis,5,1,10,5,1,12,7,2,3,7,2,13,4,0,11,20,6,11,4,1,5,14,9,8,4,3,10,6,15,7,8,0,10,10,9,5,5,0,14,6,9,7,3,3,23,6,9,19,3,1,10,7,8,3,7,1,12,3,3,5,4,1,13,4,7,9,3,1,36,7,12,16,2,4,30,5,19,33
1703701,Brejinho de Nazaré,3,0,2,0,0,0,7,0,4,3,1,1,2,0,0,0,0,0,5,1,6,0,0,0,8,0,2,0,0,4,3,0,7,1,0,0,2,0,5,1,0,3,6,0,11,0,2,4,5,2,10,5,0,1,1,0,15,1,0,2,2,2,24,3,2,5,2,5,18,4,8,4,11,0,20,5,9,5
1718899,Santa Rita do Tocantins,3,0,2,0,0,0,5,0,0,0,0,0,3,0,3,0,0,0,3,0,2,0,0,1,5,0,7,0,0,0,1,0,4,0,0,0,6,0,4,0,1,0,1,0,9,0,1,0,2,0,11,0,0,0,2,1,7,0,0,3,2,2,5,2,1,2,0,3,5,3,1,5,2,0,15,2,8,7
1707553,Fátima,4,0,0,0,0,0,4,0,0,0,0,0,4,0,0,0,0,0,4,0,1,0,0,0,2,0,0,0,0,0,5,0,3,0,0,0,3,0,1,0,0,0,3,0,2,0,0,1,4,0,5,0,0,0,3,0,0,0,0,0,2,0,4,0,0,1,0,0,0,0,0,0,3,2,9,1,6,2
1715507,Oliveira de Fátima,2,0,0,0,0,0,1,0,0,0,0,0,2,0,0,0,0,0,2,0,0,0,1,0,2,0,1,0,0,0,1,0,1,0,0,0,2,0,1,0,0,0,1,0,0,0,0,0,2,0,0,0,0,0,4,0,0,0,0,0,2,0,0,0,0,0,0,0,0,0,0,0,1,0,1,0,0,0
1711902,Lagoa da Confusão,2,0,0,0,0,0,2,0,2,0,0,0,7,1,4,0,0,1,13,0,3,0,0,0,13,0,4,0,0,0,8,0,8,0,0,1,5,0,3,0,0,0,8,0,2,0,0,0,10,0,4,0,0,1,7,0,8,0,0,1,10,1,19,0,4,3,3,0,16,0,3,3,11,0,18,0,0,0
1706100,Cristalândia,3,0,1,0,0,0,3,0,0,0,0,0,5,0,2,0,0,0,5,0,4,0,0,0,3,1,1,0,0,0,3,0,6,0,0,0,5,0,1,0,0,0,5,0,2,0,0,0,8,0,9,0,0,1,9,0,5,0,0,0,4,0,5,0,0,1,0,1,5,0,0,0,2,1,9,2,3,3
1715002,Nova Rosalândia,1,0,0,0,0,0,2,0,1,0,0,0,2,0,2,0,0,0,2,0,0,0,0,0,4,0,1,0,0,0,2,0,1,0,0,0,5,0,2,0,0,1,3,0,2,0,0,1,2,0,1,0,0,0,4,1,5,0,0,0,2,1,0,0,2,0,1,0,4,0,2,0,4,0,14,0,1,0
1717909,Ponte Alta do Tocantins,9,0,1,0,0,0,7,0,0,0,0,0,9,0,5,0,1,0,7,0,0,0,0,0,12,0,0,0,0,0,7,0,0,0,0,0,7,0,1,0,0,0,8,0,3,0,0,0,7,0,9,0,0,0,8,0,6,1,0,1,7,3,14,0,0,4,6,0,22,0,0,0,8,0,13,0,0,0
1718451,Pugmil,4,0,0,0,0,1,1,0,0,0,0,1,0,0,0,0,0,0,2,0,0,0,0,2,1,0,1,0,0,0,1,0,0,0,0,0,0,0,2,2,0,2,2,0,2,0,0,0,2,2,2,0,0,2,0,0,0,0,1,2,1,0,2,0,0,2,0,3,0,0,0,0,2,0,4,1,0,1
1713601,Monte do Carmo,7,0,1,0,0,0,8,0,3,1,0,2,9,0,4,1,2,0,7,0,8,0,0,1,12,1,9,0,1,2,9,0,13,2,1,2,5,1,12,0,1,2,6,0,15,1,1,1,8,2,8,0,4,1,11,0,10,0,1,1,6,0,25,0,0,3,1,1,19,0,2,3,10,1,40,0,4,5
1719004,Santa Tereza do Tocantins,1,0,0,0,0,0,1,0,0,0,0,0,1,0,0,0,0,1,0,0,0,0,0,0,4,0,2,0,1,0,1,0,1,0,0,0,2,0,0,0,0,0,4,0,4,0,0,1,2,0,0,0,0,0,1,0,0,0,0,0,3,0,1,0,0,0,0,0,17,0,0,0,4,2,15,2,0,0
1711951,Lagoa do Tocantins,3,0,1,0,0,0,4,0,1,0,1,0,6,0,2,6,0,0,4,2,1,0,0,0,4,1,3,0,1,0,8,0,1,0,0,0,3,1,0,1,0,0,10,0,2,0,0,0,6,0,5,0,0,0,3,0,2,0,0,0,3,0,2,0,0,0,3,0,19,0,0,1,6,0,14,0,0,1
1716109,Paraíso do Tocantins,9,0,3,0,0,0,7,1,4,0,0,0,12,0,3,0,0,0,17,1,4,0,0,0,17,0,5,0,0,0,15,0,3,0,1,0,17,2,8,6,8,13,21,1,9,2,7,16,16,2,7,1,10,19,24,1,14,2,9,33,14,7,21,1,23,32,32,10,36,4,8,45,9,4,24,2,13,20
1718204,Porto Nacional,18,0,24,0,0,0,26,0,14,0,16,5,34,2,51,6,14,25,27,4,38,10,12,22,24,3,44,10,17,30,33,9,67,11,7,34,21,5,76,2,13,22,23,7,82,6,23,61,32,5,77,7,22,75,30,5,75,3,5,53,26,8,107,6,30,136,40,19,132,20,56,121,27,8,167,2,27,91
1704600,Chapada de Areia,2,0,0,0,0,0,1,0,1,0,0,0,2,0,3,0,0,0,0,0,0,0,0,0,4,0,0,0,0,3,0,0,5,0,0,1,3,0,1,0,0,0,3,0,2,1,0,1,1,0,0,0,0,0,2,0,4,0,0,3,1,1,6,0,0,2,1,0,6,0,0,0,2,0,15,0,1,1
1721000,Palmas,24,1,34,9,10,66,21,1,64,19,28,121,51,7,118,56,31,115,34,7,85,23,23,39,37,13,92,30,27,48,39,10,103,32,28,61,43,13,140,18,25,80,32,22,133,16,37,105,44,18,153,18,61,158,38,23,190,6,41,102,28,34,252,0,68,108,65,30,332,9,68,128,46,22,316,6,60,89
1715101,Novo Acordo,1,0,0,0,0,0,2,0,0,0,0,0,6,0,0,0,0,0,4,0,3,0,0,3,5,1,1,0,0,1,5,0,1,0,0,0,5,0,1,0,0,0,2,0,1,0,0,0,7,1,1,0,0,0,5,2,2,0,0,0,3,0,11,0,0,2,1,1,19,0,0,1,5,0,8,0,0,0
1720150,São Félix do Tocantins,1,0,0,0,0,2,2,0,0,0,0,0,0,0,0,0,0,0,5,0,0,0,0,0,2,0,0,0,0,0,3,0,0,0,0,0,2,0,0,0,0,0,1,0,0,0,0,0,3,0,0,0,0,0,1,0,0,0,0,0,1,0,0,0,0,0,2,1,0,1,0,0,2,0,5,1,0,0
1713700,Monte Santo do Tocantins,2,0,0,0,0,0,3,0,0,0,0,0,2,0,1,0,0,0,3,0,0,0,0,0,1,0,0,0,0,0,1,0,0,0,0,0,3,0,1,1,0,0,0,0,0,0,0,0,1,0,2,0,1,1,5,0,1,0,0,1,2,0,0,0,0,2,0,0,0,0,0,0,4,0,1,0,2,1
1701101,Aparecida do Rio Negro,6,0,2,0,0,0,2,0,1,0,0,0,5,0,0,0,0,0,4,0,0,0,0,0,10,0,2,0,1,0,6,0,3,0,1,0,4,2,3,1,1,0,11,0,5,1,0,1,5,1,2,2,4,3,8,0,8,1,1,1,12,0,3,0,0,4,6,1,8,0,2,2,9,1,9,0,1,4
1703107,Barrolândia,4,0,0,0,0,0,6,0,0,0,0,0,4,0,0,0,0,0,4,0,0,0,0,0,5,0,0,0,0,0,3,0,0,0,0,1,2,1,0,0,0,0,3,0,0,0,0,0,5,0,0,0,0,0,5,0,1,0,0,0,3,0,1,0,0,1,0,0,0,0,0,0,1,0,0,0,2,5
1712009,Lajeado,2,0,2,0,1,1,2,0,1,0,0,0,3,0,1,0,0,0,2,0,2,0,0,0,2,1,0,0,0,1,4,0,1,0,0,2,2,0,9,0,1,3,6,0,5,0,0,2,5,0,4,0,1,4,1,0,7,0,0,5,4,1,6,0,0,3,0,0,0,2,0,0,3,0,8,2,2,8
1712504,Marianópolis do Tocantins,6,0,0,0,0,0,9,0,1,0,0,0,7,0,2,0,0,0,11,0,2,0,0,0,4,0,1,0,0,0,5,0,1,0,0,0,5,0,5,0,0,0,5,0,2,0,0,0,8,0,0,0,0,1,5,0,0,0,0,0,4,0,6,0,0,0,0,0,1,0,0,0,3,0,4,0,0,0
1713205,Miracema do Tocantins,20,2,1,0,0,0,7,0,2,0,0,0,17,0,2,0,0,0,25,0,2,0,0,0,22,0,1,0,0,4,11,0,1,2,2,2,18,0,2,1,3,4,14,3,4,6,6,6,10,0,3,2,6,13,17,3,9,0,2,28,14,3,11,2,6,27,28,5,32,7,9,38,18,0,11,9,5,14
1707108,Divinópolis do Tocantins,10,0,2,0,0,0,5,0,0,0,0,0,7,0,2,3,0,0,15,0,9,2,0,0,11,0,9,1,0,0,8,1,7,0,1,0,7,0,7,0,0,0,11,2,12,0,2,0,17,0,9,0,0,1,9,1,13,0,0,1,4,1,18,0,0,0,10,1,26,0,0,0,7,2,19,0,0,0
1721109,Tocantínia,15,0,1,0,0,1,11,0,4,2,1,3,13,0,2,3,0,3,16,0,0,2,0,1,21,0,1,0,0,3,28,0,1,1,0,0,20,0,5,2,1,3,17,1,6,3,1,3,15,1,0,0,3,3,20,0,3,1,2,4,19,1,8,1,0,11,0,1,2,3,0,0,14,0,12,2,2,3
1718758,Rio Sono,12,0,2,0,0,0,6,0,1,0,0,0,5,0,0,0,0,0,6,0,0,0,0,0,4,0,1,0,0,0,11,0,0,0,0,0,8,0,1,0,0,0,4,0,0,0,0,0,7,1,0,1,1,4,8,0,3,0,1,3,4,1,0,0,1,2,0,0,7,1,2,7,7,1,6,0,3,5
1717503,Pium,3,0,1,0,0,0,3,0,0,0,0,1,4,0,1,0,0,0,6,0,2,0,0,2,5,0,0,0,0,0,10,0,0,0,1,0,6,0,0,0,0,0,5,0,4,0,0,2,8,0,11,1,0,1,8,0,2,1,0,1,7,2,6,0,1,0,4,1,12,0,0,0,9,0,11,0,1,0
1713304,Miranorte,7,0,2,0,1,0,10,0,0,0,0,0,8,1,3,0,12,3,16,1,3,0,10,8,18,0,3,0,5,4,12,0,1,0,6,11,14,0,3,1,4,2,11,1,3,0,10,10,11,0,3,2,5,14,9,0,4,0,2,6,3,1,4,0,1,1,2,0,3,0,7,2,6,1,5,1,1,3
1700251,Abreulândia,6,0,1,2,0,0,4,0,0,0,0,0,4,0,0,0,0,0,6,0,0,0,0,0,6,0,0,0,0,0,3,0,2,0,0,1,1,0,0,0,0,0,3,0,0,0,0,0,3,0,0,0,0,0,3,0,0,0,0,0,2,1,0,0,0,0,3,0,2,0,0,1,2,2,2,2,0,0
1703909,Caseara,7,0,0,0,0,0,4,0,4,0,0,0,7,0,7,0,0,0,10,0,4,0,0,0,15,0,1,0,0,0,11,0,2,0,0,0,5,0,8,0,0,0,8,0,9,0,0,2,5,0,4,0,1,6,5,4,16,8,25,20,3,0,6,0,2,1,1,0,6,1,4,3,2,0,5,0,1,2
1718709,Rio dos Bois,2,0,0,0,0,0,0,0,0,0,0,0,3,0,0,0,0,0,1,0,0,0,0,0,7,0,2,0,0,0,3,0,4,0,0,0,3,0,2,0,0,1,3,0,0,0,0,0,1,0,1,0,1,4,2,0,3,0,0,2,0,0,2,0,0,1,0,0,0,0,0,0,5,0,9,1,0,6
1716505,Pedro Afonso,8,0,0,0,0,0,5,0,0,1,0,0,6,0,2,0,0,0,11,0,3,0,0,0,13,0,5,0,0,0,13,2,14,1,1,0,9,1,6,0,0,0,4,0,19,0,2,2,6,1,25,0,5,5,7,2,19,2,5,6,6,0,27,0,4,5,19,1,35,2,4,6,4,0,24,0,2,11
1708254,Tabocão,1,0,0,0,0,0,1,0,0,0,0,0,0,0,0,0,0,0,4,0,0,0,0,0,3,0,1,0,0,0,2,0,1,0,0,0,2,0,2,0,0,0,3,1,2,0,2,6,1,0,2,0,1,3,1,1,0,0,2,4,3,1,2,0,2,1,1,0,4,0,0,1,0,1,8,1,9,12
1712405,Lizarda,3,0,0,0,0,0,3,0,0,0,0,0,6,0,0,0,0,0,2,0,0,0,0,0,7,0,0,0,0,0,6,0,0,0,0,0,4,0,1,0,0,0,3,0,0,0,0,0,8,0,0,0,0,0,8,0,2,0,0,0,9,0,2,0,0,1,5,0,0,0,0,0,10,0,1,0,0,2
1707207,Dois Irmãos do Tocantins,11,1,2,0,0,0,16,0,0,0,0,0,5,0,0,0,0,0,21,0,0,0,0,0,19,1,1,0,0,0,18,1,0,0,0,0,9,1,1,1,1,0,10,0,1,0,0,0,12,0,1,0,0,0,10,1,0,0,0,0,15,0,0,1,0,0,7,0,3,0,3,0,14,1,4,1,1,0
1703305,Bom Jesus do Tocantins,4,0,0,0,0,0,4,0,0,0,0,0,2,0,0,0,0,0,14,0,0,0,0,0,7,0,0,0,0,0,3,0,2,0,0,0,4,0,3,0,0,0,5,0,7,0,1,1,4,0,8,0,1,4,1,0,8,0,4,3,4,0,5,0,1,3,0,0,0,0,0,0,0,0,7,0,0,2
1704105,Centenário,5,0,0,0,0,0,7,0,0,0,0,0,12,0,0,0,0,0,11,0,0,0,0,0,10,0,0,0,0,0,5,0,0,0,0,0,3,0,3,0,0,0,5,0,1,0,0,0,3,0,0,0,1,0,7,0,0,0,0,1,5,0,0,0,0,0,1,0,1,1,0,1,5,2,1,0,0,3
1721257,Tupirama,1,0,0,0,0,0,2,0,1,0,0,0,1,0,0,0,0,0,3,0,4,0,0,0,3,0,1,0,0,0,4,0,1,0,0,0,3,0,9,0,0,0,1,0,2,0,1,1,3,0,5,0,0,0,4,1,2,0,1,3,2,1,5,0,0,0,0,1,0,0,0,0,0,0,2,0,0,2
1708304,Goianorte,4,1,0,0,0,0,6,0,0,0,0,0,10,0,0,0,0,0,11,0,0,0,0,0,14,0,1,0,0,0,10,0,0,0,0,0,8,0,2,0,0,0,6,0,0,1,1,1,7,0,0,0,0,0,2,0,0,0,0,1,3,0,1,0,0,0,7,0,0,0,0,0,9,0,0,0,0,3
1718881,Santa Maria do Tocantins,4,0,0,0,0,0,9,0,0,0,0,0,11,0,1,0,0,0,11,0,1,0,0,0,11,0,3,0,0,0,5,0,2,0,0,0,2,0,5,0,0,0,3,0,6,0,0,0,6,0,3,1,0,0,2,0,3,0,3,1,5,0,8,0,1,1,0,0,1,0,0,0,4,0,10,2,0,0
1716703,Colméia,2,0,0,0,0,0,2,0,0,0,0,0,3,0,0,0,0,0,10,0,0,0,0,0,5,0,0,0,0,0,6,0,0,0,0,0,3,0,0,0,0,0,10,1,3,0,2,1,4,0,2,0,0,1,4,0,0,0,1,0,2,0,1,0,0,2,5,0,0,0,0,0,2,0,2,0,0,0
1701903,Araguacema,15,0,0,0,0,0,11,0,1,0,0,1,14,0,1,0,0,0,16,0,4,0,0,0,9,0,1,0,0,0,10,1,0,0,0,1,11,0,1,0,0,0,11,0,1,0,0,0,14,0,1,0,0,1,4,0,2,0,2,9,3,1,4,0,0,18,5,0,4,0,0,11,10,0,3,0,2,19
1718501,Recursolândia,6,0,0,0,0,0,10,0,0,0,0,0,6,0,0,0,0,0,17,0,0,0,0,0,22,0,0,0,0,0,9,0,1,0,0,0,9,0,2,0,0,0,10,2,1,0,0,3,7,0,0,0,0,0,18,1,2,0,0,0,10,2,2,0,0,0,13,0,2,0,0,1,17,2,3,1,3,8
1718402,Presidente Kennedy,1,0,1,0,0,0,6,0,2,0,0,0,0,1,0,0,0,0,4,1,7,0,0,0,4,0,0,0,0,1,2,0,2,0,0,0,2,0,4,0,0,0,1,0,3,0,1,0,3,0,5,0,0,1,4,0,2,0,0,0,1,0,5,0,0,1,0,2,3,0,0,0,0,2,3,0,0,2
1706001,Couto de Magalhães,5,0,0,0,0,0,3,0,0,0,0,0,9,0,0,0,0,1,13,0,1,0,0,0,7,0,0,0,0,0,5,0,0,0,1,0,9,0,0,0,0,0,4,0,0,0,1,1,4,1,0,0,0,0,4,0,0,0,0,0,3,0,1,0,0,2,0,0,0,0,0,0,5,0,0,0,0,0
1711100,Itaporã do Tocantins,1,0,0,0,0,0,2,0,0,0,0,0,0,0,0,0,0,0,2,0,0,0,0,0,3,0,0,0,0,0,2,0,0,0,0,0,2,0,0,0,0,0,1,0,0,0,0,0,0,0,1,0,0,0,4,0,0,0,0,0,5,1,0,0,0,0,0,0,1,0,0,0,3,1,0,0,0,1
1710508,Itacajá,10,0,2,0,0,0,23,0,0,0,0,0,20,0,1,0,0,0,14,0,1,0,0,0,9,0,0,0,1,0,3,0,4,0,0,0,10,0,2,0,0,1,6,0,0,0,0,0,14,0,2,0,0,0,10,1,0,0,0,0,7,0,4,0,0,0,17,0,4,0,0,2,14,0,4,0,0,1
1703602,Brasilândia do Tocantins,2,0,0,0,0,1,3,0,2,0,0,0,2,0,0,0,0,0,4,0,2,0,0,0,4,0,1,1,0,0,0,0,2,0,0,0,1,0,2,0,0,0,5,0,0,0,0,0,2,0,0,0,0,1,2,0,3,0,0,0,1,0,1,0,0,1,0,1,0,0,0,0,3,1,0,0,0,1
1721307,Tupiratins,2,0,0,0,0,0,5,1,3,0,0,0,3,0,4,0,0,0,4,0,2,0,0,0,3,0,1,0,0,0,1,0,0,0,0,0,2,0,4,0,0,0,1,0,2,0,1,1,1,0,1,0,0,0,0,0,2,0,0,0,0,0,3,0,0,0,1,0,5,0,0,1,0,0,1,0,4,1
1716653,Pequizeiro,4,0,0,0,0,0,8,0,0,0,1,0,9,0,0,0,0,0,7,0,0,0,0,0,8,0,0,0,0,0,9,0,0,0,0,0,3,0,0,0,0,0,8,0,1,0,0,0,3,0,0,0,0,0,4,0,1,0,0,0,5,1,0,0,0,1,0,0,1,1,1,0,3,0,1,0,4,3
1711803,Juarina,5,0,0,0,0,0,2,0,0,0,0,0,2,0,0,0,0,1,6,0,0,0,0,0,4,0,0,0,0,0,4,1,0,0,0,0,2,0,0,0,0,0,4,0,0,0,0,0,3,0,0,0,0,0,5,0,0,0,0,0,3,0,0,0,0,1,0,0,2,0,0,2,2,0,1,0,0,8
1710904,Itapiratins,8,0,2,0,0,0,3,0,0,0,0,1,4,0,0,0,0,0,5,0,0,0,0,0,5,0,1,1,0,0,5,0,1,1,0,1,9,0,1,0,0,0,2,0,2,0,0,0,1,0,0,0,0,0,2,0,0,0,0,0,4,0,2,0,0,0,3,0,3,1,0,4,4,1,10,0,4,8
1703842,Campos Lindos,6,0,0,0,0,0,11,0,0,0,0,0,11,0,1,0,0,0,11,0,0,0,0,0,15,1,0,0,0,0,7,0,0,0,0,1,12,2,0,0,0,1,8,0,0,0,0,0,14,0,0,0,0,0,11,0,0,0,0,1,8,1,4,0,0,2,9,0,9,0,2,0,24,1,13,0,1,2
1705508,Colinas do Tocantins,5,0,5,0,0,1,8,1,5,0,1,0,12,0,9,0,0,0,17,1,5,0,2,0,15,1,6,0,0,1,10,0,9,0,0,2,10,2,17,0,0,1,20,0,12,3,0,2,11,0,13,0,0,1,12,7,11,1,0,2,9,1,15,1,0,8,17,7,20,1,0,15,10,4,11,2,1,13
1703206,Bernardo Sayão,4,1,0,0,0,0,5,0,0,0,1,2,2,1,0,7,3,0,8,0,1,8,6,2,6,1,4,5,7,10,4,2,0,3,5,6,5,1,2,8,7,8,3,1,0,3,2,7,1,0,0,3,1,4,4,0,1,1,2,9,3,1,2,4,5,10,1,2,0,4,4,9,2,3,1,2,11,14
1703057,Bandeirantes do Tocantins,3,0,0,0,0,0,2,0,0,0,0,0,3,0,0,0,0,0,6,0,0,0,0,0,5,0,0,0,0,0,2,0,0,0,0,0,3,0,0,0,0,0,3,1,0,0,0,0,2,1,0,0,0,0,2,0,1,0,0,1,5,0,1,0,0,0,3,3,2,0,0,0,5,0,0,0,0,1
1702307,Arapoema,1,0,0,0,0,0,5,0,0,0,0,0,1,0,0,0,0,0,3,0,0,0,0,1,7,0,0,0,0,0,5,0,1,0,0,1,4,0,1,0,1,0,3,0,0,0,0,2,1,0,1,0,0,0,2,1,0,0,0,0,5,0,1,2,0,12,4,0,0,3,4,8,5,0,4,0,2,8
1709005,Goiatins,17,0,1,0,0,0,15,0,1,0,0,0,21,0,2,0,0,0,31,0,0,0,0,0,26,1,1,0,0,0,23,2,3,0,0,0,33,0,3,0,0,0,28,0,1,0,2,0,24,0,1,0,1,0,15,2,1,1,4,0,11,1,6,0,3,4,18,1,6,1,5,4,27,1,11,2,2,4
1715705,Palmeirante,8,1,2,0,0,0,14,0,1,0,0,0,10,0,1,0,0,0,12,0,5,0,0,0,6,0,5,0,0,1,7,0,1,0,0,1,10,0,2,0,0,3,8,0,3,1,0,0,8,1,2,0,0,1,5,0,4,0,1,0,4,1,3,0,0,3,0,1,3,0,1,0,8,2,16,5,9,5
1714880,Nova Olinda,7,0,2,0,1,2,9,0,2,0,0,0,14,0,1,1,0,0,18,0,0,0,0,1,16,0,1,0,0,1,7,0,2,0,1,2,12,0,6,0,0,1,13,0,1,0,0,3,12,0,4,0,1,2,7,1,2,0,0,1,10,1,8,0,0,2,1,0,0,0,0,0,13,2,5,0,2,7
1703073,Barra do Ouro,2,0,0,0,0,0,8,0,1,0,0,0,2,1,0,0,0,2,6,0,0,0,0,2,5,0,1,0,0,0,6,0,1,0,0,1,4,0,0,0,0,3,11,0,0,0,1,0,6,0,2,0,0,3,7,0,3,1,2,1,2,0,6,0,0,1,3,1,8,1,2,0,7,0,12,4,6,4
1716307,Pau d'Arco,3,0,0,0,0,0,4,0,0,0,0,0,1,0,0,0,0,0,1,0,0,0,0,0,4,1,0,0,0,4,2,0,0,0,0,28,4,0,0,0,0,19,3,0,0,0,8,42,0,1,0,1,16,24,1,0,1,1,18,42,1,0,1,0,7,22,0,0,0,0,3,41,1,0,3,0,7,38
1707702,Filadélfia,3,1,0,0,0,2,5,0,2,0,1,2,3,0,2,0,0,0,7,0,0,0,0,2,4,0,2,0,0,1,1,0,2,0,1,1,6,0,1,0,0,0,3,0,1,0,0,2,3,0,1,0,0,1,4,0,0,0,0,0,0,1,4,0,0,4,1,1,0,0,0,1,7,0,5,1,0,4
1702109,Araguaína,35,4,27,2,25,49,59,15,45,17,36,70,69,19,46,22,28,64,83,20,52,14,45,115,52,23,63,27,49,90,64,15,66,20,51,129,45,37,83,17,35,148,53,22,60,16,63,200,56,28,67,5,50,148,48,33,62,6,47,165,39,52,103,16,66,210,145,74,145,46,75,285,69,65,166,42,61,285
1703883,Carmolândia,1,0,0,0,0,0,2,0,1,2,1,0,5,0,0,0,1,0,2,0,0,0,0,0,1,0,2,0,1,1,2,0,1,1,2,1,4,0,0,0,1,0,2,3,0,0,1,1,0,0,0,0,0,2,1,0,1,0,0,3,1,1,0,0,1,2,1,1,0,1,6,1,1,1,0,1,6,2
1703008,Babaçulândia,12,0,1,0,0,1,8,0,2,0,0,1,17,0,2,0,0,1,11,0,3,1,1,3,13,1,3,0,1,8,15,1,5,1,0,5,15,3,4,0,0,2,11,2,2,0,0,1,14,1,2,1,0,3,8,1,4,0,0,10,11,1,12,4,0,25,3,1,7,6,0,5,20,0,9,2,0,16
1718865,Santa Fé do Araguaia,4,0,1,0,0,1,9,0,0,0,0,2,14,1,0,0,0,0,15,0,1,0,0,1,13,0,1,1,0,3,12,0,0,0,0,1,6,0,0,0,1,1,13,2,0,0,0,2,5,0,0,0,0,1,12,0,0,0,0,0,5,0,0,3,4,4,1,0,1,0,1,0,5,1,2,1,4,1
1713957,Muricilândia,3,0,0,0,0,0,5,0,0,0,0,1,5,0,0,0,1,0,5,0,0,0,0,8,6,0,1,2,0,3,11,1,1,0,0,6,12,0,0,2,1,5,5,1,0,0,0,5,4,0,1,0,0,5,3,0,2,0,0,3,2,1,0,0,0,10,3,0,0,0,0,10,1,0,0,1,1,16
1701309,Aragominas,12,0,0,0,0,1,10,1,1,0,1,1,12,0,0,0,0,0,23,0,0,0,0,1,21,1,2,0,1,2,8,1,0,1,2,1,14,1,0,0,2,2,4,0,1,0,1,2,4,0,1,0,2,1,8,0,1,0,1,4,3,1,1,2,1,3,1,0,0,1,1,1,5,2,1,0,0,5
1722081,Wanderlândia,7,3,7,4,3,15,18,4,6,15,5,18,13,3,7,11,9,26,15,0,4,6,5,2,8,0,3,0,3,4,10,2,5,0,1,6,11,1,4,0,6,1,8,4,3,0,0,5,14,2,2,1,2,4,15,1,5,0,5,5,8,2,14,1,7,9,2,0,4,2,4,0,11,2,13,3,5,6
1706506,Darcinópolis,5,0,6,0,0,0,7,0,3,1,0,0,4,0,1,0,0,0,11,0,0,1,0,0,7,1,7,2,0,2,2,0,9,0,0,4,5,0,3,0,2,1,3,0,8,2,1,4,7,0,8,3,1,2,9,0,11,1,0,5,6,3,21,1,1,2,2,3,16,3,0,7,5,0,22,7,1,2
1702158,Araguanã,2,0,0,0,0,0,3,0,0,0,1,0,3,0,0,0,0,0,6,0,0,0,0,3,4,1,0,0,1,5,2,0,1,0,0,1,7,0,0,0,1,5,5,0,1,0,0,2,1,0,0,0,0,1,3,0,0,0,0,1,0,0,0,0,1,4,1,2,1,1,6,0,4,4,0,10,7,11
1713809,Palmeiras do Tocantins,2,0,0,0,0,0,1,0,0,0,0,0,0,0,0,0,0,0,7,0,0,0,0,0,1,0,0,0,0,0,0,0,0,0,0,0,3,0,1,0,0,0,1,0,0,0,1,0,1,0,0,0,0,0,2,0,0,0,0,0,3,0,2,0,0,0,0,1,0,0,0,1,2,0,1,1,1,0
1717206,Piraquê,7,0,0,0,0,0,3,0,0,0,1,0,3,1,0,1,0,0,5,0,0,0,0,2,6,0,0,1,0,2,1,1,0,1,0,2,3,0,0,0,0,0,5,0,0,0,0,2,2,0,0,1,0,1,5,0,1,0,1,0,4,1,1,0,2,3,0,0,1,0,3,0,8,1,0,1,2,5
1700301,Aguiarnópolis,2,0,0,0,0,0,0,0,0,0,0,0,1,0,0,0,0,0,0,0,3,0,0,1,0,0,0,1,0,0,0,0,2,0,0,0,0,0,0,0,0,0,0,0,2,0,0,0,2,1,2,1,0,0,2,0,4,0,0,0,1,1,1,0,0,2,1,0,2,0,0,0,1,0,7,0,0,0
1720002,Santa Terezinha do Tocantins,0,0,0,0,0,0,1,0,0,0,0,0,2,0,0,0,0,0,3,0,0,0,0,0,0,0,0,0,0,0,0,0,0,0,0,0,0,0,0,0,0,1,0,0,0,0,0,0,2,0,0,0,0,0,1,1,0,0,0,0,1,0,1,0,0,1,0,0,0,0,0,0,1,0,4,1,0,1
1718550,Riachinho,3,0,0,0,0,0,3,0,0,0,0,0,1,0,0,0,1,0,5,0,0,0,1,1,5,2,0,1,3,4,4,0,0,0,0,3,2,1,0,0,2,0,3,0,2,0,0,0,4,0,0,0,0,1,3,1,1,0,0,0,1,2,0,0,1,2,3,0,0,0,0,0,5,0,0,0,0,0
1722107,Xambioá,7,0,0,0,0,0,7,0,0,0,2,0,9,0,0,0,0,0,7,0,2,0,0,0,3,0,0,0,0,0,7,1,0,0,0,0,7,0,1,1,0,2,4,1,1,0,0,1,9,0,0,0,0,2,4,0,0,0,0,0,1,0,0,0,0,2,3,0,0,0,0,0,10,1,2,0,0,1
1701051,Angico,1,0,0,0,0,0,0,0,0,0,0,0,5,0,1,0,0,0,2,0,0,0,0,0,2,0,1,0,1,0,0,0,0,0,0,0,2,0,0,0,0,1,0,1,1,0,0,0,5,0,0,0,0,0,2,0,1,0,0,0,6,0,0,0,0,0,1,0,1,0,0,0,3,1,3,0,5,2
1714302,Nazaré,3,0,0,0,0,0,2,0,0,0,0,0,3,0,0,0,0,0,6,0,0,0,0,0,9,0,1,0,0,0,6,0,1,0,0,0,2,1,1,0,0,0,7,1,3,0,0,0,5,0,0,0,0,0,5,0,1,0,0,0,6,0,0,0,0,0,4,2,1,0,0,0,6,1,1,0,2,1
1712454,Luzinópolis,1,0,0,1,0,0,1,0,0,0,0,0,4,0,0,0,0,0,2,0,0,0,0,0,7,0,0,0,0,0,1,0,0,0,0,0,1,0,0,0,0,1,3,0,0,0,0,0,2,0,1,0,0,0,0,1,0,0,0,0,2,0,0,0,0,0,0,1,0,0,0,0,2,1,0,3,0,0
1721208,Tocantinópolis,18,0,6,0,0,0,13,0,11,3,1,0,25,2,10,8,3,0,24,5,8,0,2,3,17,5,12,13,7,0,16,4,5,6,1,0,6,3,9,14,4,8,8,2,7,3,3,3,15,2,17,1,1,2,18,6,33,1,3,8,15,5,87,4,22,39,36,10,64,23,51,78,19,13,61,6,41,60
1703826,Cachoeirinha,1,0,0,0,0,0,0,0,0,0,0,0,0,0,0,0,0,0,1,0,0,0,0,0,3,0,0,0,1,0,1,0,0,0,0,0,1,0,1,0,0,0,2,0,0,0,0,0,2,0,0,0,0,0,1,0,0,0,0,0,1,0,0,0,0,0,0,0,0,0,0,0,0,0,0,0,2,2
1701002,Ananás,6,0,0,0,0,0,7,1,2,0,0,0,11,0,0,0,0,1,8,0,1,0,0,0,5,0,1,0,0,1,7,0,1,0,0,1,3,0,0,0,0,0,4,0,0,0,1,0,6,0,1,0,0,0,10,0,1,0,0,0,6,0,2,0,1,0,6,0,1,0,2,2,11,0,2,2,1,2
1712801,Maurilândia do Tocantins,3,0,0,0,0,0,1,0,0,0,0,0,1,0,0,0,0,0,0,0,0,0,0,0,2,0,0,0,0,0,0,0,0,0,0,0,3,0,0,0,0,2,1,0,0,0,0,0,1,0,1,0,0,0,4,1,1,0,0,0,5,1,8,0,0,4,1,0,3,0,0,4,7,1,1,0,1,1
1720101,São Bento do Tocantins,6,0,1,0,0,0,5,0,0,0,0,0,2,1,1,0,0,1,7,0,0,0,1,0,3,0,0,0,0,0,6,0,1,0,0,0,3,0,0,0,0,0,4,0,0,0,0,0,4,0,2,0,0,0,5,1,2,0,0,0,8,3,0,0,6,2,6,4,5,2,29,3,11,5,5,6,41,3
1710706,Itaguatins,2,0,0,0,0,1,4,0,0,0,0,0,15,0,0,0,0,0,7,0,0,0,0,0,3,0,0,0,0,0,5,0,0,0,0,0,8,0,0,0,0,0,2,0,0,0,0,0,5,0,0,0,0,0,3,0,0,0,0,0,3,0,0,0,0,0,2,0,0,0,0,3,3,1,2,0,4,6
1702901,Axixá do Tocantins,0,0,0,0,0,0,2,0,0,0,1,0,4,0,0,0,1,0,7,0,0,0,0,0,6,0,0,0,0,0,4,0,0,0,0,0,4,0,0,0,0,0,2,0,0,0,0,0,6,0,0,0,0,1,4,0,0,0,0,0,1,0,0,0,0,0,0,0,0,0,0,0,5,0,0,0,0,0
1720804,Sítio Novo do Tocantins,1,0,0,1,0,0,1,0,0,0,0,0,2,1,0,0,0,0,3,0,0,0,0,0,3,0,0,0,0,0,5,0,0,0,0,0,4,0,0,0,0,0,3,0,0,0,0,0,3,0,0,0,0,0,4,0,0,0,0,0,3,1,0,0,0,0,0,0,0,0,0,0,3,0,2,0,0,0
1720200,São Miguel do Tocantins,1,0,0,0,0,0,6,0,0,0,0,0,3,0,0,0,0,0,1,0,0,0,0,0,5,1,0,0,0,0,4,0,0,0,0,0,4,0,0,0,0,0,6,0,0,0,0,0,4,0,0,0,0,0,7,1,0,0,0,1,4,1,0,0,0,0,0,0,0,0,0,0,10,1,0,0,0,0
1702554,Augustinópolis,3,0,0,0,0,0,1,0,0,0,0,0,3,0,0,0,0,0,0,0,0,0,0,0,0,0,0,0,0,0,1,0,0,0,0,0,3,0,0,1,0,0,1,0,0,0,0,0,2,0,0,0,0,0,0,1,0,0,0,0,2,0,0,0,0,0,37,1,2,0,0,0,4,1,0,0,1,2
1718303,Praia Norte,2,0,0,0,0,0,3,0,0,0,0,0,1,0,0,0,0,0,2,0,0,0,0,0,0,0,0,0,0,0,1,0,0,0,0,0,0,0,0,0,0,0,1,0,0,0,0,0,3,0,0,0,0,0,1,0,0,0,0,0,1,0,0,0,0,1,0,0,0,0,0,0,1,1,1,1,0,0
1702208,Araguatins,15,1,0,0,0,0,18,0,0,0,0,1,16,0,0,0,0,1,23,0,4,0,0,0,44,3,4,0,0,0,24,2,3,4,0,0,14,1,4,0,2,0,17,0,2,0,1,0,16,1,4,1,0,0,18,0,9,0,2,2,28,1,6,1,0,1,14,7,8,20,14,11,23,7,9,12,15,13
1703800,Buriti do Tocantins,0,0,0,0,0,0,0,0,0,0,0,0,0,0,0,0,0,0,1,0,0,0,0,0,1,0,0,0,0,0,0,0,0,0,0,0,1,0,1,0,1,0,2,0,0,0,0,0,0,0,0,0,0,0,0,0,0,0,0,0,2,0,0,0,0,1,1,0,2,1,1,1,5,1,1,1,2,2
1703891,Carrasco Bonito,0,0,0,0,0,0,0,0,0,0,0,0,0,0,0,0,0,0,0,0,0,0,0,0,0,0,0,0,0,0,1,0,0,0,0,0,0,0,0,0,0,0,0,0,0,0,0,0,1,0,0,0,0,0,3,0,0,1,1,0,0,1,0,3,8,0,2,1,0,4,6,4,1,3,0,2,10,2
1718808,Sampaio,0,0,0,0,0,0,1,0,0,0,0,0,0,0,0,0,0,0,0,0,0,0,0,0,0,0,0,0,0,0,0,1,0,0,0,1,0,0,0,0,0,0,0,0,0,0,0,0,0,0,0,1,0,0,2,1,0,0,0,0,0,0,0,0,0,0,0,0,0,0,0,0,2,1,1,2,1,0
1707405,Esperantina,1,0,0,0,0,0,2,0,0,0,0,0,0,0,0,0,0,0,0,0,0,0,0,0,0,0,0,0,0,0,3,0,0,0,0,0,0,0,0,0,0,0,0,0,0,0,0,0,1,0,0,0,0,0,2,0,0,0,0,1,5,0,0,0,0,0,5,0,0,1,0,20,3,0,0,0,1,5
1720309,São Sebastião do Tocantins,0,0,0,0,0,0,3,0,0,0,1,0,0,0,0,0,0,0,0,0,0,0,0,0,2,0,0,0,0,0,0,1,0,0,0,0,0,0,0,0,0,0,1,0,0,0,0,0,1,0,0,0,0,0,2,0,0,0,0,0,3,0,0,0,0,4,0,1,0,0,0,3,0,0,0,0,0,2
1712157,Lavandeira,0,0,0,0,0,0,0,0,0,0,0,0,0,0,1,0,0,0,0,0,2,1,0,0,1,1,0,0,0,0,0,0,0,0,0,0,1,0,4,0,0,0,0,0,0,0,0,0,0,0,0,0,0,0,1,0,1,0,0,0,0,0,2,0,0,0,0,0,1,0,0,0,1,0,5,0,1,2
1702703,Aurora do Tocantins,5,0,3,0,0,0,3,0,1,0,0,0,1,0,1,0,0,0,5,0,0,0,0,0,1,0,6,0,0,0,2,0,8,0,0,0,1,0,10,0,0,0,1,1,6,0,0,0,3,0,7,0,0,0,1,3,22,1,4,6,3,1,16,0,2,3,1,2,20,0,9,0,1,2,23,0,4,1
1717800,Ponte Alta do Bom Jesus,6,0,0,0,0,0,3,0,1,0,0,0,0,1,1,0,1,0,0,0,0,0,0,0,3,0,0,0,0,0,1,0,1,0,0,0,2,0,0,0,0,0,4,1,4,0,0,0,0,1,4,0,0,0,7,0,3,0,0,0,4,0,4,0,0,1,0,0,4,0,0,0,3,1,5,0,0,0
1715259,Novo Jardim,1,0,0,0,0,0,1,0,0,0,0,0,0,0,1,0,0,0,3,0,1,0,1,0,1,0,2,0,1,0,2,0,1,0,0,0,2,1,3,0,1,0,3,0,1,0,1,2,0,0,1,0,1,0,2,1,2,0,1,1,2,0,4,0,2,2,0,0,5,0,2,0,0,2,7,1,0,3
1707009,Dianópolis,4,0,1,0,0,0,7,2,3,0,0,0,8,0,7,3,6,2,11,1,8,2,5,6,8,1,1,4,1,1,6,0,3,1,5,5,6,8,4,1,4,7,8,0,8,4,6,10,7,2,3,1,5,5,9,6,10,1,1,5,5,6,7,2,5,12,15,8,31,2,5,4,12,2,25,0,1,2
1718659,Rio da Conceição,2,0,0,0,0,0,3,0,1,0,0,0,1,0,2,0,0,0,3,0,0,0,0,0,4,0,0,1,0,0,1,0,3,0,0,1,2,1,1,0,0,0,1,0,0,0,0,0,2,1,0,0,1,1,1,0,1,0,0,0,1,0,1,0,0,0,0,0,0,0,0,0,0,2,0,0,1,0
1712702,Mateiros,1,0,1,0,0,2,1,0,0,0,0,0,0,0,0,0,0,0,0,0,0,0,0,0,0,1,2,0,0,1,4,0,0,0,0,0,4,0,1,0,0,0,3,0,1,0,0,0,3,0,0,0,0,0,5,0,1,0,0,0,1,0,1,0,1,0,3,2,7,0,0,0,4,4,11,0,0,0
1709302,Guaraí,4,0,0,0,0,0,12,0,3,0,0,0,17,0,1,0,0,0,16,1,1,0,0,0,20,0,3,0,0,0,10,0,8,0,0,0,10,1,10,0,1,0,11,3,9,4,10,14,14,1,11,9,13,19,11,2,4,2,6,19,6,4,11,2,4,16,17,9,27,11,14,42,8,7,19,4,12,34
