cod_ibge,nome,anes_2008,cirur_2008,clini_2008,ginec_2008,famil_2008,pedi_2008,psiq_2008,radio_2008,sanit_2008,outro_2008,denti_2008,enfer_2008,fisio_2008,fono_2008,nutri_2008,farma_2008,assis_2008,psico_2008,auxil_2008,tecni_2008,anes_2009,cirur_2009,clini_2009,ginec_2009,famil_2009,pedi_2009,psiq_2009,radio_2009,sanit_2009,outro_2009,denti_2009,enfer_2009,fisio_2009,fono_2009,nutri_2009,farma_2009,assis_2009,psico_2009,auxil_2009,tecni_2009,anes_2010,cirur_2010,clini_2010,ginec_2010,famil_2010,pedi_2010,psiq_2010,radio_2010,sanit_2010,outro_2010,denti_2010,enfer_2010,fisio_2010,fono_2010,nutri_2010,farma_2010,assis_2010,psico_2010,auxil_2010,tecni_2010,anes_2011,cirur_2011,clini_2011,ginec_2011,famil_2011,pedi_2011,psiq_2011,radio_2011,sanit_2011,outro_2011,denti_2011,enfer_2011,fisio_2011,fono_2011,nutri_2011,farma_2011,assis_2011,psico_2011,auxil_2011,tecni_2011,anes_2012,cirur_2012,clini_2012,ginec_2012,famil_2012,pedi_2012,psiq_2012,radio_2012,outro_2012,denti_2012,enfer_2012,fisio_2012,fono_2012,nutri_2012,farma_2012,assis_2012,psico_2012,auxil_2012,tecni_2012,anes_2013,cirur_2013,clini_2013,ginec_2013,famil_2013,pedi_2013,psiq_2013,radio_2013,outro_2013,denti_2013,enfer_2013,fisio_2013,fono_2013,nutri_2013,farma_2013,assis_2013,psico_2013,auxil_2013,tecni_2013,anes_2014,cirur_2014,clini_2014,ginec_2014,famil_2014,pedi_2014,psiq_2014,radio_2014,outro_2014,denti_2014,enfer_2014,fisio_2014,fono_2014,nutri_2014,farma_2014,assis_2014,psico_2014,auxil_2014,tecni_2014,anes_2015,cirur_2015,clini_2015,ginec_2015,famil_2015,pedi_2015,psiq_2015,radio_2015,outro_2015,denti_2015,enfer_2015,fisio_2015,fono_2015,nutri_2015,farma_2015,assis_2015,psico_2015,auxil_2015,tecni_2015,anes_2016,cirur_2016,clini_2016,ginec_2016,famil_2016,pedi_2016,psiq_2016,radio_2016,outro_2016,denti_2016,enfer_2016,fisio_2016,fono_2016,nutri_2016,farma_2016,assis_2016,psico_2016,auxil_2016,tecni_2016,anes_2017,cirur_2017,clini_2017,ginec_2017,famil_2017,pedi_2017,psiq_2017,radio_2017,outro_2017,denti_2017,enfer_2017,fisio_2017,fono_2017,nutri_2017,farma_2017,assis_2017,psico_2017,auxil_2017,tecni_2017,anes_2018,cirur_2018,clini_2018,ginec_2018,famil_2018,pedi_2018,psiq_2018,radio_2018,outro_2018,denti_2018,enfer_2018,fisio_2018,fono_2018,nutri_2018,farma_2018,assis_2018,psico_2018,auxil_2018,tecni_2018,anes_2019,cirur_2019,clini_2019,ginec_2019,famil_2019,pedi_2019,psiq_2019,radio_2019,outro_2019,denti_2019,enfer_2019,fisio_2019,fono_2019,nutri_2019,farma_2019,assis_2019,psico_2019,auxil_2019,tecni_2019
1715150,Novo Alegre,0,0,1,0,1,0,0,0,0,0,1,2,0,0,0,0,0,0,2,4,0,0,1,0,1,0,0,0,0,0,1,2,0,0,0,1,0,0,2,3,0,0,1,0,1,0,0,0,0,0,1,2,0,0,0,1,0,0,1,3,0,0,2,0,1,0,0,0,0,0,2,2,0,0,0,1,0,0,0,5,0,0,1,0,1,0,0,0,0,2,2,1,0,0,1,0,0,0,4,0,0,1,0,1,0,0,0,0,1,2,2,0,1,1,0,1,0,5,0,0,1,0,1,0,0,0,0,1,2,2,0,1,1,0,1,0,5,0,0,1,0,2,0,0,0,0,2,2,2,0,0,1,1,1,0,7,0,0,1,0,1,0,0,0,0,2,3,2,0,1,1,1,1,0,8,0,0,0,0,1,0,0,0,0,1,7,2,0,1,1,1,1,0,9,0,0,1,0,1,0,0,0,0,1,8,2,0,1,1,1,1,0,10,0,0,0,0,1,0,0,0,0,2,10,1,0,1,1,1,2,0,10
1715754,Palmeirópolis,0,1,4,0,3,0,0,1,0,0,1,5,2,0,0,1,0,0,2,18,0,2,2,0,2,0,0,0,0,0,1,4,0,0,0,2,0,0,1,21,0,1,2,0,3,0,0,0,0,0,1,4,2,0,0,2,0,0,1,21,0,0,4,0,3,0,0,0,0,0,1,5,1,0,0,2,0,0,0,26,0,0,1,1,3,0,0,0,0,1,4,1,0,0,3,0,0,0,27,0,0,1,1,1,0,0,0,0,2,6,3,0,0,0,1,1,0,24,0,0,1,1,1,0,0,0,0,2,6,3,0,0,0,1,1,0,24,0,0,0,1,3,0,0,0,0,2,6,2,0,0,1,2,1,0,26,0,0,2,1,3,0,0,0,0,3,7,3,0,0,1,2,1,0,28,0,0,3,0,3,0,0,0,0,3,9,4,0,0,1,1,1,0,26,0,0,4,0,3,0,0,0,0,3,9,3,0,0,1,1,1,0,26,0,0,5,0,3,0,0,0,0,3,10,3,0,1,1,1,1,0,25
1705557,Combinado,0,1,2,0,1,0,0,0,0,0,1,2,0,0,0,0,0,0,1,3,0,0,1,0,1,0,0,0,0,0,1,2,1,0,0,2,0,0,1,6,0,0,2,0,1,0,0,0,0,0,1,3,0,0,0,2,0,0,1,9,0,0,1,0,1,0,0,0,0,0,1,2,0,0,0,2,0,0,0,7,0,0,1,0,1,0,0,0,0,1,2,1,0,0,2,0,0,0,6,0,0,1,0,1,0,0,0,0,2,4,2,0,0,2,2,0,0,6,0,0,1,0,1,0,0,0,0,2,4,2,0,0,2,2,0,0,6,0,0,1,0,2,0,0,0,0,2,8,1,0,0,1,1,1,0,6,0,0,1,0,2,0,0,0,0,1,8,1,0,0,1,1,1,0,6,0,0,1,0,2,0,0,0,0,2,8,1,0,0,1,1,1,0,9,0,0,0,0,2,0,0,0,0,2,8,1,0,0,1,1,1,0,8,0,0,0,0,2,0,0,0,0,2,8,1,0,0,1,1,1,0,8
1702000,Araguaçu,1,2,6,2,5,0,0,2,0,0,4,11,2,0,0,3,1,4,4,13,1,2,4,2,4,0,0,1,0,0,4,12,1,0,0,3,2,4,3,12,1,3,5,0,5,0,0,1,0,0,4,17,3,0,1,2,3,6,3,33,1,3,8,1,4,0,0,1,0,0,4,14,3,0,1,5,2,4,0,49,1,3,6,1,4,0,0,1,0,5,13,3,0,2,5,2,3,0,45,1,3,5,1,4,0,0,1,0,5,12,3,0,2,3,3,4,0,51,1,3,5,1,4,0,0,1,0,5,12,3,0,2,3,3,4,0,51,1,3,5,1,4,0,0,1,0,7,15,4,1,2,3,4,5,0,50,1,3,6,1,4,1,0,1,0,7,14,4,1,3,3,4,5,0,49,0,3,7,0,4,1,0,1,0,8,15,3,1,3,3,3,4,0,55,1,3,8,0,4,1,0,2,0,9,15,4,1,2,4,3,3,0,54,1,2,7,1,4,1,0,2,1,9,16,4,1,2,4,3,3,0,53
1711506,Jaú do Tocantins,0,0,0,0,2,0,0,0,0,0,2,2,1,0,0,0,0,0,3,2,0,0,0,0,2,0,0,0,0,0,2,2,1,0,0,0,0,0,3,4,0,0,0,0,2,0,0,0,0,0,2,2,1,0,0,0,0,0,3,4,0,0,0,0,2,0,0,0,0,0,2,2,1,0,0,1,0,0,1,4,0,0,0,0,2,0,0,0,0,2,2,1,0,0,1,0,0,1,5,0,0,2,1,2,0,0,0,0,2,2,1,0,0,0,1,0,1,5,0,0,2,1,2,0,0,0,0,2,2,1,0,0,0,1,0,1,5,0,0,2,1,2,0,0,0,0,2,2,1,0,0,0,1,0,1,5,0,0,2,1,2,0,0,0,0,2,2,1,0,0,0,1,0,1,5,0,0,2,1,2,0,0,0,0,2,3,4,0,0,0,1,2,1,6,0,0,2,1,3,0,0,0,0,2,3,4,0,0,0,1,2,1,6,0,0,1,1,2,0,0,0,0,3,3,3,0,0,0,1,2,1,6
1720978,Talismã,0,0,0,0,1,1,0,0,0,0,2,1,0,0,0,0,0,0,2,3,0,0,0,1,1,1,0,0,0,0,2,1,1,0,0,1,0,0,2,3,0,0,0,1,1,1,0,0,0,0,2,2,1,0,0,1,0,0,2,4,0,0,1,1,1,1,0,0,0,0,2,2,1,0,0,1,0,1,1,4,0,0,2,1,1,1,0,0,0,2,1,1,0,0,1,0,0,1,5,0,0,1,1,1,1,0,0,0,2,2,1,0,0,1,0,0,1,5,0,0,1,1,1,1,0,0,0,2,2,1,0,0,1,0,0,1,5,0,0,2,1,1,1,0,1,0,2,1,2,0,1,1,0,0,0,6,0,0,2,0,1,1,0,1,0,2,1,2,0,1,1,0,0,0,5,0,0,2,1,1,0,0,0,0,3,3,2,0,1,1,0,0,0,5,0,0,2,1,1,0,0,0,0,2,2,3,0,1,3,0,0,1,9,0,0,2,0,1,1,0,0,0,3,2,2,0,0,1,1,0,1,9
1702406,Arraias,10,8,14,5,2,0,0,3,0,2,2,9,2,1,2,3,3,3,2,23,10,8,15,4,2,0,0,3,0,2,2,10,2,1,2,3,3,3,2,31,9,7,15,3,2,0,0,3,0,2,2,10,4,1,2,3,3,3,2,31,6,5,15,1,2,0,0,2,0,2,2,14,4,1,3,3,3,3,0,64,3,4,12,1,2,0,0,1,2,3,17,3,1,3,3,2,2,0,58,2,4,14,1,2,0,0,1,2,3,16,3,1,3,1,2,2,0,57,2,4,14,1,2,0,0,1,2,3,16,3,1,3,1,2,2,0,57,4,5,18,1,2,0,0,4,3,4,19,3,1,3,1,2,2,0,54,4,6,19,1,4,0,0,4,3,6,22,4,1,3,1,2,3,0,55,4,4,17,0,4,0,0,2,3,7,22,3,1,3,1,2,3,0,58,3,1,12,2,5,1,0,1,2,8,23,3,1,3,2,3,3,1,51,3,1,8,2,4,1,0,0,2,8,24,3,1,3,2,1,3,1,51
1720259,São Salvador do Tocantins,0,0,1,0,1,0,0,0,0,0,1,1,0,0,0,0,0,0,1,4,0,0,0,0,1,0,0,0,0,0,1,1,0,0,0,0,0,0,1,5,0,0,1,0,1,0,0,0,0,0,1,1,0,0,0,0,0,0,1,5,0,0,1,0,1,0,0,0,0,0,1,1,1,0,0,0,0,0,0,6,0,0,1,0,1,0,0,0,0,1,1,0,0,0,0,0,0,0,5,0,0,1,0,1,0,0,0,0,1,1,1,0,0,0,0,0,0,9,0,0,1,0,1,0,0,0,0,1,1,1,0,0,0,0,0,0,9,0,0,1,0,1,0,0,0,0,1,3,1,0,0,1,0,1,0,6,0,0,0,0,1,0,0,0,0,1,5,1,0,0,1,0,1,0,12,0,0,0,0,1,0,0,0,0,1,2,2,0,1,0,0,1,0,12,0,0,1,0,1,0,0,0,0,2,2,2,0,1,1,0,0,0,13,0,0,0,0,2,0,0,0,0,1,3,2,0,1,1,0,0,0,11
1700707,Alvorada,0,0,6,0,2,0,0,0,0,1,2,3,1,0,1,2,0,0,3,8,0,0,4,0,2,0,0,0,0,2,3,3,3,2,1,1,1,1,3,7,0,0,9,0,2,0,0,0,0,2,3,7,2,2,1,2,2,3,3,16,0,0,8,0,3,0,0,0,0,2,4,8,2,2,1,3,2,3,2,20,0,0,8,0,3,0,0,0,1,4,10,3,2,1,4,2,3,0,24,0,1,8,1,3,0,0,0,1,6,13,6,2,1,6,2,4,1,20,0,1,8,1,3,0,0,0,1,6,13,6,2,1,6,2,4,1,20,0,1,9,2,3,0,0,0,1,5,11,6,2,1,6,3,3,2,20,0,1,9,1,3,0,0,0,1,6,13,6,2,2,6,3,3,2,20,1,1,11,1,3,1,0,0,1,8,14,6,3,1,6,4,3,2,22,2,2,12,1,4,2,0,0,1,10,15,4,3,0,7,3,4,2,25,2,3,13,1,4,2,0,0,3,8,14,4,2,0,6,3,4,2,24
1720903,Taguatinga,1,2,8,0,5,0,0,1,0,1,5,5,1,0,1,3,1,1,2,25,1,3,7,1,4,0,0,1,0,1,8,13,1,0,2,6,1,1,2,33,2,4,9,3,4,0,0,1,0,1,8,14,1,0,2,4,2,2,2,33,1,3,7,2,5,0,1,1,0,1,8,17,4,0,2,4,3,2,0,36,1,3,8,2,4,0,1,1,1,6,16,4,0,2,5,2,2,0,34,1,1,8,2,5,0,2,1,1,7,19,4,0,0,6,4,2,0,36,1,1,8,2,5,0,2,1,1,7,19,4,0,0,6,4,2,0,36,1,2,10,0,6,0,0,1,2,8,15,4,0,2,3,3,3,0,37,1,2,7,0,4,0,0,1,2,8,17,4,0,2,3,4,3,0,36,1,2,5,0,4,0,0,0,2,8,19,6,0,3,4,3,3,0,27,0,0,6,0,4,0,0,0,0,7,19,3,0,1,5,4,4,0,28,0,0,3,0,3,0,1,0,0,7,21,3,0,1,3,3,4,1,28
1718840,Sandolândia,0,0,0,0,2,0,0,0,0,0,2,2,0,0,0,0,0,0,3,5,0,0,0,0,1,0,0,0,0,0,2,2,0,0,0,0,0,0,3,7,0,0,0,0,2,0,0,0,0,0,2,2,0,0,0,0,0,0,3,10,0,0,0,0,2,0,0,0,0,0,2,3,0,0,0,0,0,0,1,10,0,0,0,0,2,0,0,0,0,2,1,0,0,0,0,0,0,1,9,0,0,0,0,2,0,0,0,0,2,4,0,0,0,1,0,0,1,10,0,0,0,0,2,0,0,0,0,2,4,0,0,0,1,0,0,1,10,0,0,0,0,2,0,0,0,0,2,3,1,0,1,1,1,1,1,11,0,0,0,0,2,0,0,0,0,2,2,1,0,0,1,1,1,1,10,0,0,0,0,2,0,0,0,0,3,2,1,0,0,1,1,1,0,11,0,0,0,0,2,0,0,0,0,2,3,1,0,0,1,1,1,0,11,0,0,0,0,2,0,0,0,0,2,4,1,0,1,1,1,1,0,10
1716208,Paranã,0,0,2,0,2,0,0,0,0,0,1,4,1,0,0,1,0,0,1,17,0,0,4,1,2,0,0,0,0,0,1,4,1,0,0,1,0,0,1,17,0,0,4,1,2,0,0,0,0,0,1,5,1,0,0,1,0,0,1,17,0,0,3,0,2,0,0,0,0,0,1,4,1,0,0,1,0,0,0,16,0,0,3,0,2,0,0,0,0,1,5,1,0,0,1,0,0,0,21,0,0,2,0,3,0,0,0,0,2,11,2,0,1,1,1,0,0,25,0,0,2,0,3,0,0,0,0,2,11,2,0,1,1,1,0,0,25,0,0,4,0,3,0,0,0,0,3,9,2,0,1,1,1,0,1,25,0,0,5,0,4,0,0,0,0,3,8,1,0,1,1,1,0,1,20,0,2,4,0,4,0,0,0,0,3,11,1,0,1,1,2,2,1,25,0,2,5,0,3,0,0,0,0,3,10,2,0,0,2,2,2,1,26,0,1,3,1,3,0,0,0,0,3,11,3,0,0,2,1,2,1,24
1707652,Figueirópolis,0,0,4,0,2,0,0,0,0,0,3,2,1,0,0,3,0,0,2,5,0,0,3,0,2,0,0,0,0,0,3,2,1,0,0,4,0,0,2,5,0,0,3,0,2,0,0,0,0,0,2,5,1,0,0,5,0,0,2,5,0,0,3,0,2,0,0,0,0,0,2,5,1,0,0,5,0,0,0,5,0,0,3,0,2,0,0,0,0,2,5,1,0,0,4,0,0,0,6,0,0,3,0,2,0,0,0,0,3,4,2,0,0,1,0,0,0,7,0,0,3,0,2,0,0,0,0,3,4,2,0,0,1,0,0,0,7,0,0,5,0,2,0,0,0,0,4,7,3,0,0,0,1,1,0,7,0,0,4,0,2,0,0,0,0,4,7,4,0,0,0,1,1,0,7,0,0,4,0,2,0,0,0,0,4,7,4,0,0,0,1,1,0,7,0,0,4,0,2,0,0,0,0,4,7,4,0,0,0,1,1,0,6,0,0,4,0,2,0,0,0,0,3,7,4,0,0,0,1,1,0,6
1720937,Taipas do Tocantins,0,0,0,0,1,0,0,0,0,0,1,1,1,0,0,1,0,0,1,2,0,0,0,0,1,0,0,0,0,0,1,1,1,0,0,1,0,0,1,2,0,0,0,0,1,0,0,0,0,0,1,1,0,0,0,0,0,0,1,2,0,0,0,0,1,0,0,0,0,0,1,1,0,0,0,0,0,0,0,2,0,0,0,0,1,0,0,0,0,1,1,0,0,0,0,0,0,0,2,0,0,0,0,1,0,0,0,0,1,1,0,0,0,0,0,0,0,2,0,0,0,0,1,0,0,0,0,1,1,0,0,0,0,0,0,0,2,0,0,0,0,1,0,0,0,0,1,1,1,0,0,0,0,0,0,2,0,0,0,0,1,0,0,0,0,1,2,1,0,0,1,0,0,0,5,0,0,0,0,1,0,0,0,0,1,1,2,0,0,1,1,1,0,6,0,0,0,0,1,0,0,0,0,1,2,2,0,0,1,1,1,0,6,0,0,0,0,1,0,0,0,0,1,2,2,0,0,0,1,1,0,5
1720853,Sucupira,0,0,0,0,1,0,0,0,0,0,1,1,1,0,0,1,0,0,3,1,0,0,0,0,1,0,0,0,0,0,1,1,1,0,0,1,0,0,2,1,0,0,0,0,1,0,0,0,0,0,1,1,1,0,0,1,0,0,2,1,0,0,0,0,1,0,0,0,0,0,1,1,1,0,0,1,0,0,1,1,0,0,0,0,1,0,0,0,0,1,2,1,0,0,1,0,0,1,1,0,0,0,0,1,0,0,0,0,1,1,1,0,0,1,0,0,0,2,0,0,0,0,1,0,0,0,0,1,1,1,0,0,1,0,0,0,2,0,0,0,0,1,0,0,0,0,1,2,1,0,1,1,0,0,0,4,0,0,0,0,2,0,0,0,0,1,3,1,0,1,1,0,0,0,4,0,0,0,0,1,0,0,0,0,1,1,1,0,1,1,0,0,0,3,0,0,0,0,1,0,0,0,0,1,2,1,0,1,1,0,0,0,3,0,0,0,0,1,0,0,0,0,1,2,1,0,0,1,0,0,0,3
1705607,Conceição do Tocantins,0,0,0,0,1,0,0,0,0,0,2,2,0,0,0,0,0,0,1,7,0,0,2,0,2,0,0,0,0,0,2,3,0,0,0,0,0,0,1,11,0,0,1,0,2,0,0,0,0,0,2,3,0,0,0,0,0,0,1,11,0,0,1,0,2,0,0,0,0,0,2,3,0,0,0,0,0,0,0,11,0,0,2,0,2,0,0,0,0,2,3,0,0,0,0,0,0,0,11,0,0,2,0,2,0,0,0,0,2,4,1,0,0,1,1,0,0,8,0,0,2,0,2,0,0,0,0,2,4,1,0,0,1,1,0,0,8,0,0,2,0,2,0,0,0,0,3,5,1,0,0,1,1,0,0,13,0,0,2,0,2,0,0,0,0,3,3,1,0,0,1,1,1,0,12,0,0,1,0,2,0,0,1,0,4,4,1,0,0,1,1,1,0,14,0,0,0,0,2,0,0,1,0,4,4,2,0,0,1,1,2,0,14,0,0,0,0,2,0,0,1,0,4,5,2,0,0,1,1,2,0,14
1703867,Cariri do Tocantins,0,0,3,0,1,0,0,0,0,0,3,2,1,0,0,2,0,0,1,7,0,0,2,0,1,0,0,0,0,0,2,2,1,0,0,1,0,0,1,7,0,0,2,0,1,0,0,0,0,0,3,2,1,0,0,1,0,0,1,7,0,0,3,0,1,0,0,0,0,0,3,2,1,0,0,1,0,0,0,8,0,0,1,0,1,0,0,0,0,3,2,1,0,0,1,0,0,0,8,0,0,3,0,1,0,0,0,0,3,3,1,0,0,1,1,1,0,10,0,0,3,0,1,0,0,0,0,3,3,1,0,0,1,1,1,0,10,0,0,2,0,2,0,0,0,0,5,3,2,0,0,2,3,2,0,11,0,0,3,0,2,0,0,0,0,4,7,1,0,0,2,2,2,0,10,0,0,3,0,2,0,0,0,0,4,8,1,0,0,3,2,3,0,10,0,0,2,0,2,0,0,0,0,5,8,1,0,0,3,2,3,0,10,0,0,2,0,2,0,0,0,0,6,8,1,0,0,3,2,3,0,9
1708205,Formoso do Araguaia,2,1,6,3,6,2,1,1,0,2,4,13,2,1,1,3,0,2,3,31,3,3,7,3,5,2,1,1,0,2,5,15,2,1,1,3,1,2,3,28,3,3,10,5,5,2,1,1,0,2,5,12,2,1,1,3,0,2,3,29,1,0,6,1,5,1,1,1,0,0,7,14,1,1,1,4,2,3,0,29,1,0,9,1,5,1,1,1,1,7,15,3,2,2,4,3,4,0,30,1,0,8,2,6,1,1,1,1,6,16,3,2,2,3,2,4,0,34,1,0,8,2,6,1,1,1,1,6,16,3,2,2,3,2,4,0,34,0,0,10,1,7,1,1,2,1,8,18,3,2,2,3,3,7,0,39,0,0,9,1,6,1,1,1,0,8,20,3,2,2,3,3,7,0,37,0,0,10,0,6,1,1,0,0,7,20,2,2,2,2,2,8,0,38,0,0,10,0,6,1,1,0,0,7,23,3,2,2,2,3,8,0,40,0,0,4,0,6,1,1,0,0,8,23,3,2,2,3,2,7,0,41
1716604,Peixe,0,1,2,0,4,0,0,0,0,0,4,6,0,0,0,2,0,0,4,13,0,1,4,0,4,0,0,0,0,0,5,6,0,0,0,3,0,0,4,10,0,1,4,0,5,0,0,0,0,0,4,6,0,0,0,3,0,0,4,12,0,1,3,0,3,0,0,0,0,0,5,7,0,0,0,3,0,1,1,21,0,1,5,0,5,0,0,0,0,5,9,0,0,1,2,0,1,1,26,0,2,8,1,4,0,0,0,1,7,11,2,0,0,2,1,1,1,31,0,2,8,1,4,0,0,0,1,7,11,2,0,0,2,1,1,1,31,0,0,4,0,4,0,0,0,0,5,11,2,0,1,2,1,1,2,19,0,0,4,0,4,0,0,0,0,5,12,1,0,1,2,1,1,2,21,1,1,6,1,4,0,0,0,1,7,12,1,0,2,2,1,1,1,26,1,1,4,1,4,0,0,0,1,9,13,3,2,2,2,1,1,0,28,1,1,5,1,4,0,0,0,2,9,14,2,2,3,3,2,2,0,28
1709500,Gurupi,3,11,103,18,20,19,3,14,1,102,59,68,25,6,3,28,8,9,16,117,3,18,122,27,19,30,5,19,1,128,77,69,37,7,4,29,8,12,17,135,3,19,125,26,21,30,6,19,1,116,85,84,38,8,5,30,9,14,19,159,2,18,120,24,21,28,6,22,1,102,92,103,54,9,5,33,13,21,2,279,2,18,134,26,20,27,6,23,100,90,127,58,10,5,34,10,20,2,359,2,18,151,29,23,26,7,25,107,84,128,59,10,4,12,13,26,1,365,2,18,151,29,23,26,7,25,107,84,128,59,10,4,12,13,26,1,365,1,19,160,29,21,22,9,21,108,89,163,68,11,6,20,16,36,1,424,1,18,162,27,27,26,8,20,114,90,169,72,12,6,21,16,45,1,427,1,16,151,29,26,23,8,22,107,97,175,71,11,11,21,23,47,1,438,1,20,172,33,29,25,8,24,110,96,196,68,12,12,22,27,49,1,461,1,20,175,36,29,30,9,23,116,111,209,75,14,14,22,26,54,1,486
1718006,Porto Alegre do Tocantins,0,0,0,0,1,0,0,0,0,0,1,1,0,0,0,1,0,0,1,1,0,0,0,0,1,0,0,0,0,0,1,1,1,0,0,1,0,0,1,1,0,0,0,0,1,0,0,0,0,0,1,1,1,0,0,1,0,0,1,1,0,0,0,0,1,0,0,0,0,0,2,2,2,0,0,1,0,0,0,1,0,0,0,0,1,0,0,0,0,2,2,2,0,0,1,0,0,0,1,0,0,0,0,1,0,0,0,0,3,3,1,0,0,1,0,0,0,3,0,0,0,0,1,0,0,0,0,3,3,1,0,0,1,0,0,0,3,0,0,0,0,1,0,0,0,0,3,3,1,0,0,1,0,0,0,6,0,0,0,0,1,0,0,0,0,3,3,1,0,0,1,0,0,0,6,0,0,0,0,1,0,0,0,0,6,3,2,0,0,1,1,1,0,7,0,0,0,0,1,0,0,0,0,6,3,2,0,0,1,1,1,0,7,0,0,0,0,1,0,0,0,0,4,4,1,0,0,1,1,1,0,6
1720499,São Valério da Natividade,0,0,3,0,2,0,0,0,0,0,4,4,1,0,0,1,0,0,4,6,0,0,2,0,3,0,0,0,0,0,4,4,1,0,0,1,0,0,4,6,0,0,1,0,2,0,0,0,0,0,3,4,1,0,0,1,0,0,4,6,0,0,1,0,2,0,0,0,0,0,3,4,1,0,0,1,0,0,2,6,0,0,1,0,2,0,0,0,0,3,4,1,0,0,1,0,0,2,6,0,0,2,0,2,0,0,0,0,2,5,1,0,0,0,0,0,0,7,0,0,2,0,2,0,0,0,0,2,5,1,0,0,0,0,0,0,7,0,0,1,0,2,0,0,0,0,2,4,3,0,0,0,0,1,0,12,0,0,1,0,2,0,0,0,0,2,8,3,0,0,0,0,1,0,14,0,0,1,0,2,0,0,0,0,2,7,1,0,1,2,0,1,0,13,0,0,1,0,2,0,0,0,0,2,10,1,0,1,1,0,1,0,15,0,0,1,0,2,0,0,0,0,2,8,1,0,1,0,0,2,0,13
1705102,Chapada da Natividade,0,0,0,0,1,0,0,0,0,0,2,1,0,0,0,1,0,0,1,6,0,0,0,0,1,0,0,0,0,0,2,1,0,0,0,1,0,0,1,9,0,0,0,0,1,0,0,0,0,0,2,1,0,0,0,1,0,0,1,8,0,0,0,0,1,0,0,0,0,0,2,1,0,0,0,1,0,0,0,9,0,0,0,0,1,0,0,0,0,2,1,0,0,0,1,0,0,0,10,0,0,0,0,1,0,0,0,0,3,1,0,0,0,1,0,0,0,8,0,0,0,0,1,0,0,0,0,3,1,0,0,0,1,0,0,0,8,0,0,0,0,1,0,0,0,0,4,2,1,0,0,1,0,0,0,7,0,0,0,0,1,0,0,0,0,3,1,1,0,0,1,0,0,0,7,0,0,0,0,1,0,0,0,0,4,3,1,0,0,1,0,0,0,10,0,0,0,0,1,0,0,0,0,2,2,1,0,1,1,0,1,0,10,0,0,0,0,1,0,0,0,0,2,2,1,0,1,0,0,1,0,12
1714203,Natividade,0,0,2,0,4,0,0,0,0,1,3,5,0,0,0,1,0,0,5,13,0,0,2,0,4,0,0,0,0,0,3,7,0,0,0,1,0,0,5,15,0,0,2,0,5,0,0,0,0,0,3,6,0,0,0,1,0,0,5,15,0,0,1,0,4,0,0,0,0,0,3,5,0,0,0,1,0,0,3,14,0,0,2,0,3,0,0,0,0,3,7,0,0,0,2,0,0,2,17,0,0,3,0,4,0,0,0,0,4,7,0,0,0,2,0,0,1,16,0,0,3,0,4,0,0,0,0,4,7,0,0,0,2,0,0,1,16,0,0,1,0,4,0,0,0,0,5,7,0,0,0,3,0,0,1,18,0,0,3,0,4,0,0,0,0,5,8,1,0,0,1,1,0,1,20,0,0,4,0,4,0,0,0,0,4,11,1,0,0,2,1,0,1,23,0,0,5,0,4,0,0,0,0,6,15,2,0,1,2,1,1,1,18,0,0,5,0,4,0,0,0,0,6,15,2,0,1,2,1,1,1,19
1718907,Santa Rosa do Tocantins,0,0,0,0,2,0,0,0,0,0,2,2,0,0,0,0,0,0,3,4,0,0,0,0,2,0,0,0,0,0,2,3,0,0,0,0,0,0,3,4,0,0,0,0,2,0,0,0,0,0,2,3,0,0,0,0,0,0,3,3,0,0,0,0,2,0,0,0,0,0,2,3,0,0,0,0,0,0,0,5,0,0,0,0,2,0,0,0,0,2,3,0,0,0,0,0,0,0,4,0,0,0,0,2,0,0,0,0,2,2,1,0,0,1,0,1,0,7,0,0,0,0,2,0,0,0,0,2,2,1,0,0,1,0,1,0,7,0,0,0,0,2,0,0,0,0,2,4,1,1,0,1,0,1,0,7,0,0,0,0,2,0,0,0,0,3,5,2,1,1,1,1,1,0,7,0,0,0,0,2,0,0,0,1,3,4,2,1,1,0,0,1,0,6,0,0,0,1,2,0,0,0,0,3,5,2,0,1,1,0,1,0,9,0,0,0,0,2,0,0,0,0,3,5,2,0,1,1,0,1,0,17
1700350,Aliança do Tocantins,0,0,4,0,4,0,0,0,0,0,4,5,2,0,0,0,0,0,3,10,0,0,4,0,2,0,0,0,0,0,4,5,2,0,0,0,0,0,3,10,0,0,2,0,4,0,0,0,0,0,4,6,3,0,0,1,1,1,3,12,0,0,2,0,3,0,0,0,0,0,4,5,1,0,0,0,0,0,0,12,0,0,2,0,3,0,0,0,0,4,5,3,0,0,0,0,0,0,13,0,0,2,0,2,0,0,0,0,3,4,3,0,0,1,1,1,0,11,0,0,2,0,2,0,0,0,0,3,4,3,0,0,1,1,1,0,11,0,0,3,0,2,0,0,0,0,3,6,2,0,1,1,1,1,0,14,0,0,1,0,2,0,0,0,0,3,5,2,0,1,1,1,1,0,14,0,0,2,0,2,0,0,0,0,2,3,3,0,0,1,1,1,0,14,0,0,1,0,1,0,0,0,0,2,3,2,0,0,1,1,1,0,13,0,0,2,0,2,0,0,0,0,2,3,2,0,0,1,1,1,0,16
1706258,Crixás do Tocantins,0,0,1,0,1,0,0,0,0,0,2,2,1,0,0,1,0,0,1,3,0,0,1,0,1,0,0,0,0,0,2,2,1,0,0,1,0,0,1,3,0,0,1,0,1,0,0,0,0,0,2,2,1,0,0,1,0,1,1,3,0,0,1,0,1,0,0,0,0,0,4,3,1,0,0,1,0,1,0,6,0,0,1,0,1,0,0,0,0,2,3,1,0,0,1,0,0,0,8,0,0,0,0,1,0,0,0,0,2,3,1,0,0,1,0,0,0,9,0,0,0,0,1,0,0,0,0,2,3,1,0,0,1,0,0,0,9,0,0,1,1,1,0,0,0,0,1,6,2,0,0,1,0,0,0,10,0,0,1,1,1,0,0,0,0,1,6,2,0,0,1,0,0,0,10,0,0,0,0,1,0,0,0,0,1,5,2,0,0,1,1,0,0,10,0,0,1,0,1,0,0,0,0,1,4,2,0,0,1,1,0,0,9,0,0,1,0,1,0,0,0,0,1,4,2,0,0,1,1,0,0,8
1707306,Dueré,0,0,1,0,2,0,0,0,0,0,2,4,1,0,0,0,0,0,3,9,0,0,3,0,2,0,0,0,0,0,3,3,1,0,0,0,0,0,4,8,0,0,3,0,2,0,0,0,0,0,2,3,1,0,0,0,0,0,4,7,0,0,2,0,1,0,0,0,0,0,2,3,3,0,0,1,1,1,2,7,0,0,3,0,1,0,0,0,0,2,3,3,0,0,1,1,2,2,9,0,0,4,0,2,0,0,0,0,3,6,2,0,0,1,2,2,1,11,0,0,4,0,2,0,0,0,0,3,6,2,0,0,1,2,2,1,11,0,0,4,0,2,0,0,0,0,2,6,2,0,0,1,1,1,0,15,0,0,5,0,2,0,0,0,0,2,6,2,0,0,1,1,1,0,17,0,0,5,0,2,0,0,0,0,2,6,2,0,0,1,0,1,0,14,0,0,4,0,2,0,0,0,0,3,6,2,0,1,1,0,1,0,15,0,0,4,0,1,0,0,0,0,3,7,4,0,0,1,0,1,0,13
1700400,Almas,0,0,0,0,1,0,0,0,0,0,1,2,1,0,0,1,0,0,0,5,0,0,1,0,2,0,0,0,0,0,3,5,1,0,0,2,0,0,3,8,0,0,2,0,2,0,0,0,0,0,2,4,1,0,0,1,0,0,3,9,0,0,2,0,2,0,0,0,0,0,2,4,1,0,0,2,0,0,1,8,0,0,2,0,2,0,0,0,0,2,5,1,0,0,1,0,0,1,8,0,0,1,0,3,0,0,1,0,2,4,1,0,0,1,0,0,2,7,0,0,1,0,3,0,0,1,0,2,4,1,0,0,1,0,0,2,7,0,0,1,0,3,0,0,1,3,2,4,1,0,0,1,0,0,1,18,0,0,1,0,5,0,0,1,2,2,7,2,0,0,1,0,0,2,19,0,0,2,0,3,0,0,1,0,4,5,1,0,0,1,0,0,2,16,0,0,2,0,2,0,0,0,0,3,5,1,0,0,1,0,0,2,20,0,0,2,0,3,0,0,0,0,4,7,1,0,0,1,0,0,2,21
1717008,Pindorama do Tocantins,0,0,1,0,2,0,0,1,0,0,1,2,0,0,0,1,0,0,1,5,0,0,1,0,1,0,0,1,0,0,1,2,0,0,0,1,0,0,1,5,0,0,1,0,2,0,0,1,0,0,1,3,0,0,0,1,0,0,1,6,0,0,1,0,3,0,0,1,0,0,2,4,0,0,0,1,0,0,0,6,0,0,1,0,4,0,0,1,0,2,4,0,0,0,1,0,0,0,6,0,0,1,0,1,0,0,0,0,1,4,0,0,0,0,0,0,0,7,0,0,1,0,1,0,0,0,0,1,4,0,0,0,0,0,0,0,7,0,0,2,1,2,0,0,0,0,2,4,1,0,0,0,1,0,0,10,0,0,2,0,2,0,0,0,0,2,6,1,0,0,1,1,0,0,10,0,0,2,0,2,0,0,0,0,2,5,1,0,0,1,1,0,0,11,0,0,2,0,2,0,0,0,0,2,7,1,0,0,1,1,0,0,12,0,0,2,0,2,0,0,0,0,2,7,1,0,0,1,1,0,0,12
1709807,Ipueiras,0,0,0,0,1,0,0,0,0,0,1,1,0,0,0,0,0,0,1,1,0,0,0,0,1,0,0,0,0,0,1,1,0,0,0,0,0,0,1,7,0,0,0,0,1,0,0,0,0,0,1,1,0,0,0,0,0,0,1,5,0,0,0,0,1,0,0,0,0,0,1,1,0,0,0,0,0,0,0,5,0,0,0,0,1,0,0,0,0,1,1,0,0,0,0,0,0,0,7,0,0,0,0,1,0,0,0,0,1,1,1,0,0,1,0,1,0,12,0,0,0,0,1,0,0,0,0,1,1,1,0,0,1,0,1,0,12,0,0,0,0,1,0,0,0,0,1,1,1,0,1,1,0,1,0,12,0,0,0,0,1,0,0,0,0,1,1,1,0,1,1,0,1,0,15,0,0,0,0,1,0,0,0,0,1,3,1,0,0,1,0,1,0,16,0,0,0,0,1,0,0,0,0,1,3,1,0,0,1,0,1,0,14,0,0,0,0,1,0,0,0,0,1,2,1,0,0,1,0,1,0,13
1720655,Silvanópolis,0,0,3,0,2,1,0,0,0,0,2,5,0,0,1,0,0,0,3,10,0,0,3,0,2,1,0,0,0,0,2,4,1,0,1,1,0,0,2,13,0,0,3,0,2,1,0,0,0,0,2,3,0,0,1,1,0,0,2,12,0,0,2,1,2,1,0,0,0,0,2,3,0,0,1,1,0,0,0,13,0,0,2,0,2,1,0,0,0,3,3,0,0,1,2,0,0,0,13,0,0,2,0,2,1,0,0,0,4,6,2,0,1,2,0,1,0,13,0,0,2,0,2,1,0,0,0,4,6,2,0,1,2,0,1,0,13,0,0,2,0,2,1,0,0,0,3,5,2,0,1,2,1,0,0,15,0,0,2,0,2,1,0,0,0,3,4,2,0,1,2,0,1,0,13,0,0,5,0,2,0,0,0,4,3,10,1,0,0,1,2,0,0,15,0,0,3,2,2,0,0,0,5,3,13,1,0,0,1,2,1,0,17,0,0,3,2,2,0,0,0,5,3,13,1,0,0,1,2,1,0,17
1703701,Brejinho de Nazaré,0,1,1,0,3,0,0,0,0,0,2,3,0,0,0,2,0,0,2,11,0,1,3,0,2,0,0,0,0,0,2,5,1,0,0,2,0,0,2,11,0,1,2,0,2,0,0,0,0,0,2,5,1,0,0,2,0,0,2,11,0,0,0,0,3,0,0,0,0,0,2,3,1,0,0,2,0,0,0,11,0,0,1,0,2,0,0,0,0,2,3,1,0,0,2,0,0,0,11,0,0,1,0,2,0,0,0,0,2,3,1,0,0,1,0,0,0,11,0,0,1,0,2,0,0,0,0,2,3,1,0,0,1,0,0,0,11,0,0,1,0,2,0,0,0,0,3,6,2,0,1,1,0,0,0,12,0,0,1,0,2,0,0,1,0,3,6,2,0,1,1,0,0,0,12,0,0,1,0,2,0,0,0,0,2,4,1,0,0,1,1,0,0,17,0,0,1,0,2,0,0,0,0,3,8,1,0,1,1,1,0,0,16,0,0,1,0,2,0,0,0,0,3,7,1,0,1,1,0,0,0,16
1718899,Santa Rita do Tocantins,0,0,0,0,1,0,0,0,0,0,1,2,0,0,0,0,0,0,2,1,0,0,0,0,1,0,0,0,0,0,2,3,0,0,0,0,0,0,3,1,0,0,0,0,0,0,0,0,0,0,2,3,0,0,0,0,0,0,3,1,0,0,0,0,1,0,0,0,0,0,2,3,0,0,0,0,0,0,2,1,0,0,0,0,1,0,0,0,0,2,3,0,0,0,1,0,0,1,2,0,0,0,0,1,0,0,0,0,2,3,1,0,0,1,1,0,1,2,0,0,0,0,1,0,0,0,0,2,3,1,0,0,1,1,0,1,2,0,0,0,0,1,0,0,0,0,1,2,1,0,0,1,1,0,1,3,0,0,0,0,1,0,0,0,0,1,2,1,0,1,1,0,0,1,3,0,0,0,0,1,0,0,0,0,1,2,1,0,0,1,0,1,1,4,0,0,0,0,1,0,0,0,0,1,2,0,0,1,1,1,1,1,4,0,0,0,0,1,0,0,0,0,1,2,1,0,1,1,0,1,0,5
1707553,Fátima,0,0,1,0,1,0,0,0,0,0,3,1,0,0,0,0,0,1,1,6,0,0,1,0,1,0,0,0,0,0,3,1,1,0,0,0,0,1,1,6,0,0,0,0,1,0,0,0,0,0,2,1,1,0,0,0,0,1,1,6,0,0,1,0,1,0,0,0,0,0,2,1,1,0,0,0,0,1,0,6,0,0,1,0,1,0,0,0,0,2,1,1,0,0,0,0,1,0,6,0,0,0,0,1,0,0,0,0,2,2,1,0,0,1,0,0,1,5,0,0,0,0,1,0,0,0,0,2,2,1,0,0,1,0,0,1,5,0,0,1,0,2,0,0,0,0,3,2,1,0,0,1,0,1,0,10,0,0,0,0,2,0,0,0,0,3,2,1,0,0,1,1,1,0,11,0,0,2,0,2,0,0,0,0,3,2,2,0,0,1,2,1,0,11,0,0,2,0,2,0,0,0,0,4,2,2,0,0,1,1,1,0,11,0,0,2,0,2,0,0,0,0,4,5,3,0,0,1,1,1,0,14
1715507,Oliveira de Fátima,0,0,0,0,1,0,0,0,0,0,1,1,0,0,0,0,1,0,1,1,0,0,0,0,1,0,0,0,0,0,1,1,0,0,0,0,1,1,1,1,0,0,0,0,1,0,0,0,0,0,1,1,0,0,0,0,1,1,1,1,0,0,0,0,0,0,0,0,0,0,1,1,0,0,0,0,1,1,0,1,0,0,0,0,1,0,0,0,0,1,1,0,0,0,0,1,1,0,1,0,0,0,0,1,0,0,0,0,1,1,1,0,1,0,1,1,0,1,0,0,0,0,1,0,0,0,0,1,1,1,0,1,0,1,1,0,1,0,0,0,0,1,0,0,0,0,1,1,1,0,0,1,0,0,0,5,0,0,0,0,1,0,0,0,0,1,2,1,0,0,1,0,0,0,7,0,0,0,0,1,0,0,0,0,0,1,0,0,0,1,0,0,0,8,0,0,0,0,1,0,0,0,0,1,2,0,0,0,1,0,0,0,9,0,0,0,0,1,0,0,0,0,1,1,1,0,0,1,0,0,0,3
1711902,Lagoa da Confusão,0,0,2,0,3,0,0,0,0,0,2,4,1,0,0,0,0,0,1,8,0,0,2,0,3,0,0,0,0,0,3,4,1,0,0,5,0,0,1,8,0,0,2,0,5,0,0,0,0,0,3,5,2,0,0,5,0,0,2,8,0,0,4,0,3,0,0,0,0,0,3,6,2,0,0,5,0,0,0,9,0,0,4,0,3,0,0,0,0,3,7,2,1,0,5,0,0,0,10,0,0,1,0,4,0,0,0,0,3,5,1,0,0,4,0,0,1,9,0,0,1,0,4,0,0,0,0,3,5,1,0,0,4,0,0,1,9,0,0,1,0,4,0,0,0,1,3,8,3,1,0,7,1,1,1,13,0,0,2,0,5,0,0,0,0,5,10,2,1,0,7,1,1,1,13,0,0,4,0,3,0,0,0,0,4,9,2,1,0,3,1,1,0,21,0,0,2,0,3,0,0,0,0,4,9,2,1,0,3,1,1,0,20,0,0,2,0,3,0,0,0,0,4,10,3,1,0,3,1,1,0,16
1706100,Cristalândia,0,0,3,1,3,0,0,0,0,0,3,4,3,0,1,3,1,1,2,11,0,0,4,1,3,0,0,0,0,0,3,4,3,0,1,4,1,1,2,11,0,0,4,1,3,0,0,0,0,0,3,4,3,0,1,4,1,0,2,11,0,0,4,2,3,0,0,0,0,0,3,4,3,0,1,4,1,1,0,11,0,0,4,2,3,0,0,0,0,3,4,3,0,0,4,1,1,0,11,0,0,4,0,3,0,0,1,0,3,7,3,0,0,0,1,2,0,15,0,0,4,0,3,0,0,1,0,3,7,3,0,0,0,1,2,0,15,0,0,6,0,3,0,0,1,0,4,5,3,0,1,2,1,1,0,17,0,0,4,0,3,0,0,0,0,4,5,4,0,1,2,1,1,0,17,0,0,4,0,3,0,0,1,0,4,9,1,0,1,2,1,1,0,18,0,0,6,0,3,0,0,1,0,4,9,1,0,1,2,1,1,0,17,0,0,7,0,3,0,1,1,0,4,7,1,0,1,2,1,1,0,20
1715002,Nova Rosalândia,0,0,2,0,1,0,0,0,0,0,1,2,1,0,0,0,0,0,1,13,0,0,2,0,1,0,0,0,0,0,1,2,1,0,0,0,0,0,1,12,0,0,2,0,1,0,0,0,0,0,1,3,1,0,0,0,0,0,1,12,0,0,1,0,2,0,0,0,0,0,2,4,1,0,0,0,0,0,0,14,0,0,2,0,2,0,0,0,0,2,4,1,0,0,0,0,0,0,13,0,0,2,0,2,0,0,0,0,2,4,1,0,0,1,0,1,0,18,0,0,2,0,2,0,0,0,0,2,4,1,0,0,1,0,1,0,18,0,0,2,0,2,0,0,0,0,2,5,1,0,0,1,0,0,0,17,0,0,2,0,3,0,0,0,0,2,5,2,0,0,1,0,0,0,18,0,0,3,0,2,0,0,0,0,2,5,2,0,0,1,0,0,0,18,0,0,4,0,2,0,0,0,0,2,5,1,0,0,1,0,0,0,16,0,0,4,0,2,0,0,0,0,2,6,4,0,0,2,1,1,0,19
1717909,Ponte Alta do Tocantins,0,0,2,0,2,0,0,0,0,0,2,4,0,0,0,1,0,0,2,7,0,0,3,0,2,0,0,0,0,0,2,4,1,0,0,1,0,0,2,7,0,0,2,0,2,0,0,0,0,0,1,4,1,0,0,0,0,0,2,7,0,0,2,0,2,0,0,0,0,0,1,5,1,0,0,0,0,0,0,7,0,0,2,0,2,0,0,0,0,2,4,1,0,0,1,0,0,0,7,0,0,2,0,2,0,0,0,0,2,3,1,0,0,0,1,1,0,8,0,0,2,0,2,0,0,0,0,2,3,1,0,0,0,1,1,0,8,0,0,1,0,2,0,0,0,0,2,4,1,0,1,1,1,0,0,12,0,0,2,0,2,0,0,0,0,2,5,2,0,1,1,1,1,0,16,0,0,2,0,3,0,0,0,0,2,8,2,0,0,2,1,1,0,16,0,0,1,0,2,0,0,0,0,2,6,2,0,0,2,1,1,0,19,0,0,1,0,2,0,0,0,0,2,8,2,0,0,2,1,1,0,18
1718451,Pugmil,0,0,1,0,1,0,0,0,0,0,2,1,1,0,0,1,0,0,1,4,0,0,0,0,1,0,0,0,0,0,2,1,1,0,0,0,0,0,1,4,0,0,0,0,1,0,0,0,0,0,1,1,1,0,0,0,0,0,1,4,0,0,0,0,1,0,0,0,0,0,1,1,0,0,0,0,0,0,0,6,0,0,0,0,1,0,0,0,0,2,2,1,0,0,0,0,1,0,7,0,0,0,0,1,0,0,0,0,2,3,1,0,0,0,1,1,0,7,0,0,0,0,1,0,0,0,0,2,3,1,0,0,0,1,1,0,7,0,0,0,0,1,0,0,0,0,2,3,1,0,0,1,1,1,0,8,0,0,0,0,1,0,0,0,0,2,3,1,0,0,1,1,1,0,8,0,0,0,0,1,0,0,0,0,2,2,1,0,0,1,0,1,0,8,0,0,0,0,1,0,0,0,0,2,2,1,0,0,1,1,1,0,9,0,0,0,0,1,0,0,0,0,2,2,1,0,0,1,1,1,0,10
1713601,Monte do Carmo,0,0,1,0,3,0,0,0,0,0,3,3,1,0,0,1,0,0,2,6,0,0,3,0,2,0,0,0,0,0,2,3,1,0,0,1,0,0,2,9,0,0,3,0,2,0,0,0,0,0,3,5,1,0,0,1,0,0,2,15,0,0,2,0,2,0,0,0,0,0,4,6,1,0,0,1,0,0,0,13,0,0,2,0,2,0,0,0,0,6,5,1,0,0,1,0,0,0,12,0,0,2,0,2,0,0,0,0,4,4,2,0,1,0,0,1,0,23,0,0,2,0,2,0,0,0,0,4,4,2,0,1,0,0,1,0,23,0,0,2,0,2,0,0,0,0,5,5,3,0,1,0,0,1,0,20,0,0,1,0,2,0,0,0,0,4,6,3,0,0,0,0,1,1,19,0,0,1,0,2,0,0,0,0,4,5,3,0,1,0,0,1,1,19,0,0,3,0,2,0,0,0,0,4,6,3,0,0,0,0,1,1,19,0,0,3,0,2,0,0,0,0,4,8,4,0,2,0,0,2,1,21
1719004,Santa Tereza do Tocantins,0,0,0,0,1,0,0,0,0,0,1,1,0,0,0,0,0,0,1,4,0,0,0,0,1,0,0,0,0,0,1,1,0,0,0,0,0,0,1,3,0,0,0,0,1,0,0,0,0,0,1,1,0,0,0,0,0,0,1,3,0,0,0,0,1,0,0,0,0,0,2,1,0,0,0,0,0,0,0,4,0,0,0,0,1,0,0,0,0,2,1,1,0,0,0,0,0,0,10,0,0,0,0,2,0,0,0,0,1,1,2,0,0,0,1,0,0,7,0,0,0,0,2,0,0,0,0,1,1,2,0,0,0,1,0,0,7,0,0,0,0,1,0,0,0,0,2,1,1,0,0,1,1,0,0,7,0,0,0,0,1,0,0,0,0,2,1,1,0,0,0,1,0,0,12,0,0,0,0,1,0,0,0,0,2,1,1,0,0,1,1,0,0,12,0,0,0,0,1,0,0,0,0,1,1,1,0,0,1,1,0,0,15,0,0,0,0,1,0,0,0,0,2,3,1,0,0,2,1,0,0,16
1711951,Lagoa do Tocantins,0,0,0,0,1,0,0,1,0,0,1,1,0,0,0,1,0,0,1,7,0,0,0,0,1,0,0,1,0,0,1,2,0,0,0,1,0,0,1,8,0,0,0,0,1,0,0,0,0,0,1,2,0,0,0,1,0,0,1,10,0,0,0,0,1,0,0,0,0,0,1,2,0,0,0,1,0,0,0,8,0,0,0,0,1,0,0,0,0,1,2,0,0,0,1,0,0,0,8,0,0,0,0,1,0,0,0,0,2,3,1,0,1,1,0,0,0,7,0,0,0,0,1,0,0,0,0,2,3,1,0,1,1,0,0,0,7,0,0,0,0,1,0,0,0,0,1,3,1,0,1,0,0,0,0,11,0,0,0,0,1,0,0,0,0,1,2,1,0,1,0,0,0,0,11,0,0,0,0,1,0,0,0,0,1,4,1,0,1,0,0,0,0,14,0,0,0,0,1,0,0,0,0,1,6,1,0,1,1,0,0,0,15,0,0,0,0,2,0,0,0,0,2,3,2,0,0,1,0,1,0,17
1716109,Paraíso do Tocantins,4,7,31,11,8,7,3,3,0,19,17,39,10,5,4,14,6,10,4,140,5,9,37,16,10,8,3,3,0,22,19,42,18,6,4,21,7,13,4,142,4,11,35,18,11,10,3,3,0,28,22,43,14,6,4,21,9,10,5,165,4,9,33,16,13,8,3,3,0,23,21,50,13,5,4,19,9,9,1,161,4,10,36,16,11,8,3,3,30,26,56,15,6,5,23,11,13,1,221,5,9,52,19,13,8,3,4,32,24,70,16,5,3,10,14,15,1,228,5,9,52,19,13,8,3,4,32,24,70,16,5,3,10,14,15,1,228,4,10,64,19,15,7,3,3,29,24,76,31,6,5,12,13,16,1,235,4,12,66,21,15,8,3,4,29,24,80,27,6,4,10,20,16,1,233,4,10,67,22,15,8,3,4,29,25,84,37,7,5,9,20,19,1,242,4,11,85,23,14,8,3,5,38,33,87,38,6,5,11,19,22,1,246,4,11,84,21,17,8,3,6,39,33,84,34,6,4,13,15,19,1,248
1718204,Porto Nacional,0,15,45,19,12,10,4,5,0,18,24,38,19,5,4,20,8,9,17,124,0,16,40,18,12,14,3,5,0,24,28,44,21,5,3,20,9,9,17,127,0,18,40,17,13,14,3,6,0,24,31,74,22,7,4,22,10,12,16,152,0,15,37,18,15,11,3,6,0,25,35,90,29,6,4,33,13,13,0,194,0,14,39,18,14,10,3,5,22,35,92,34,5,5,31,14,14,0,211,0,18,66,24,15,12,3,6,33,58,118,38,7,7,22,24,18,0,209,0,18,66,24,15,12,3,6,33,58,118,38,7,7,22,24,18,0,209,1,17,90,28,17,11,3,9,44,67,178,47,9,11,24,31,21,0,266,1,14,80,26,16,10,3,8,37,58,171,52,8,9,25,35,13,0,310,1,13,64,19,18,9,3,9,34,63,164,48,8,12,23,33,15,1,338,2,10,80,22,18,14,4,9,38,68,172,50,11,11,24,32,23,1,346,2,13,90,26,20,16,2,12,49,85,179,47,10,13,26,34,24,0,354
1704600,Chapada de Areia,0,0,0,0,1,0,0,0,0,0,1,1,1,0,0,0,0,0,1,1,0,0,0,0,1,0,0,0,0,0,1,1,1,0,0,0,0,0,1,2,0,0,0,0,1,0,0,0,0,0,1,1,1,0,0,1,0,0,1,2,0,0,0,0,1,0,0,0,0,0,1,1,1,0,0,1,0,0,0,4,0,0,0,0,1,0,0,0,0,1,1,1,0,0,1,0,0,0,4,0,0,0,0,1,0,0,0,0,2,1,1,0,0,0,0,0,0,3,0,0,0,0,1,0,0,0,0,2,1,1,0,0,0,0,0,0,3,0,0,1,0,1,0,0,0,0,2,1,1,0,1,1,0,1,0,3,0,0,2,0,1,0,0,0,0,2,1,1,0,1,1,0,1,0,3,0,0,0,0,1,0,0,0,0,1,1,1,0,1,1,0,1,0,5,0,0,0,0,1,0,0,0,0,1,1,1,0,1,1,0,0,0,5,0,0,0,0,1,0,0,0,0,1,1,2,0,1,1,0,1,0,5
1721000,Palmas,61,50,191,73,48,80,15,48,0,462,283,225,124,37,22,90,58,64,53,600,70,44,189,80,48,90,13,48,0,438,309,231,127,38,17,92,48,69,54,637,67,47,210,82,48,99,18,46,0,490,324,281,138,51,31,91,62,88,54,741,68,49,239,90,46,99,16,47,0,516,320,326,152,51,33,99,77,108,8,776,72,52,261,103,49,86,15,49,545,336,360,152,52,38,101,80,114,7,814,76,58,307,108,64,98,16,59,567,361,393,179,63,57,73,136,125,7,948,76,58,307,108,64,98,16,59,567,361,393,179,63,57,73,136,125,7,948,87,63,368,103,78,110,24,68,656,388,612,226,76,64,121,176,163,4,1243,89,62,385,99,102,131,24,72,714,417,829,321,106,101,121,252,227,4,1607,87,65,380,114,122,149,25,79,776,442,935,326,103,100,115,255,232,4,1635,94,66,436,123,119,141,26,90,847,498,1050,318,95,85,135,259,230,3,1716,93,69,424,123,130,147,25,93,895,509,1136,333,90,91,129,257,237,2,1857
1715101,Novo Acordo,0,0,1,0,1,0,0,0,0,0,1,2,0,0,0,0,0,0,2,4,0,0,1,0,1,0,0,0,0,0,1,2,0,0,0,0,0,0,1,5,0,0,1,0,1,0,0,0,0,0,1,2,0,0,0,0,0,0,1,5,0,0,1,0,1,0,0,0,0,0,1,2,0,0,0,0,0,0,0,5,0,0,2,0,1,0,0,0,0,1,3,0,0,0,0,0,0,0,12,0,0,2,0,1,0,0,0,0,1,3,1,0,1,0,0,1,0,12,0,0,2,0,1,0,0,0,0,1,3,1,0,1,0,0,1,0,12,0,0,1,0,2,0,0,0,0,2,4,1,0,0,0,0,1,1,11,0,0,1,0,3,0,0,0,0,2,4,1,0,0,0,0,1,1,12,0,0,0,0,2,0,0,0,0,2,4,1,0,0,0,1,0,0,10,0,0,0,0,2,0,0,0,0,2,4,1,0,0,0,1,0,0,10,0,0,0,0,2,0,0,0,0,2,4,1,0,0,0,1,0,0,10
1720150,São Félix do Tocantins,0,0,0,0,1,0,0,0,0,0,1,1,0,0,0,0,0,0,1,2,0,0,0,0,1,0,0,0,0,0,1,1,0,0,0,0,0,0,1,2,0,0,0,0,1,0,0,0,0,0,1,1,0,0,0,0,0,0,1,2,0,0,0,0,1,0,0,0,0,0,1,1,0,0,0,0,0,0,0,2,0,0,0,0,1,0,0,0,0,2,1,0,0,0,0,0,0,0,2,0,0,0,0,1,0,0,0,0,3,2,0,0,0,0,0,0,0,2,0,0,0,0,1,0,0,0,0,3,2,0,0,0,0,0,0,0,2,0,0,1,1,1,0,0,0,0,2,3,1,0,0,1,0,1,0,2,0,0,1,1,1,0,0,0,0,2,3,1,0,0,0,0,1,0,3,0,0,0,1,1,0,0,0,0,2,3,1,0,0,0,0,0,0,3,0,0,0,0,1,0,0,0,0,2,2,1,0,0,1,0,0,0,2,0,0,0,0,1,0,0,0,0,2,2,1,0,0,1,0,0,0,1
1713700,Monte Santo do Tocantins,0,0,0,0,1,0,0,0,0,0,1,1,0,0,0,0,0,0,1,1,0,0,0,0,1,0,0,0,0,0,1,1,0,0,0,0,0,0,1,1,0,0,0,0,1,0,0,0,0,0,1,1,0,0,0,0,0,0,1,1,0,0,0,0,1,0,0,0,0,0,1,1,0,0,0,0,0,0,0,1,0,0,0,0,1,0,0,0,0,1,1,0,0,0,0,0,0,0,1,0,0,0,0,1,0,0,0,0,1,1,1,0,0,0,1,1,0,1,0,0,0,0,1,0,0,0,0,1,1,1,0,0,0,1,1,0,1,0,0,0,0,1,0,0,0,0,1,1,1,0,0,1,1,1,0,1,0,0,0,0,1,0,0,0,0,1,2,2,0,0,1,1,1,0,4,0,0,1,0,1,0,0,0,0,1,2,2,0,0,1,1,1,0,4,0,0,0,0,1,0,0,0,0,1,1,3,0,0,1,1,1,0,5,0,0,0,0,1,0,0,0,0,1,1,1,0,0,1,1,1,0,5
1701101,Aparecida do Rio Negro,0,0,2,0,1,0,0,0,0,0,2,1,0,0,0,0,0,0,2,1,0,0,1,0,1,0,0,0,0,0,1,2,0,0,0,0,0,0,1,2,0,0,1,0,1,0,0,0,0,0,1,2,0,0,0,0,0,0,1,2,0,0,1,0,1,0,0,0,0,0,1,2,0,0,0,0,0,0,0,2,0,0,1,0,2,0,0,0,0,1,2,0,0,0,0,0,0,0,3,0,0,1,0,2,0,0,0,0,2,3,0,0,0,0,0,0,2,3,0,0,1,0,2,0,0,0,0,2,3,0,0,0,0,0,0,2,3,0,0,0,0,2,0,0,0,0,2,2,1,0,0,1,0,1,1,3,0,0,1,0,2,0,0,0,0,2,2,1,0,0,1,0,1,1,3,0,0,1,0,2,0,0,0,0,2,2,1,0,0,1,0,1,1,6,0,0,1,0,2,0,0,0,0,2,2,1,0,0,1,0,1,1,5,0,0,1,0,2,0,0,0,0,2,2,1,0,1,1,0,1,1,6
1703107,Barrolândia,0,0,4,0,2,0,1,0,0,0,2,3,4,2,1,0,2,2,4,7,0,0,4,0,2,0,0,0,0,1,3,2,5,2,2,1,1,1,3,5,0,0,3,0,2,0,0,0,0,1,3,3,3,2,2,1,1,1,3,8,0,0,3,0,3,0,0,0,0,1,3,5,2,1,1,2,1,1,1,9,0,0,4,0,3,0,0,0,1,3,5,2,1,2,2,1,2,1,8,0,0,4,0,2,0,0,0,1,3,4,3,1,2,2,2,2,1,8,0,0,4,0,2,0,0,0,1,3,4,3,1,2,2,2,2,1,8,0,0,2,0,3,0,0,0,1,2,4,3,1,2,2,2,2,1,10,0,0,2,0,3,0,0,0,1,3,5,3,1,2,2,2,2,1,11,0,0,2,0,2,0,0,0,1,2,5,4,1,1,1,2,2,1,14,0,0,2,0,2,0,0,0,1,3,5,5,1,1,1,3,2,1,14,0,0,3,0,2,0,0,0,1,3,6,5,1,1,2,3,2,1,14
1712009,Lajeado,0,0,1,0,1,0,0,0,0,0,2,3,0,0,0,0,0,0,2,6,0,0,1,0,1,0,0,0,0,0,2,1,0,0,0,0,1,0,2,6,0,0,1,1,1,0,0,0,0,0,2,1,0,0,0,0,1,0,2,7,0,0,1,1,1,0,0,0,0,0,2,1,1,0,0,0,1,0,1,7,0,0,1,1,1,0,0,0,0,2,3,1,0,0,0,1,0,0,23,0,0,1,0,1,0,0,0,0,2,3,1,0,0,0,1,0,0,19,0,0,1,0,1,0,0,0,0,2,3,1,0,0,0,1,0,0,19,0,0,3,0,1,0,0,0,0,3,3,1,0,0,0,1,0,0,18,0,0,3,0,1,0,0,0,0,3,3,1,0,0,0,1,0,0,21,0,0,3,0,1,0,0,0,0,2,3,2,0,0,0,1,0,0,19,0,0,3,0,1,0,0,0,0,4,3,2,0,1,1,1,1,0,19,0,0,3,0,1,0,0,0,0,2,5,1,0,1,1,2,1,0,20
1712504,Marianópolis do Tocantins,0,0,2,0,2,0,0,0,0,0,2,3,1,0,0,0,0,0,1,12,0,0,1,0,2,0,0,0,0,0,1,4,1,0,0,0,0,0,2,14,0,0,1,0,2,0,0,0,0,0,2,2,1,0,0,1,0,0,2,15,0,0,0,0,2,0,0,0,0,0,2,2,1,0,0,1,0,1,0,11,0,0,0,1,5,0,0,0,0,2,2,1,0,0,1,0,1,0,11,0,0,0,0,1,0,0,0,0,2,3,2,0,0,0,1,1,0,14,0,0,0,0,1,0,0,0,0,2,3,2,0,0,0,1,1,0,14,0,0,1,0,2,0,0,0,0,2,2,2,0,0,0,1,1,0,12,0,0,1,0,2,0,0,0,0,2,2,3,0,0,2,1,1,0,12,0,0,1,0,2,0,0,0,0,2,3,2,0,0,1,1,1,0,14,0,0,1,0,2,0,0,0,0,2,3,3,0,0,1,1,1,0,13,0,0,0,0,2,0,0,0,0,2,2,2,0,0,1,1,1,0,13
1713205,Miracema do Tocantins,1,3,14,8,8,8,0,1,0,10,8,25,5,1,7,12,5,3,3,91,1,4,17,10,7,8,0,2,0,14,10,27,11,1,7,9,5,3,3,98,1,8,19,10,9,8,0,3,0,14,11,34,12,1,7,9,5,4,3,126,1,5,24,9,8,8,0,2,0,12,9,38,15,1,7,13,5,5,0,145,0,7,35,9,9,8,0,2,17,9,37,15,1,8,13,5,4,0,145,0,6,39,11,8,4,0,2,13,10,41,13,1,3,8,6,4,0,139,0,6,39,11,8,4,0,2,13,10,41,13,1,3,8,6,4,0,139,0,6,42,11,8,4,1,1,11,18,46,14,1,3,9,8,6,0,142,0,4,40,5,6,3,1,1,9,20,43,13,1,3,9,9,9,0,134,0,2,41,5,8,3,0,1,6,18,48,14,1,2,11,11,9,0,150,0,1,41,7,8,4,2,1,6,18,47,16,1,3,11,11,9,0,154,0,2,42,7,9,4,2,1,8,21,51,16,1,5,11,12,11,0,162
1707108,Divinópolis do Tocantins,0,1,2,1,3,0,0,1,0,1,4,4,1,0,0,1,0,0,4,11,0,0,4,1,3,0,0,1,0,1,4,4,1,0,0,1,0,0,3,11,0,0,4,1,3,0,0,1,0,1,4,5,1,0,0,1,0,0,3,12,0,0,3,1,3,0,0,1,0,1,4,6,1,0,1,1,0,1,0,12,0,0,3,0,2,0,0,0,0,3,6,1,0,1,0,0,1,0,14,0,0,4,0,3,0,0,0,0,4,8,2,0,1,2,1,1,0,18,0,0,4,0,3,0,0,0,0,4,8,2,0,1,2,1,1,0,18,0,0,5,0,2,0,0,0,0,4,8,3,0,1,2,1,1,0,17,0,0,6,0,3,0,0,0,0,3,9,3,0,1,2,1,1,0,18,0,0,6,1,3,0,0,0,0,3,7,3,0,1,1,2,2,0,14,1,0,6,1,3,0,0,0,0,3,8,3,0,1,2,2,2,0,15,1,0,6,1,3,0,0,0,0,3,8,2,0,1,1,1,1,0,16
1721109,Tocantínia,0,0,0,0,3,0,0,0,0,0,2,2,0,0,0,1,0,0,3,10,0,0,0,0,3,0,0,0,0,0,2,2,0,0,0,1,0,0,3,10,0,0,0,0,2,0,0,0,0,0,2,2,0,0,0,1,0,0,3,9,0,0,0,0,1,0,0,0,0,0,2,2,1,0,0,1,0,0,2,16,0,0,0,0,2,0,0,0,0,2,2,1,0,0,2,0,0,2,18,0,1,1,0,2,0,0,0,0,2,3,1,0,0,0,0,0,2,17,0,1,1,0,2,0,0,0,0,2,3,1,0,0,0,0,0,2,17,0,0,1,0,2,0,0,0,0,2,3,1,0,0,0,1,1,2,14,0,0,3,0,2,0,0,0,0,2,4,1,0,0,0,1,1,3,14,0,0,4,0,2,0,0,0,0,4,7,1,0,0,1,1,1,1,31,0,0,4,0,2,0,0,0,0,3,8,1,0,0,1,1,1,1,31,0,0,3,0,2,0,0,0,0,3,8,1,0,0,1,1,1,1,27
1718758,Rio Sono,0,0,2,0,2,0,0,0,0,0,1,3,0,0,0,0,0,0,1,10,0,0,2,0,2,0,0,0,0,0,1,3,0,0,0,0,0,0,1,11,0,0,2,0,2,0,0,0,0,0,1,3,0,0,0,0,0,0,1,11,0,0,1,0,2,0,0,0,0,0,1,3,0,0,0,0,0,0,0,10,0,0,1,0,1,0,0,0,0,2,3,0,0,0,1,0,0,0,10,0,0,1,0,1,0,0,0,0,2,4,1,0,0,2,1,1,1,12,0,0,1,0,1,0,0,0,0,2,4,1,0,0,2,1,1,1,12,0,0,1,0,2,0,0,0,0,2,5,2,0,0,2,1,1,1,13,0,0,1,0,3,0,0,0,0,2,4,2,0,0,2,2,1,1,12,0,0,1,0,2,0,0,0,0,3,5,1,0,1,1,1,1,1,17,0,0,1,0,1,0,0,0,0,2,8,1,0,1,1,1,2,1,14,0,0,1,0,2,0,0,0,0,2,6,1,0,1,1,1,1,1,12
1717503,Pium,1,1,6,1,3,1,0,1,0,1,2,5,1,1,1,3,1,1,2,21,1,0,8,1,2,1,0,1,0,1,2,9,1,1,1,4,1,1,2,23,1,0,8,1,4,1,0,1,0,0,3,8,2,1,1,4,1,1,3,24,1,1,7,0,3,1,0,1,0,1,2,6,1,0,0,2,1,1,0,18,1,1,7,0,3,1,0,1,1,3,6,1,0,0,2,1,1,0,18,1,0,8,1,4,1,0,2,1,3,7,2,0,0,1,2,1,0,18,1,0,8,1,4,1,0,2,1,3,7,2,0,0,1,2,1,0,18,1,1,7,1,3,1,0,2,1,3,8,2,0,1,1,2,2,0,22,1,1,7,1,3,1,0,2,1,3,8,2,0,1,1,2,2,0,24,1,0,8,1,3,1,0,2,0,3,7,2,0,2,1,2,2,0,25,1,0,8,1,3,1,0,2,0,4,8,3,0,2,2,2,2,0,17,1,0,8,0,3,1,0,0,0,4,8,4,0,2,2,2,2,0,19
1713304,Miranorte,0,0,5,0,4,0,0,0,0,0,3,5,1,1,0,3,0,0,2,11,0,0,7,0,4,0,0,0,0,1,3,10,4,2,0,4,1,1,3,15,0,0,7,0,4,0,0,0,0,1,3,12,3,2,0,2,1,1,4,17,0,0,7,0,5,0,0,0,0,1,3,11,3,1,0,2,1,1,2,17,0,0,6,0,4,0,0,1,1,4,13,4,1,0,3,1,1,0,27,0,0,10,0,4,1,0,1,2,6,16,4,1,1,2,1,1,0,32,0,0,10,0,4,1,0,1,2,6,16,4,1,1,2,1,1,0,32,0,0,8,0,4,1,0,1,1,7,14,4,2,1,2,1,1,0,31,0,0,8,0,5,1,0,1,1,7,17,5,3,1,2,2,2,0,31,0,0,6,0,5,1,0,1,1,7,17,5,3,0,1,2,2,0,32,0,0,6,0,6,1,0,1,1,9,20,6,3,1,1,2,2,0,29,0,0,5,0,4,2,0,0,2,8,17,6,2,1,2,2,2,0,28
1700251,Abreulândia,0,0,0,0,1,0,0,0,0,0,1,1,0,0,0,0,0,0,1,3,0,0,0,0,1,0,0,0,0,0,1,1,0,0,0,0,0,0,1,2,0,0,0,0,1,0,0,0,0,0,1,1,0,0,0,0,0,0,2,3,0,0,0,0,1,0,0,0,0,0,1,1,0,0,0,0,0,0,0,2,0,0,0,0,1,0,0,0,0,1,1,0,0,0,0,0,0,0,2,0,0,0,1,1,0,0,0,0,1,1,1,0,0,1,1,1,0,3,0,0,0,1,1,0,0,0,0,1,1,1,0,0,1,1,1,0,3,0,0,0,0,1,0,0,0,0,1,1,1,0,0,1,1,1,0,3,0,0,0,0,1,0,0,0,0,2,2,1,0,0,1,1,1,0,4,0,0,0,0,1,0,0,0,0,2,3,1,0,0,1,1,1,0,6,0,0,0,0,1,0,0,0,0,2,2,1,0,0,1,1,1,0,4,0,0,0,0,1,0,0,0,0,2,3,1,0,0,1,1,1,1,4
1703909,Caseara,0,0,2,0,2,0,0,0,0,0,2,2,0,0,0,0,0,0,2,3,0,0,2,0,2,0,0,0,0,0,2,5,0,0,0,0,0,0,2,6,0,0,2,0,2,0,0,0,0,0,2,5,1,0,0,1,0,0,2,9,0,0,1,0,1,0,0,0,0,0,2,5,0,0,0,0,0,0,0,12,0,0,2,0,1,0,0,0,0,2,5,0,0,0,0,0,0,0,12,0,0,2,0,2,0,0,0,0,3,3,1,0,0,1,1,1,0,11,0,0,2,0,2,0,0,0,0,3,3,1,0,0,1,1,1,0,11,0,0,1,0,2,0,0,0,0,3,4,0,0,0,1,1,0,0,12,0,0,1,0,2,0,0,0,0,3,4,1,0,0,1,1,1,0,12,0,0,1,0,2,0,0,0,0,3,3,1,0,0,1,1,0,0,11,0,0,1,0,2,0,0,0,0,3,3,1,0,0,1,1,0,0,10,0,0,1,0,2,0,0,0,0,3,3,1,0,0,1,1,1,0,10
1718709,Rio dos Bois,0,0,0,0,1,0,0,0,0,0,1,2,0,0,0,0,0,0,2,0,0,0,1,0,1,0,0,0,0,0,1,2,0,0,0,0,0,0,2,0,0,0,1,0,1,0,0,0,0,0,1,2,0,0,0,0,0,0,2,1,0,0,0,0,1,0,0,0,0,0,1,1,0,0,0,0,0,0,1,1,0,0,0,0,1,0,0,0,0,1,2,0,0,0,0,0,0,1,2,0,0,0,0,1,0,0,0,0,1,2,1,0,0,1,0,1,1,2,0,0,0,0,1,0,0,0,0,1,2,1,0,0,1,0,1,1,2,0,0,0,0,1,0,0,0,0,1,1,1,0,1,1,0,1,1,3,0,0,0,0,1,0,0,0,0,1,1,1,0,0,1,0,1,1,3,0,0,0,0,1,0,0,0,0,1,2,2,0,1,1,0,1,1,4,0,0,0,0,1,0,0,0,0,2,2,2,0,0,1,1,1,1,4,0,0,0,0,1,1,0,0,0,2,3,2,0,0,1,1,2,1,4
1716505,Pedro Afonso,0,5,10,0,4,0,0,3,0,1,4,6,1,0,0,1,0,0,2,17,1,5,10,2,4,1,0,2,0,3,5,7,2,0,0,1,0,0,2,18,1,6,18,2,4,2,0,3,0,7,5,14,3,0,1,3,2,1,3,39,1,2,14,2,4,2,0,3,0,7,5,13,3,1,1,5,1,1,0,41,1,2,15,2,4,1,0,3,7,5,13,2,1,1,5,1,1,0,53,1,3,23,3,3,2,0,3,4,7,32,2,1,1,2,3,3,0,61,1,3,23,3,3,2,0,3,4,7,32,2,1,1,2,3,3,0,61,0,2,29,3,5,4,0,4,3,11,31,4,1,1,3,4,3,0,55,0,2,30,3,5,4,0,4,3,12,25,5,1,2,4,4,3,0,53,0,2,31,3,7,5,0,4,3,13,29,6,1,2,4,6,4,0,55,0,4,24,2,7,5,0,4,3,13,29,4,1,1,4,6,4,0,51,0,3,26,2,7,3,0,5,3,15,25,4,1,1,4,5,5,0,54
1708254,Tabocão,0,0,0,1,1,0,0,0,0,0,5,3,0,0,0,1,0,0,1,5,0,0,1,0,1,0,0,0,0,0,4,3,0,0,0,1,0,0,1,7,0,0,1,0,1,0,0,0,0,0,4,3,0,0,0,1,0,0,1,7,0,0,0,0,1,0,0,0,0,0,3,2,0,0,0,1,0,0,0,7,0,0,0,0,1,0,0,0,0,3,2,0,0,0,1,0,0,0,8,0,0,0,0,0,0,0,0,0,4,3,0,0,0,2,0,0,0,10,0,0,0,0,0,0,0,0,0,4,3,0,0,0,2,0,0,0,10,0,0,0,0,2,0,0,0,0,3,6,0,0,1,2,1,1,0,7,0,0,0,0,1,0,0,0,0,3,6,0,0,1,2,1,1,0,7,0,0,1,0,1,0,0,0,0,3,3,1,0,1,1,1,1,0,6,0,0,1,0,1,0,0,0,0,3,5,1,0,0,1,1,1,0,9,0,0,1,0,1,0,0,0,0,3,8,2,0,0,1,1,2,0,6
1712405,Lizarda,0,0,0,0,2,0,0,0,0,0,1,2,0,0,0,0,0,0,2,1,0,0,0,0,3,0,0,0,0,0,1,2,0,0,0,0,0,0,2,3,0,0,0,0,4,0,0,0,0,0,1,2,0,0,0,0,0,0,2,4,0,0,0,0,2,0,0,0,0,0,1,2,0,0,0,0,0,0,1,4,0,0,0,0,1,0,0,0,0,1,2,0,0,0,0,0,0,1,4,0,0,0,0,2,0,0,0,0,2,2,0,0,0,0,0,0,0,6,0,0,0,0,2,0,0,0,0,2,2,0,0,0,0,0,0,0,6,0,0,0,0,1,0,0,0,0,2,2,0,0,0,0,0,0,0,7,0,0,0,0,1,0,0,0,0,2,2,0,0,0,0,0,0,0,5,0,0,0,0,2,0,0,0,0,1,4,1,0,0,0,0,1,0,5,0,0,0,0,2,0,0,0,0,1,3,1,0,0,1,0,2,0,6,0,0,0,0,2,0,0,0,0,1,3,1,0,0,1,0,2,0,6
1707207,Dois Irmãos do Tocantins,0,0,3,0,3,0,0,1,0,0,1,5,0,0,0,2,0,0,3,13,0,0,3,0,3,0,0,1,0,0,1,7,0,0,0,2,0,0,3,13,0,0,3,0,3,0,0,1,0,0,1,6,0,0,0,2,0,0,1,12,0,0,2,0,2,0,0,1,0,0,1,6,0,0,0,2,0,0,0,13,0,0,3,0,3,0,0,1,0,2,6,0,0,0,2,0,0,0,14,0,0,3,0,3,0,0,0,0,3,6,4,0,0,2,1,0,0,14,0,0,3,0,3,0,0,0,0,3,6,4,0,0,2,1,0,0,14,0,0,3,0,3,0,0,1,1,3,7,2,0,2,2,1,1,0,14,0,0,3,0,3,0,0,1,1,4,9,2,0,1,2,1,1,0,14,0,0,3,0,3,0,0,1,1,4,7,2,0,0,2,2,1,0,13,0,0,2,0,2,0,0,0,0,3,7,2,0,0,2,2,1,0,14,0,0,3,0,3,0,0,0,0,4,7,2,0,0,2,2,1,0,15
1703305,Bom Jesus do Tocantins,0,0,0,0,1,0,0,0,0,0,1,1,0,0,0,0,0,0,2,1,0,0,0,0,1,0,0,0,0,0,1,1,0,0,0,0,0,0,1,1,0,0,0,0,1,0,0,0,0,0,1,1,0,0,0,0,0,0,1,1,0,0,0,0,1,0,0,0,0,0,1,2,0,0,0,1,0,0,0,1,0,0,0,0,1,0,0,0,0,1,2,0,0,0,1,0,0,0,1,0,0,0,0,1,0,0,0,0,1,2,0,0,0,1,0,0,0,1,0,0,0,0,1,0,0,0,0,1,2,0,0,0,1,0,0,0,1,0,0,0,0,2,0,0,0,0,1,3,1,0,0,1,0,1,0,3,0,0,0,0,2,0,0,0,0,1,3,1,0,0,1,0,1,0,3,0,0,0,0,2,1,0,0,0,1,3,1,0,0,1,0,2,1,4,0,0,0,0,2,0,0,0,0,1,2,1,0,0,1,1,1,1,3,0,0,0,0,2,0,0,0,0,2,2,1,0,0,1,1,1,2,3
1704105,Centenário,0,0,0,0,1,0,0,0,0,0,1,1,0,0,0,0,0,0,1,4,0,0,0,0,1,0,0,0,0,0,1,1,0,0,0,0,0,0,1,4,0,0,0,0,1,0,0,0,0,0,1,1,0,0,0,0,0,0,1,4,0,0,0,0,1,0,0,0,0,0,1,1,0,0,0,0,0,0,0,4,0,0,0,0,1,0,0,0,0,1,1,0,0,0,1,0,0,0,4,0,0,0,0,1,0,0,0,0,1,1,0,0,0,1,1,1,0,5,0,0,0,0,1,0,0,0,0,1,1,0,0,0,1,1,1,0,5,0,0,0,0,1,0,0,0,0,1,2,1,0,0,0,1,1,0,4,0,0,0,0,1,0,0,0,0,1,2,1,0,0,0,1,1,0,5,0,0,0,0,1,0,0,0,0,1,2,1,0,1,1,1,1,0,4,0,0,0,0,1,0,0,0,0,1,1,1,0,0,1,1,1,0,4,0,0,0,0,1,0,0,0,0,2,2,1,0,0,1,1,1,0,5
1721257,Tupirama,0,0,0,0,1,0,0,0,0,0,1,1,0,0,0,0,0,0,1,2,0,0,0,0,1,0,0,0,0,0,1,1,0,0,0,0,0,0,1,3,0,0,0,0,1,0,0,0,0,0,1,1,0,0,0,0,0,0,1,2,0,0,0,0,1,0,0,0,0,0,1,1,0,0,0,0,0,0,0,5,0,0,0,0,1,0,0,0,0,1,1,0,0,0,1,0,0,0,4,0,0,0,0,1,0,0,0,0,1,1,0,0,0,1,0,0,0,5,0,0,0,0,1,0,0,0,0,1,1,0,0,0,1,0,0,0,5,0,0,0,0,1,0,0,0,0,1,1,0,0,0,1,0,0,0,4,0,0,0,0,1,0,0,0,0,1,1,1,0,0,0,0,0,0,4,0,0,0,0,1,0,0,0,0,1,1,1,0,1,1,1,1,0,4,0,0,0,0,1,0,0,0,0,1,2,1,0,1,1,1,1,0,4,0,0,0,0,1,0,0,1,0,1,2,0,0,1,1,1,1,0,4
1708304,Goianorte,0,0,1,0,2,0,0,0,0,0,1,4,0,0,0,1,0,0,3,1,0,0,2,0,2,0,0,0,0,0,1,4,0,0,0,1,0,0,3,1,0,0,2,0,2,0,0,0,0,0,1,4,0,0,0,1,0,0,3,1,0,0,1,0,1,0,0,0,0,0,1,4,0,0,0,1,0,0,3,2,0,0,1,0,2,0,0,0,0,1,4,0,0,0,1,0,0,2,3,0,0,1,0,1,0,0,0,0,1,4,0,0,0,1,0,0,2,3,0,0,1,0,1,0,0,0,0,1,4,0,0,0,1,0,0,2,3,0,0,1,0,2,0,0,0,0,1,4,1,0,0,1,0,0,1,7,0,0,1,0,1,0,0,0,0,1,5,1,0,0,0,0,1,1,7,0,0,1,0,2,0,0,0,0,1,4,1,0,0,1,0,1,1,7,0,0,1,0,1,0,0,0,0,2,2,1,0,0,1,0,1,1,6,0,0,3,0,2,0,0,0,0,2,4,2,0,0,1,0,1,0,9
1718881,Santa Maria do Tocantins,0,0,0,0,1,0,0,0,0,0,2,1,0,0,0,0,0,0,2,0,0,0,0,0,1,0,0,0,0,0,1,1,0,0,0,0,0,0,2,2,0,0,0,0,1,0,0,0,0,0,1,1,0,0,0,0,0,0,2,3,0,0,0,0,1,0,0,0,0,0,1,1,0,0,0,0,0,0,1,3,0,0,0,0,1,0,0,0,0,1,1,1,0,0,0,0,0,1,5,0,0,1,0,1,0,0,0,0,1,1,1,0,0,0,0,0,1,4,0,0,1,0,1,0,0,0,0,1,1,1,0,0,0,0,0,1,4,0,0,1,0,1,0,0,0,0,1,2,1,0,0,1,1,1,1,3,0,0,0,0,1,0,0,0,0,1,1,1,0,0,1,1,1,1,3,0,0,1,0,1,0,0,0,0,1,1,1,0,0,1,1,1,1,5,0,0,1,0,1,0,0,0,0,2,1,1,0,0,1,1,1,1,6,0,0,1,0,1,0,0,0,0,2,1,1,0,0,1,1,1,1,6
1716703,Colméia,0,0,3,1,4,0,0,0,0,1,2,5,4,2,0,2,1,1,5,4,0,0,4,0,3,0,0,0,0,1,2,6,2,1,0,1,1,1,5,4,0,0,6,1,4,0,0,0,0,1,2,6,1,1,0,1,1,1,4,3,0,0,6,1,3,0,0,1,0,1,2,10,1,1,0,1,1,1,1,7,0,0,4,1,4,0,0,1,1,3,6,1,1,0,1,1,1,0,7,0,0,4,0,4,0,0,1,1,3,8,1,0,0,1,1,1,0,12,0,0,4,0,4,0,0,1,1,3,8,1,0,0,1,1,1,0,12,0,0,3,0,4,0,0,1,1,4,6,1,0,0,1,1,1,0,15,0,0,5,0,4,0,0,1,1,4,8,1,0,0,3,1,1,0,18,0,0,8,0,4,0,1,1,1,5,9,2,0,1,2,3,2,0,19,0,0,6,0,4,0,1,1,1,6,10,2,0,1,2,3,2,0,19,0,0,4,0,4,0,0,1,1,6,12,2,0,1,2,3,2,0,14
1701903,Araguacema,0,1,3,0,2,0,0,1,0,0,2,3,1,0,0,2,1,0,2,12,0,0,2,0,2,0,0,0,0,0,2,4,0,0,0,2,0,0,2,13,0,1,3,0,2,0,0,2,0,0,1,4,0,0,0,2,0,0,1,10,0,1,1,0,1,0,0,1,0,0,2,5,0,0,0,1,0,0,0,13,0,1,1,0,2,0,0,1,0,2,5,0,0,0,1,0,0,0,13,0,1,1,0,2,0,0,1,0,2,6,1,0,0,0,0,1,0,14,0,1,1,0,2,0,0,1,0,2,6,1,0,0,0,0,1,0,14,0,1,2,0,3,0,0,1,0,2,6,1,0,0,1,0,1,1,14,0,1,2,1,3,0,0,1,0,2,6,2,0,0,1,0,2,1,14,0,1,5,1,3,0,0,1,0,3,5,2,0,0,1,0,1,0,14,0,1,4,1,3,0,0,1,0,3,5,2,0,0,1,0,1,0,14,0,0,4,1,3,0,0,1,0,3,5,2,0,0,1,0,1,0,14
1718501,Recursolândia,0,0,0,0,1,0,0,0,0,0,1,1,0,0,0,0,0,0,1,1,0,0,0,0,1,0,0,0,0,0,1,1,0,0,0,0,0,0,1,3,0,0,0,0,2,0,0,0,0,0,1,1,0,0,0,0,0,0,1,3,0,0,0,0,1,0,0,0,0,0,1,1,0,0,0,0,0,0,0,2,0,0,0,0,1,0,0,0,0,1,1,0,0,0,0,0,0,0,2,0,0,1,0,1,0,0,0,0,1,2,0,0,0,0,0,0,0,1,0,0,1,0,1,0,0,0,0,1,2,0,0,0,0,0,0,0,1,0,0,0,0,2,0,0,0,0,1,2,0,0,0,1,0,0,0,5,0,0,0,0,2,0,0,0,0,1,2,1,0,0,1,0,0,0,6,0,0,0,0,3,0,0,0,0,1,2,1,0,0,1,0,0,0,6,0,0,0,0,2,0,0,0,0,1,2,1,0,1,1,1,2,0,6,0,0,0,0,2,0,0,0,0,1,2,1,0,1,1,3,2,0,7
1718402,Presidente Kennedy,0,1,4,1,1,0,0,0,0,0,1,2,0,0,0,1,0,0,1,11,0,3,5,2,1,1,0,0,0,0,1,4,0,0,0,1,0,0,1,11,0,2,2,0,2,0,0,0,0,0,1,4,0,0,0,1,0,0,1,12,0,1,1,1,2,0,0,0,0,0,2,4,0,0,0,1,0,0,0,11,0,1,1,1,2,0,0,0,0,3,4,0,0,0,1,0,0,0,11,0,1,1,1,2,0,0,0,0,2,4,0,0,0,0,0,0,0,10,0,1,1,1,2,0,0,0,0,2,4,0,0,0,0,0,0,0,10,0,0,0,0,2,0,0,0,0,2,3,2,0,1,0,0,1,0,10,0,0,0,0,2,0,0,0,0,2,4,2,0,1,0,0,1,0,12,0,0,0,0,2,0,0,0,0,3,5,2,0,1,0,0,1,0,12,0,0,0,0,2,0,0,0,0,3,4,3,0,1,1,0,2,0,12,0,0,0,0,3,0,0,0,0,3,5,3,0,1,1,0,1,0,12
1706001,Couto de Magalhães,0,0,1,0,2,0,0,0,0,0,1,5,0,0,0,2,0,0,3,3,0,0,1,0,3,0,0,0,0,0,1,5,1,0,0,2,0,0,3,3,0,0,1,0,2,0,0,0,0,0,2,5,1,0,0,2,0,0,4,3,0,0,1,1,1,0,0,0,0,0,2,4,1,0,0,2,0,0,2,3,0,0,2,1,2,0,0,0,0,2,5,2,0,0,2,0,0,2,3,0,0,2,1,2,0,0,0,0,2,5,1,0,0,1,0,1,2,2,0,0,2,1,2,0,0,0,0,2,5,1,0,0,1,0,1,2,2,0,0,3,1,2,0,0,0,0,3,5,1,0,0,0,0,1,2,2,0,0,3,0,2,0,0,0,0,3,6,1,0,1,0,0,1,2,3,0,0,1,0,2,0,0,0,0,3,5,1,0,0,0,0,1,2,3,0,0,1,0,2,0,0,0,0,3,5,1,0,0,0,0,1,2,3,0,0,1,0,2,0,0,0,0,4,5,1,0,0,0,0,1,1,5
1711100,Itaporã do Tocantins,0,0,1,0,1,0,0,0,0,0,1,1,0,0,0,0,0,0,2,5,0,0,1,0,1,0,0,1,0,0,1,1,0,0,0,0,0,0,2,5,0,0,1,0,1,0,0,1,0,0,1,3,0,0,0,0,0,0,2,5,0,0,1,0,1,0,0,1,0,0,1,3,0,0,0,0,0,0,1,5,0,0,1,0,1,0,0,1,0,1,3,0,0,0,0,0,0,1,5,0,0,1,0,1,0,0,1,0,1,2,1,0,0,1,0,1,1,8,0,0,1,0,1,0,0,1,0,1,2,1,0,0,1,0,1,1,8,0,0,1,0,1,0,0,1,0,1,3,1,0,0,1,0,1,1,9,0,0,0,0,1,0,0,1,0,1,3,1,0,0,1,0,1,1,9,0,0,0,0,1,0,0,0,0,2,3,1,0,0,2,1,1,1,5,0,0,0,0,1,0,0,0,0,1,3,1,0,0,1,1,1,1,4,0,0,1,0,1,0,0,0,0,1,6,1,0,0,1,1,1,1,10
1710508,Itacajá,0,1,3,1,4,0,0,0,0,0,3,6,0,0,0,1,0,0,4,4,0,1,2,0,2,0,0,0,0,0,3,4,0,0,0,1,0,0,4,13,0,1,1,0,2,0,0,0,0,0,4,4,0,0,0,2,0,0,4,13,0,0,1,0,1,0,0,0,0,0,4,6,0,0,0,2,0,0,1,13,0,0,4,0,3,0,0,0,0,4,7,0,0,0,4,0,0,1,11,0,0,3,0,3,0,0,0,0,4,5,1,0,0,0,0,0,1,11,0,0,3,0,3,0,0,0,0,4,5,1,0,0,0,0,0,1,11,0,0,3,0,3,0,0,0,0,4,8,1,0,1,0,1,0,1,20,0,0,3,0,3,0,0,1,0,4,7,2,0,1,0,1,0,1,21,0,0,5,0,3,0,0,1,0,4,10,1,0,1,1,1,0,1,21,0,0,4,0,3,0,0,1,0,5,12,1,0,1,1,1,1,1,25,0,0,5,0,3,0,0,1,0,5,12,1,0,1,1,1,1,1,25
1703602,Brasilândia do Tocantins,0,0,0,0,1,0,0,0,0,0,2,1,0,0,0,1,0,0,1,1,0,0,0,0,1,0,0,0,0,0,1,3,1,0,0,1,0,0,1,3,0,0,0,0,1,0,0,0,0,0,1,3,1,0,0,1,0,0,1,3,0,0,0,0,1,0,0,0,0,0,2,3,1,0,0,1,0,0,0,4,0,0,0,0,1,0,0,0,0,2,3,1,0,0,1,0,0,0,4,0,0,0,0,1,0,0,0,0,1,4,1,0,1,0,0,1,0,3,0,0,0,0,1,0,0,0,0,1,4,1,0,1,0,0,1,0,3,0,0,0,0,0,0,0,0,0,2,4,1,0,1,0,1,1,0,3,0,0,0,0,1,0,0,0,0,2,4,1,0,1,0,1,1,0,3,0,0,0,0,1,0,0,0,0,2,3,1,0,1,0,2,1,0,4,0,0,0,0,1,0,0,0,0,2,3,1,0,1,0,1,1,0,5,0,0,0,0,1,0,0,0,0,2,4,1,0,1,0,1,1,0,5
1721307,Tupiratins,0,0,0,0,1,0,0,0,0,0,1,1,0,0,0,0,0,0,2,3,0,0,0,0,1,0,0,0,0,0,2,1,0,0,0,0,0,0,2,4,0,0,0,0,1,0,0,0,0,0,1,1,0,0,0,0,0,0,2,4,0,0,0,0,1,0,0,0,0,0,1,1,0,0,0,0,0,0,1,4,0,0,0,0,1,0,0,0,0,1,1,0,0,0,0,0,0,1,4,0,0,0,0,1,0,0,0,0,1,1,1,0,0,1,0,1,1,3,0,0,0,0,1,0,0,0,0,1,1,1,0,0,1,0,1,1,3,0,0,0,0,1,0,0,0,0,1,1,2,0,0,1,0,1,0,4,0,0,0,0,1,0,0,0,0,1,1,2,0,0,1,0,1,0,4,0,0,0,0,1,0,0,0,0,1,1,1,0,0,2,0,1,0,7,0,0,0,0,1,0,0,0,0,2,1,1,0,0,2,0,1,0,7,0,0,0,0,1,0,0,0,0,2,1,1,0,0,2,0,1,0,8
1716653,Pequizeiro,0,0,0,0,2,0,0,0,0,0,1,2,0,0,0,1,0,0,3,0,0,0,1,0,2,0,0,0,0,0,1,2,0,0,0,1,0,0,2,1,0,0,1,0,2,0,0,0,0,0,1,3,0,0,0,1,0,0,1,3,0,0,1,0,2,0,0,0,0,0,2,3,0,0,0,1,0,1,0,7,0,0,1,0,2,0,0,0,0,2,3,0,0,0,1,0,1,0,9,0,0,2,1,2,0,0,1,1,2,4,1,0,0,1,2,2,0,9,0,0,2,1,2,0,0,1,1,2,4,1,0,0,1,2,2,0,9,0,0,1,1,2,0,0,1,1,2,6,1,0,0,1,2,2,0,12,0,0,1,1,3,0,0,0,1,2,5,1,0,0,1,2,2,0,12,0,0,1,1,2,0,0,0,1,3,5,1,0,0,1,2,2,0,15,0,0,1,1,2,0,0,0,1,2,6,2,0,0,1,2,2,0,16,0,0,1,1,2,0,1,0,1,3,7,2,0,0,1,2,2,0,18
1711803,Juarina,0,0,0,0,1,0,0,0,0,0,2,2,0,0,0,0,0,0,2,0,0,0,0,0,1,0,0,0,0,0,2,1,0,0,0,0,0,0,3,5,0,0,0,0,1,0,0,0,0,0,2,1,0,0,0,0,0,0,3,5,0,0,0,0,1,0,0,0,0,0,2,1,0,0,0,0,0,0,1,2,0,0,0,0,1,0,0,0,0,2,1,0,0,0,0,0,0,1,2,0,0,0,0,1,0,0,0,0,2,2,0,0,0,0,1,1,1,2,0,0,0,0,1,0,0,0,0,2,2,0,0,0,0,1,1,1,2,0,0,0,0,1,0,0,0,0,2,2,1,0,0,0,1,1,1,6,0,0,0,0,1,0,0,0,0,3,1,1,0,0,0,1,1,1,5,0,0,0,0,1,0,0,0,0,2,2,1,0,0,0,1,1,1,4,0,0,0,0,1,0,0,0,0,2,2,1,0,0,0,1,1,1,4,0,0,0,0,1,0,0,1,0,2,2,1,0,0,0,1,1,1,4
1710904,Itapiratins,0,0,0,0,2,0,0,0,0,0,2,2,0,0,0,0,0,0,3,1,0,0,0,0,2,0,0,0,0,0,2,2,0,0,0,0,0,0,3,1,0,0,0,0,2,0,0,0,0,0,2,2,0,0,0,0,0,0,3,1,0,0,0,0,2,0,0,0,0,0,2,2,0,0,0,0,0,0,1,1,0,0,0,0,2,0,0,0,0,2,2,0,0,0,0,0,0,1,1,0,0,0,0,2,0,0,0,0,2,2,1,0,0,0,0,1,1,4,0,0,0,0,2,0,0,0,0,2,2,1,0,0,0,0,1,1,4,0,0,0,0,2,0,0,0,0,2,2,1,0,0,0,0,1,1,4,0,0,0,0,2,0,0,0,0,2,2,1,0,0,2,0,1,1,6,0,0,0,0,2,0,0,0,0,2,2,1,0,0,1,0,1,1,6,0,0,0,0,2,0,0,0,0,2,2,1,0,0,0,0,1,1,6,0,0,1,0,2,0,0,0,0,2,2,0,0,0,1,0,1,1,6
1703842,Campos Lindos,0,0,1,0,2,0,0,0,0,0,1,2,0,0,0,2,0,0,1,3,0,0,1,0,2,0,0,0,0,0,1,2,0,0,0,0,0,0,1,3,0,0,0,0,1,0,0,0,0,0,1,2,0,0,0,0,0,0,1,3,0,0,0,0,2,0,0,0,0,0,1,2,0,0,0,0,0,0,0,3,0,0,0,0,1,0,0,0,0,2,3,0,0,0,0,0,0,0,3,0,0,0,0,2,0,0,0,0,2,3,0,0,0,0,0,0,0,3,0,0,0,0,2,0,0,0,0,2,3,0,0,0,0,0,0,0,3,0,0,0,0,3,0,0,0,0,2,3,1,0,0,1,1,0,0,11,0,0,0,0,3,0,0,0,0,2,4,1,0,0,0,1,1,0,12,0,0,0,0,3,0,0,0,0,2,4,1,0,0,0,1,1,0,12,0,0,0,0,4,0,0,0,0,2,4,1,0,0,1,1,1,0,12,0,0,0,0,3,0,0,0,0,3,4,1,0,0,2,1,1,0,14
1705508,Colinas do Tocantins,0,2,9,1,10,3,1,2,0,2,16,13,7,2,2,17,2,2,7,57,0,2,11,1,10,3,1,3,0,3,20,19,7,2,2,17,3,2,14,70,0,2,12,1,10,3,1,3,0,3,20,18,4,2,2,12,2,2,13,66,0,2,15,1,10,3,1,3,0,3,26,21,7,2,3,13,5,5,2,67,0,2,14,1,10,3,1,2,4,43,23,7,1,3,14,6,5,3,66,0,2,13,1,12,3,1,2,5,48,21,7,1,3,6,7,5,5,65,0,2,13,1,12,3,1,2,5,48,21,7,1,3,6,7,5,5,65,0,1,16,2,11,2,3,3,10,52,28,12,5,4,6,11,10,6,69,0,1,20,2,11,2,1,3,12,57,25,13,5,4,6,10,11,6,69,0,2,24,2,11,3,1,7,15,50,31,9,6,4,5,10,15,9,65,0,1,17,2,12,3,3,7,17,50,27,8,5,3,7,11,14,6,73,0,1,19,2,14,3,1,8,17,50,28,8,6,3,9,12,16,4,72
1703206,Bernardo Sayão,0,0,0,0,2,0,0,0,0,0,1,2,0,0,0,0,0,0,3,2,0,0,0,0,2,0,0,0,0,0,1,2,0,0,0,0,0,0,3,1,0,0,0,0,2,0,0,0,0,0,1,2,0,0,0,0,0,0,3,1,0,0,0,0,2,0,0,0,0,0,1,4,0,0,0,0,0,0,2,1,0,0,0,0,2,0,0,0,0,1,3,0,0,0,0,0,0,0,2,0,0,0,0,0,0,0,0,0,1,3,1,0,0,0,0,0,0,3,0,0,0,0,0,0,0,0,0,1,3,1,0,0,0,0,0,0,3,0,0,0,0,2,0,0,0,0,1,2,1,0,0,0,1,1,0,3,0,0,0,0,2,0,0,0,0,1,3,1,0,0,0,1,1,0,3,0,0,0,0,2,0,0,0,0,1,2,2,0,0,2,1,0,0,6,0,0,0,0,2,0,0,0,0,1,2,2,0,1,2,0,0,0,5,0,0,1,0,2,0,0,0,0,3,5,1,0,1,2,0,0,0,5
1703057,Bandeirantes do Tocantins,0,0,1,0,0,0,0,0,0,0,1,2,0,0,0,0,0,0,0,1,0,0,1,0,1,0,0,0,0,0,1,1,0,0,0,0,0,0,1,1,0,0,1,0,1,0,0,0,0,0,1,1,0,0,0,0,0,0,1,2,0,0,1,0,1,0,0,0,0,0,1,1,0,0,0,1,0,0,0,6,0,0,1,0,1,0,0,0,0,1,1,0,0,0,1,0,0,0,3,0,0,1,0,1,0,0,0,0,1,3,0,0,0,1,0,0,0,6,0,0,1,0,1,0,0,0,0,1,3,0,0,0,1,0,0,0,6,0,0,1,0,1,0,0,0,0,1,4,0,0,0,1,0,1,0,9,0,0,0,0,1,0,0,0,0,1,3,0,0,0,1,0,0,1,4,0,0,1,0,1,0,0,0,0,1,5,1,0,0,1,0,0,0,7,0,0,1,0,1,0,0,0,0,1,7,1,0,0,1,0,0,0,9,0,0,2,0,1,0,0,0,0,1,7,1,0,0,1,0,0,0,9
1702307,Arapoema,0,1,7,0,1,0,0,2,0,0,1,5,1,0,0,4,0,0,1,9,0,0,9,0,2,0,0,1,0,0,2,6,1,0,0,3,0,0,1,9,0,0,9,0,3,0,0,1,0,1,2,5,2,0,0,3,1,1,1,17,0,2,7,0,2,0,0,1,0,0,3,11,1,0,2,5,1,2,0,21,1,2,7,0,2,0,0,1,0,1,13,1,0,1,4,1,2,0,21,2,1,10,0,3,0,0,2,1,3,15,3,0,1,3,2,1,0,21,2,1,10,0,3,0,0,2,1,3,15,3,0,1,3,2,1,0,21,1,1,12,2,3,0,0,2,1,3,12,2,0,1,6,2,0,0,23,1,0,9,1,2,0,0,2,1,3,16,2,0,1,5,4,1,0,25,1,1,9,1,3,1,0,2,1,4,17,2,0,1,5,5,1,0,25,1,1,8,2,1,2,0,2,2,4,17,2,0,1,5,5,1,0,30,1,1,11,3,3,2,0,2,2,5,17,2,0,1,4,3,1,0,30
1709005,Goiatins,0,0,1,0,2,0,0,0,0,0,2,5,1,0,0,2,0,0,2,8,0,0,1,0,2,0,0,0,0,0,1,4,2,0,0,2,0,0,3,8,0,0,1,0,2,0,0,0,0,0,1,4,2,0,0,2,0,0,3,8,0,0,3,0,2,0,0,0,0,0,2,5,3,0,0,2,0,0,1,8,0,0,3,0,2,0,0,0,0,2,5,3,0,0,2,0,0,1,8,0,0,2,0,3,0,0,1,0,2,5,3,0,1,0,1,0,1,9,0,0,2,0,3,0,0,1,0,2,5,3,0,1,0,1,0,1,9,0,0,2,0,5,0,0,1,0,2,8,3,0,1,0,1,0,2,18,0,0,1,0,5,0,0,1,0,3,8,2,0,1,1,1,0,3,14,0,0,3,0,5,0,0,1,0,3,9,2,0,1,0,2,0,3,14,0,0,2,0,5,0,0,0,0,2,11,2,0,1,0,1,0,1,22,0,0,2,0,3,0,0,0,0,2,10,2,0,1,0,1,0,1,17
1715705,Palmeirante,0,0,0,0,1,0,0,0,0,0,1,1,0,0,0,0,0,0,1,1,0,0,0,0,1,0,0,0,0,0,1,1,0,0,0,0,0,0,1,1,0,0,0,0,1,0,0,0,0,0,1,2,0,0,0,0,0,0,1,1,0,0,1,0,1,0,0,0,0,0,1,1,0,0,0,0,0,0,0,4,0,0,1,0,1,0,0,0,0,1,1,0,0,0,0,0,0,0,3,0,0,1,0,1,0,0,0,0,2,2,0,0,0,1,0,0,0,6,0,0,1,0,1,0,0,0,0,2,2,0,0,0,1,0,0,0,6,0,0,1,0,2,0,0,0,0,1,2,0,0,0,1,0,0,0,8,0,0,1,0,2,0,0,0,0,1,2,0,0,0,1,0,0,0,8,0,0,1,0,2,0,0,0,0,2,3,1,0,0,1,0,0,0,7,0,0,1,0,2,0,0,0,0,2,3,1,0,0,1,0,0,0,6,0,0,1,0,2,0,0,0,0,3,3,1,0,0,1,0,0,0,9
1714880,Nova Olinda,0,0,3,0,3,0,1,0,0,0,2,3,2,1,0,0,1,1,3,10,0,0,1,0,3,0,1,0,0,0,2,4,3,2,0,1,1,1,3,8,0,0,1,0,4,0,2,0,0,0,3,5,2,1,0,2,3,3,3,14,0,0,1,0,4,0,2,0,0,0,3,5,2,1,0,2,2,2,0,13,0,0,1,0,4,0,1,0,0,3,5,3,1,0,2,3,3,0,12,0,0,1,0,5,0,1,0,0,3,6,3,2,0,1,4,3,0,12,0,0,1,0,5,0,1,0,0,3,6,3,2,0,1,4,3,0,12,0,0,1,0,4,0,0,0,1,3,5,3,1,0,1,3,2,0,13,0,0,1,0,4,0,0,0,1,3,6,2,1,0,1,4,2,0,15,0,0,1,0,4,0,0,0,1,3,7,2,1,1,2,3,2,0,14,0,0,1,0,4,0,1,0,0,3,9,3,1,2,0,3,2,0,19,0,0,1,0,4,0,1,0,0,4,9,2,1,1,1,2,2,0,18
1703073,Barra do Ouro,0,0,0,0,2,0,0,0,0,0,1,2,0,0,0,0,0,0,1,5,0,0,0,0,2,0,0,0,0,0,1,2,0,0,0,0,0,0,1,3,0,0,0,0,2,0,0,0,0,0,2,2,0,0,0,0,0,0,2,3,0,0,0,0,2,0,0,0,0,0,2,2,0,0,0,0,0,0,0,3,0,0,0,0,2,0,0,0,0,2,2,0,0,0,0,0,0,0,3,0,0,0,0,2,0,0,0,0,2,2,1,0,0,0,0,0,0,4,0,0,0,0,2,0,0,0,0,2,2,1,0,0,0,0,0,0,4,0,0,0,0,2,0,0,0,0,2,2,1,0,0,1,0,0,0,7,0,0,0,0,2,0,0,0,0,2,2,2,0,0,1,0,0,0,5,0,0,0,0,2,0,0,0,0,2,2,1,0,0,1,0,0,0,8,0,0,0,0,2,0,0,0,0,2,3,1,0,0,1,0,0,0,9,0,0,0,0,2,0,0,0,0,2,4,1,0,0,1,0,0,0,11
1716307,Pau d'Arco,0,0,0,0,2,0,0,0,0,0,1,4,0,0,0,0,0,0,2,3,0,0,0,0,2,0,0,0,0,0,1,3,0,0,0,1,0,0,1,2,0,0,0,0,2,0,0,0,0,0,1,3,0,0,0,1,0,0,1,2,0,0,0,0,2,0,0,0,0,0,1,3,0,0,0,1,0,0,0,2,0,0,0,0,3,0,0,0,0,2,3,0,0,0,1,0,0,0,2,0,0,0,0,3,0,0,0,0,2,3,0,0,0,1,0,0,0,2,0,0,0,0,3,0,0,0,0,2,3,0,0,0,1,0,0,0,2,0,0,0,0,2,0,0,0,0,2,3,1,0,1,1,1,1,0,4,0,0,0,0,2,0,0,0,0,2,2,0,0,1,1,1,1,0,4,0,0,0,0,2,0,0,0,0,2,2,0,0,1,1,1,1,0,4,0,0,0,0,2,0,0,0,0,4,3,1,0,0,1,1,1,0,8,0,0,0,0,2,0,0,0,0,6,3,1,0,0,1,1,1,0,8
1707702,Filadélfia,0,0,2,0,3,0,0,0,0,0,3,4,0,0,0,1,0,0,3,11,0,0,1,0,3,0,0,0,0,0,3,4,0,0,0,1,0,0,3,11,0,0,3,0,3,0,0,0,0,0,3,4,0,0,0,1,0,0,3,11,0,0,1,0,3,0,0,0,0,0,3,4,0,0,0,1,0,0,0,10,0,0,1,0,3,0,0,0,0,3,4,0,0,0,1,0,0,0,10,0,0,2,0,3,0,0,0,0,4,6,1,0,0,0,0,0,0,10,0,0,2,0,3,0,0,0,0,4,6,1,0,0,0,0,0,0,10,0,0,1,0,4,0,0,0,0,4,5,1,0,0,0,0,0,0,10,0,0,0,0,2,0,0,0,0,4,5,0,0,0,0,0,0,0,8,0,0,1,0,3,0,0,0,0,3,7,0,0,0,0,0,0,0,19,0,0,1,0,2,0,0,0,0,3,7,0,0,1,0,0,0,0,11,0,0,1,0,2,0,0,0,0,5,8,1,0,1,1,0,1,0,14
1702109,Araguaína,2,45,180,38,18,27,8,14,0,220,133,188,52,15,17,94,25,30,18,532,4,55,235,46,33,43,15,21,0,274,146,211,48,14,18,102,22,28,29,532,11,51,249,45,39,39,14,24,0,301,159,281,58,15,19,123,28,34,36,737,11,41,205,46,40,31,13,25,0,277,147,325,70,13,19,135,32,42,1,954,11,30,196,48,36,31,12,24,250,155,348,70,15,24,127,38,38,0,1077,16,33,242,53,41,31,17,28,257,168,401,71,17,24,61,45,36,0,1203,16,33,242,53,41,31,17,28,257,168,401,71,17,24,61,45,36,0,1203,21,36,227,65,40,42,17,35,294,160,424,87,17,27,80,51,36,0,1244,25,40,274,69,36,47,20,37,321,172,445,82,15,34,105,59,42,0,1260,27,41,238,78,36,50,18,42,348,189,513,81,13,38,115,65,47,0,1362,35,47,287,87,37,62,21,46,406,194,530,90,17,33,124,71,46,0,1424,37,48,285,97,33,88,19,49,469,210,543,85,19,35,114,62,47,0,1434
1703883,Carmolândia,0,0,0,0,1,0,0,0,0,0,3,1,0,0,0,1,0,0,1,6,0,0,0,0,1,0,0,0,0,0,4,1,0,0,0,3,0,0,1,8,0,0,0,0,1,0,0,0,0,0,4,1,0,0,0,2,0,0,1,7,0,0,0,0,1,0,0,0,0,0,1,1,0,0,0,2,0,0,0,7,0,0,0,0,1,0,0,0,0,1,2,0,0,0,2,0,0,0,7,0,0,0,0,1,0,0,0,0,1,1,0,0,0,0,1,0,0,8,0,0,0,0,1,0,0,0,0,1,1,0,0,0,0,1,0,0,8,0,0,0,0,1,0,0,0,0,1,2,1,0,1,0,1,1,0,6,0,0,0,0,1,0,0,0,0,2,2,1,0,1,0,1,1,0,4,0,0,0,0,1,0,0,0,0,2,2,1,0,1,0,1,1,0,7,0,0,0,0,1,0,0,0,0,2,2,1,0,1,0,1,1,0,6,0,0,0,0,1,0,0,0,0,2,2,1,0,1,0,1,1,0,6
1703008,Babaçulândia,0,0,1,0,2,0,0,0,0,0,2,5,0,0,0,2,0,0,3,8,0,0,2,0,2,0,0,0,0,0,2,5,0,0,0,1,0,0,3,8,0,0,2,0,2,0,0,0,0,0,2,5,0,0,0,1,0,0,2,8,0,0,2,0,2,0,0,0,0,0,2,5,0,0,0,1,0,0,0,9,0,0,2,0,2,0,0,0,0,2,5,0,0,0,1,0,0,0,8,0,0,2,0,3,0,0,0,0,2,7,0,0,0,0,0,0,0,10,0,0,2,0,3,0,0,0,0,2,7,0,0,0,0,0,0,0,10,0,0,4,0,3,0,0,0,0,4,9,1,0,0,0,0,2,0,13,0,0,4,0,3,0,0,0,0,3,11,1,0,0,0,0,1,0,12,0,0,3,0,3,0,0,0,0,3,12,1,0,0,1,0,1,0,13,0,0,2,0,3,0,0,0,0,3,14,1,0,0,1,0,1,0,13,0,0,4,0,4,0,0,0,0,4,14,1,0,1,3,0,1,0,19
1718865,Santa Fé do Araguaia,0,0,0,0,2,0,0,0,0,0,2,2,0,0,0,0,0,0,3,4,0,1,2,0,2,0,0,0,0,0,2,5,1,0,0,1,0,0,2,11,0,1,2,0,3,0,0,0,0,0,4,5,1,1,0,1,0,0,2,9,0,0,1,0,2,0,0,0,0,0,4,3,1,1,0,2,0,0,0,8,0,0,1,0,2,0,0,0,0,4,5,2,1,0,3,0,0,0,12,0,0,1,0,3,0,0,0,0,3,5,1,0,1,2,1,1,0,14,0,0,1,0,3,0,0,0,0,3,5,1,0,1,2,1,1,0,14,0,0,1,0,3,0,0,0,0,2,4,1,0,1,2,1,1,0,8,0,0,0,0,3,0,0,0,0,3,10,1,0,1,2,1,1,0,13,0,0,0,0,3,0,0,0,0,3,10,1,0,1,2,1,1,0,14,0,0,1,0,3,0,0,0,0,3,10,1,0,1,1,1,1,0,15,0,0,2,0,3,0,0,0,0,3,11,1,0,1,1,1,1,0,15
1713957,Muricilândia,0,0,1,0,1,0,0,0,0,1,5,2,0,0,0,0,0,0,1,3,0,0,0,0,1,0,0,0,0,1,4,1,0,0,0,0,0,0,1,3,0,0,0,0,1,0,0,0,0,1,3,1,0,0,0,0,0,0,1,5,0,0,1,0,1,0,0,0,0,1,3,2,0,0,0,0,0,0,0,4,0,0,1,0,1,0,0,0,1,3,2,1,0,0,1,0,0,0,4,0,0,0,0,2,0,0,0,1,2,3,1,0,0,1,0,0,0,6,0,0,0,0,2,0,0,0,1,2,3,1,0,0,1,0,0,0,6,0,0,0,0,2,0,0,0,1,2,3,1,0,0,1,0,0,0,8,0,0,0,0,2,0,0,0,1,2,3,1,0,0,1,0,0,0,8,0,0,0,0,2,0,0,0,1,2,5,1,0,0,1,1,0,0,8,0,0,0,0,2,0,0,0,1,3,4,1,0,0,1,1,0,0,8,0,0,0,0,2,0,0,0,1,2,5,1,0,0,1,1,0,0,7
1701309,Aragominas,0,0,0,0,3,0,0,0,0,0,4,4,0,0,0,1,0,0,4,6,0,0,0,0,3,0,0,0,0,0,5,3,0,0,0,1,0,0,4,6,0,0,0,0,3,0,0,0,0,0,5,4,2,0,0,1,1,1,4,6,0,0,0,0,3,0,0,0,0,0,5,3,2,0,0,1,1,1,1,9,0,0,0,0,3,0,0,0,0,8,3,1,0,0,1,1,1,1,9,0,0,0,0,3,0,0,0,0,3,6,1,0,0,1,1,1,0,13,0,0,0,0,3,0,0,0,0,3,6,1,0,0,1,1,1,0,13,0,0,0,0,3,0,0,0,0,4,7,1,0,0,1,1,2,0,14,0,0,0,0,3,0,0,0,0,4,7,1,0,0,1,1,2,0,13,0,0,0,0,3,0,0,0,0,4,7,1,0,0,1,1,1,0,13,0,0,0,0,3,0,0,0,0,4,8,1,0,0,1,1,1,0,14,0,0,0,0,3,0,0,0,0,3,8,1,0,0,1,1,1,0,13
1722081,Wanderlândia,0,0,1,0,2,0,0,0,0,0,2,3,0,0,0,0,0,0,2,12,0,0,1,0,3,0,0,0,0,0,2,3,0,0,0,0,0,0,2,12,0,0,1,0,2,0,0,0,0,0,2,3,0,0,0,0,0,0,2,11,0,0,1,0,2,0,0,1,0,0,3,5,0,0,0,0,0,0,0,12,0,0,1,0,2,0,0,1,0,3,7,1,0,0,0,1,1,0,19,0,0,1,0,1,0,0,1,0,4,9,2,0,0,0,1,1,0,22,0,0,1,0,1,0,0,1,0,4,9,2,0,0,0,1,1,0,22,0,0,2,0,4,0,0,1,0,5,11,2,0,0,2,1,1,0,23,0,0,3,0,4,0,0,1,1,5,14,2,0,0,2,1,2,0,23,0,0,2,0,4,0,0,1,1,7,11,2,0,0,2,1,1,0,21,0,0,3,0,4,0,0,1,1,7,14,2,0,0,2,1,1,0,21,0,0,2,0,4,0,0,1,1,5,13,2,0,0,2,1,1,0,20
1706506,Darcinópolis,0,0,0,0,1,0,0,0,0,0,2,2,0,0,0,0,0,0,1,7,0,0,0,0,2,0,0,0,0,0,2,2,0,0,0,0,0,0,1,10,0,0,0,0,2,0,0,0,0,0,1,2,0,0,0,0,0,0,1,9,0,0,0,0,2,0,0,0,0,0,1,2,0,0,0,0,0,0,0,7,0,0,0,0,2,0,0,0,0,1,2,0,0,0,0,0,0,0,7,0,0,0,0,2,0,0,0,0,1,2,0,0,0,0,0,0,0,7,0,0,0,0,2,0,0,0,0,1,2,0,0,0,0,0,0,0,7,0,0,0,0,3,0,0,0,0,2,3,1,0,0,1,1,1,0,10,0,0,0,0,3,0,0,0,0,2,3,1,0,0,1,1,1,0,10,0,0,0,0,2,0,0,0,0,2,4,2,0,0,1,1,1,0,11,0,0,0,0,2,0,0,0,0,2,5,2,0,0,1,1,1,0,11,0,0,0,0,2,0,0,0,0,2,5,1,0,0,1,2,1,0,11
1702158,Araguanã,0,0,1,0,2,0,0,0,0,0,3,2,1,0,0,1,0,0,3,5,0,0,1,0,2,0,0,0,0,0,3,3,1,0,0,2,0,0,3,10,0,0,1,0,2,0,0,0,0,0,3,4,1,0,0,2,1,0,3,11,0,1,1,0,2,0,0,0,0,0,3,3,1,0,0,2,1,0,0,12,0,0,1,0,2,0,0,0,0,3,3,1,0,0,3,1,0,0,12,0,0,3,0,0,0,0,0,0,3,5,2,0,0,1,2,0,0,12,0,0,3,0,0,0,0,0,0,3,5,2,0,0,1,2,0,0,12,0,0,1,0,2,0,0,0,0,3,6,1,0,1,1,2,0,0,12,0,0,1,0,2,0,0,0,0,3,6,1,0,1,1,2,0,0,8,0,0,1,0,2,0,0,0,0,3,4,2,0,2,2,2,0,0,9,0,0,0,0,2,0,0,0,0,3,7,1,0,2,2,2,1,0,11,0,0,1,0,2,0,0,1,0,4,7,1,0,1,1,1,1,0,12
1713809,Palmeiras do Tocantins,0,0,2,0,2,0,0,0,0,0,5,2,1,0,0,2,0,0,2,7,0,0,2,0,2,0,0,0,0,0,5,2,1,0,0,2,0,0,2,7,0,0,2,0,2,0,0,0,0,0,5,2,1,0,0,2,0,0,2,6,0,0,2,0,2,0,0,0,0,0,5,2,1,0,0,2,0,0,0,10,0,0,2,0,2,0,0,0,0,5,2,1,0,0,2,0,0,0,9,0,0,3,0,1,0,0,0,0,5,1,1,0,0,1,1,0,0,6,0,0,3,0,1,0,0,0,0,5,1,1,0,0,1,1,0,0,6,0,0,2,0,3,0,0,0,0,5,6,1,0,0,1,1,0,0,7,0,0,2,0,3,0,0,0,0,5,8,1,0,0,1,1,0,0,8,0,0,3,0,3,0,0,0,0,5,7,1,0,0,2,1,0,0,7,0,0,2,0,3,0,0,0,0,5,6,1,0,0,2,1,0,0,8,0,0,1,0,4,0,0,0,0,5,6,1,0,0,2,1,1,0,11
1717206,Piraquê,0,0,1,0,1,0,0,0,0,0,1,1,0,0,0,2,0,0,1,5,0,0,1,0,1,0,0,0,0,0,1,2,0,0,0,2,0,0,1,8,0,0,1,0,1,0,0,0,0,0,1,2,0,0,0,1,0,0,1,8,0,0,1,0,1,0,0,0,0,1,1,2,0,0,0,3,0,0,0,8,0,0,1,0,1,0,0,0,0,1,2,0,0,0,3,0,0,0,8,0,0,1,0,2,0,0,0,0,1,2,1,0,0,1,1,1,0,12,0,0,1,0,2,0,0,0,0,1,2,1,0,0,1,1,1,0,12,0,0,1,0,1,0,0,0,0,2,2,1,0,0,1,1,1,0,7,0,0,1,0,1,0,0,0,0,2,2,1,0,0,1,1,1,0,8,0,0,1,0,1,0,0,0,0,1,2,1,0,0,1,1,1,0,10,0,0,1,0,1,0,0,0,0,1,2,1,0,0,1,1,1,0,10,0,0,1,0,1,0,0,0,0,1,2,1,0,1,1,1,1,0,10
1700301,Aguiarnópolis,0,0,2,1,1,1,0,0,0,0,2,1,0,0,0,2,0,0,1,5,0,0,1,1,1,1,0,0,0,0,3,2,0,0,0,2,0,0,1,7,0,0,0,1,2,1,0,0,0,0,4,3,1,0,0,2,0,0,2,7,0,0,0,1,2,1,0,0,0,0,4,2,3,0,1,3,1,0,1,7,0,0,0,1,2,1,0,0,0,4,3,3,0,1,4,1,0,1,8,0,0,0,0,2,1,0,0,0,3,4,1,0,1,0,1,1,1,9,0,0,0,0,2,1,0,0,0,3,4,1,0,1,0,1,1,1,9,0,0,0,0,2,0,0,0,0,3,4,2,0,1,0,1,0,1,13,0,0,3,0,2,0,0,0,0,3,4,2,0,1,0,1,0,1,12,0,0,3,0,2,0,0,0,0,3,5,1,0,1,1,1,0,1,13,0,0,2,0,2,0,0,0,0,3,4,2,0,1,1,1,0,1,13,0,0,0,0,2,1,0,0,0,3,5,2,0,1,1,1,1,1,13
1720002,Santa Terezinha do Tocantins,0,0,0,0,1,0,0,0,0,0,1,1,0,0,0,1,0,0,1,5,0,0,0,0,1,0,0,0,0,0,1,1,0,0,0,1,0,0,1,4,0,0,0,0,1,0,0,0,0,0,1,1,0,0,0,1,0,0,1,4,0,0,0,0,1,0,0,0,0,0,1,1,0,0,0,1,0,0,0,5,0,0,0,0,1,0,0,0,0,1,1,0,0,0,1,0,0,0,6,0,0,0,0,1,0,0,0,0,1,2,1,0,1,1,1,1,0,4,0,0,0,0,1,0,0,0,0,1,2,1,0,1,1,1,1,0,4,0,0,0,0,1,0,0,0,0,2,2,1,0,1,0,1,1,0,7,0,0,1,0,1,0,0,0,0,2,3,1,0,1,0,1,1,0,7,0,0,1,0,1,0,0,0,0,1,2,1,0,1,1,1,1,0,8,0,0,1,0,1,0,0,0,0,1,1,1,0,1,1,1,1,0,6,0,0,1,0,1,0,0,0,0,1,2,1,0,0,1,1,1,0,6
1718550,Riachinho,0,0,1,0,2,0,0,0,0,0,3,2,0,0,0,0,0,0,4,1,0,0,1,0,2,0,0,0,0,0,3,2,0,0,0,1,0,0,4,2,0,0,2,0,2,0,0,0,0,0,3,2,0,0,0,1,0,0,4,2,0,0,2,0,2,0,0,0,0,0,3,2,0,0,0,1,0,0,1,4,0,0,2,0,2,0,0,0,0,3,2,0,0,0,1,0,0,1,4,0,0,3,0,2,0,0,0,0,3,3,0,0,0,1,0,0,1,3,0,0,3,0,2,0,0,0,0,3,3,0,0,0,1,0,0,1,3,0,0,1,0,3,0,0,0,0,2,3,0,0,0,1,0,0,1,4,0,0,3,0,2,0,0,0,0,2,3,0,0,0,1,0,0,1,5,0,0,2,0,2,0,0,0,0,2,4,1,0,0,1,1,1,1,6,0,0,2,0,2,0,0,0,0,2,2,1,0,0,1,1,1,1,7,0,0,2,0,2,0,0,0,0,2,2,1,0,0,2,1,1,1,8
1722107,Xambioá,0,3,7,2,2,0,0,1,0,1,8,5,2,0,0,4,1,0,4,19,0,3,8,2,2,0,0,2,0,0,8,5,2,0,0,6,1,0,3,18,0,3,10,2,2,0,0,2,0,1,9,8,2,0,1,8,1,1,3,33,0,3,8,2,2,0,0,3,0,0,6,11,2,0,1,7,0,1,0,38,0,3,7,2,1,0,0,3,0,9,14,2,0,1,8,0,1,1,48,0,3,12,2,3,0,0,3,2,9,17,5,0,1,9,0,3,1,48,0,3,12,2,3,0,0,3,2,9,17,5,0,1,9,0,3,1,48,0,3,13,2,2,1,0,4,2,12,20,6,0,1,8,3,3,1,47,0,3,14,1,3,1,0,4,1,13,25,6,0,2,8,3,3,1,48,0,3,15,2,3,1,0,4,3,14,26,6,0,3,9,3,3,0,50,0,3,13,1,2,1,0,4,1,11,25,5,0,3,8,3,3,0,47,0,3,13,2,4,1,0,4,2,10,25,5,0,3,8,3,3,0,48
1701051,Angico,0,0,0,0,1,0,0,0,0,0,1,1,0,0,0,0,0,0,1,3,0,0,0,0,1,0,0,0,0,0,1,1,0,0,0,0,0,0,1,3,0,0,0,0,1,0,0,0,0,0,1,1,0,0,0,0,0,0,1,2,0,0,0,0,1,0,0,0,0,0,1,1,0,0,0,0,0,0,0,2,0,0,0,0,1,0,0,0,0,1,1,0,0,0,1,0,0,0,2,0,0,0,0,1,0,0,0,0,1,1,1,0,0,1,1,1,0,4,0,0,0,0,1,0,0,0,0,1,1,1,0,0,1,1,1,0,4,0,0,0,0,1,0,0,0,0,1,2,1,0,0,1,1,1,1,3,0,0,0,0,1,0,0,0,0,1,3,1,0,0,1,1,1,1,3,0,0,0,0,1,0,0,0,0,1,2,1,0,0,1,1,1,0,3,0,0,0,0,1,0,0,0,0,1,3,1,0,1,1,1,1,0,4,0,0,0,0,2,0,0,0,0,2,3,1,0,1,2,1,1,0,4
1714302,Nazaré,0,0,2,1,2,0,0,0,0,0,1,3,0,0,0,0,0,0,4,7,1,0,4,1,2,0,0,0,0,0,3,3,0,0,0,1,0,0,3,9,0,0,5,0,2,0,0,0,0,0,3,2,0,0,0,0,0,0,2,12,0,0,3,0,2,0,0,0,0,0,2,3,0,0,0,0,0,0,1,10,0,0,2,0,2,0,0,0,0,2,3,0,0,0,0,0,0,1,12,0,0,5,0,2,0,0,0,0,2,3,1,0,0,1,1,0,1,11,0,0,5,0,2,0,0,0,0,2,3,1,0,0,1,1,0,1,11,0,0,1,0,2,0,0,0,0,4,3,1,0,0,1,1,0,1,14,0,0,1,0,2,0,0,0,0,4,3,1,0,0,1,1,0,1,12,0,0,2,0,2,0,0,0,0,6,3,1,0,0,1,1,1,0,17,0,0,1,0,2,0,0,0,0,6,3,1,0,0,1,1,1,0,16,0,0,0,0,2,0,0,0,0,5,2,1,0,0,1,1,1,0,16
1712454,Luzinópolis,0,0,0,0,1,0,0,0,0,0,1,1,0,0,0,0,0,0,1,2,0,0,1,0,2,0,0,0,0,0,2,2,0,0,0,0,0,0,1,1,0,0,0,0,1,0,0,0,0,0,2,1,0,0,0,0,0,0,1,2,0,0,0,0,1,0,0,0,0,0,1,2,0,0,0,0,0,0,0,1,0,0,0,0,1,0,0,0,0,1,3,0,0,0,0,0,0,0,1,0,0,0,0,1,0,0,0,0,1,4,1,0,1,0,1,0,0,6,0,0,0,0,1,0,0,0,0,1,4,1,0,1,0,1,0,0,6,0,0,1,0,1,0,0,0,0,2,2,1,0,1,1,1,0,0,5,0,0,0,0,1,0,0,0,0,2,3,0,0,1,1,1,1,0,11,0,0,0,0,1,0,0,0,9,2,3,1,0,1,1,1,0,0,11,0,0,0,0,1,0,0,0,9,2,3,1,0,1,1,1,0,0,13,0,0,0,0,0,0,0,0,6,3,3,1,0,1,1,1,0,0,14
1721208,Tocantinópolis,1,2,10,2,6,1,2,2,0,2,7,15,4,0,1,8,2,3,4,46,1,2,6,2,7,0,2,2,0,2,7,11,4,1,0,11,2,3,8,49,1,2,8,2,8,1,2,3,0,2,8,11,5,1,0,12,2,2,8,44,1,0,7,1,6,0,1,3,0,1,8,12,5,0,1,12,2,2,4,50,1,0,7,1,5,1,1,4,2,8,12,5,0,1,11,2,2,4,41,1,0,7,0,8,2,1,4,3,9,14,5,0,1,5,2,2,3,46,1,0,7,0,8,2,1,4,3,9,14,5,0,1,5,2,2,3,46,1,1,12,1,10,2,1,4,3,12,24,5,0,1,7,2,2,1,55,1,1,15,1,10,1,1,3,2,10,26,5,0,1,7,2,3,0,69,1,1,15,1,10,2,1,3,2,12,29,7,1,1,6,3,4,1,71,1,1,13,1,10,2,0,3,2,12,28,6,0,1,6,3,3,0,76,1,1,14,1,10,2,0,3,2,14,33,6,0,1,7,4,3,0,71
1703826,Cachoeirinha,0,0,0,0,1,0,0,0,0,0,1,1,0,0,0,0,0,0,1,3,0,0,0,0,1,0,0,0,0,0,1,1,0,0,0,0,0,0,1,3,0,0,0,0,1,0,0,0,0,0,1,1,0,0,0,0,0,0,1,3,0,0,0,0,1,0,0,0,0,0,1,1,0,0,0,1,0,0,0,3,0,0,0,0,2,0,0,0,0,1,1,0,0,0,1,0,0,0,3,0,0,0,0,1,0,0,0,0,1,1,1,0,0,1,1,1,0,4,0,0,0,0,1,0,0,0,0,1,1,1,0,0,1,1,1,0,4,0,0,0,0,1,0,0,0,0,1,3,1,0,0,1,1,1,0,5,0,0,0,0,1,0,0,0,0,1,2,1,0,0,1,1,1,0,3,0,0,0,0,1,0,0,0,0,1,3,1,0,0,1,1,1,0,4,0,0,0,0,1,0,0,0,0,1,4,1,0,0,1,1,1,0,3,0,0,0,0,1,0,0,0,0,1,4,1,0,0,1,1,1,0,3
1701002,Ananás,0,0,2,0,4,0,0,1,0,0,3,7,0,0,0,2,0,0,5,9,0,2,3,2,4,0,0,1,0,1,4,6,0,0,0,2,0,0,5,12,0,2,4,2,4,0,0,1,0,1,3,7,1,0,0,3,0,0,4,13,0,3,8,2,4,0,0,2,0,1,2,8,1,0,0,2,0,0,2,21,0,1,5,1,4,0,0,1,0,2,9,2,0,0,3,2,0,1,22,0,1,2,1,4,0,0,1,0,4,11,1,0,0,3,2,0,1,22,0,1,2,1,4,0,0,1,0,4,11,1,0,0,3,2,0,1,22,0,1,3,1,4,0,0,1,0,3,11,1,0,1,2,1,1,1,23,0,1,3,1,4,0,0,1,0,4,10,1,0,0,2,1,1,1,24,0,1,2,1,5,0,0,1,0,5,10,1,0,1,2,1,1,0,27,0,1,2,1,5,0,0,1,0,4,11,1,0,0,2,1,1,0,28,0,1,4,1,5,0,0,1,0,4,12,1,0,0,2,1,1,0,30
1712801,Maurilândia do Tocantins,0,0,0,0,1,0,0,0,0,0,1,1,0,0,0,0,0,1,1,3,0,0,0,0,1,0,0,0,0,0,1,1,0,0,0,0,0,1,1,3,0,0,0,0,1,0,0,0,0,0,1,1,0,0,0,0,0,1,1,3,0,0,0,0,1,0,0,0,0,0,1,1,0,0,0,0,0,1,0,4,0,0,0,0,1,0,0,0,0,1,1,0,0,0,0,0,1,0,4,0,0,0,0,1,0,0,0,0,1,4,1,0,1,0,1,1,0,2,0,0,0,0,1,0,0,0,0,1,4,1,0,1,0,1,1,0,2,0,0,0,0,3,0,0,0,0,2,4,1,0,1,1,0,1,0,5,0,0,0,0,1,0,0,0,0,2,4,1,0,1,1,0,1,0,5,0,0,0,0,2,0,0,0,0,2,5,1,0,1,2,0,1,0,7,0,0,0,0,2,1,0,0,0,2,7,1,0,1,2,0,1,0,8,0,0,0,0,1,1,0,0,0,3,7,1,0,1,2,0,2,0,9
1720101,São Bento do Tocantins,0,0,1,0,1,0,0,0,0,0,1,2,1,0,0,1,0,0,1,3,0,0,1,0,1,0,0,0,0,0,1,2,0,0,0,1,0,0,1,4,0,0,2,0,1,0,0,0,0,0,1,2,0,0,0,1,0,0,1,4,0,0,2,0,2,0,0,0,0,0,1,2,0,0,0,1,0,0,0,5,0,0,2,0,2,0,0,0,0,0,2,0,0,0,1,0,0,0,5,0,0,1,1,2,0,0,0,0,3,4,1,0,1,2,1,0,0,7,0,0,1,1,2,0,0,0,0,3,4,1,0,1,2,1,0,0,7,0,0,0,0,2,0,0,0,0,2,3,1,0,1,1,1,0,0,8,0,0,0,0,2,0,0,0,0,2,2,1,0,1,1,1,0,0,7,0,0,0,0,2,0,0,0,0,3,4,1,0,1,2,1,1,1,10,0,0,0,0,2,0,0,0,0,3,4,1,0,1,1,1,1,1,12,0,0,0,0,2,0,0,0,0,3,5,1,0,1,1,1,1,1,12
1710706,Itaguatins,0,0,1,0,0,0,0,0,0,0,1,3,0,0,1,1,0,0,1,1,0,0,1,0,2,0,0,0,0,0,2,4,0,0,1,1,0,0,2,4,0,0,1,0,2,0,0,0,0,0,2,3,0,0,0,1,0,0,2,4,0,0,1,0,2,0,0,0,0,0,2,4,0,0,0,1,0,0,1,4,0,0,1,0,2,0,0,0,0,2,3,0,0,0,1,0,0,1,3,0,0,1,0,2,0,0,0,0,2,5,0,0,0,0,0,0,1,7,0,0,1,0,2,0,0,0,0,2,5,0,0,0,0,0,0,1,7,0,0,1,0,2,0,0,0,0,2,5,0,0,0,0,0,0,0,9,0,0,0,0,2,0,0,0,0,2,4,0,0,0,0,0,0,0,9,0,0,0,0,2,0,0,0,0,2,6,0,0,0,0,0,0,0,11,0,0,0,0,3,0,0,0,0,2,4,1,0,1,0,0,1,0,11,0,0,0,0,2,0,0,0,0,4,4,1,0,1,0,0,1,0,10
1702901,Axixá do Tocantins,0,0,3,0,3,0,0,0,0,0,2,4,1,0,0,0,0,0,1,10,0,0,2,0,3,0,0,0,0,0,2,3,0,0,0,0,0,0,1,10,0,0,2,0,3,0,0,0,0,0,2,5,0,0,0,0,0,0,1,10,0,0,2,0,3,0,0,0,0,0,2,6,0,0,0,1,0,0,0,9,0,0,2,0,3,0,0,0,0,3,6,0,0,0,1,0,0,0,9,0,0,1,0,4,0,0,0,1,3,9,1,0,1,0,1,1,0,9,0,0,1,0,4,0,0,0,1,3,9,1,0,1,0,1,1,0,9,0,0,1,0,5,0,0,0,0,4,10,1,0,1,1,2,1,0,14,0,0,1,0,5,0,0,0,0,5,10,1,0,1,0,2,1,0,15,0,0,1,0,5,0,0,0,0,5,6,1,0,1,1,2,1,0,17,0,0,0,0,5,0,0,0,0,4,5,2,0,1,1,2,1,0,8,0,0,0,0,5,0,0,0,0,5,6,2,0,1,1,2,1,0,16
1720804,Sítio Novo do Tocantins,0,0,4,0,4,1,0,0,0,0,4,6,1,0,0,0,0,0,6,8,0,1,3,0,4,1,0,0,0,0,5,6,1,0,0,1,0,0,7,8,0,1,2,0,5,1,0,0,0,0,6,8,1,0,0,1,0,0,9,9,0,1,1,0,3,1,0,0,0,0,6,9,2,0,2,2,0,1,4,13,0,1,2,0,5,1,0,0,0,9,11,2,0,2,2,0,2,4,13,0,1,4,0,5,1,0,0,1,7,12,1,0,1,0,1,1,4,13,0,1,4,0,5,1,0,0,1,7,12,1,0,1,0,1,1,4,13,0,1,4,1,5,1,0,0,2,7,13,2,0,1,1,2,2,1,18,0,1,4,1,5,1,1,0,1,7,15,2,0,1,1,2,2,1,19,0,1,3,1,5,2,1,0,1,8,16,2,0,1,1,2,2,1,22,0,1,3,1,5,2,1,0,1,9,16,2,0,1,1,2,2,1,22,0,1,3,1,4,2,1,1,1,9,16,2,0,1,1,2,2,0,22
1720200,São Miguel do Tocantins,0,0,0,0,3,1,0,0,0,1,4,4,0,0,0,1,0,0,3,4,0,0,0,0,3,1,0,0,0,1,4,5,1,0,0,2,0,0,4,3,0,0,0,0,3,1,0,0,0,1,6,6,1,0,1,2,0,0,5,4,0,0,0,0,3,1,0,0,0,1,6,6,0,0,1,1,0,0,1,4,0,0,0,0,3,1,0,0,1,6,6,0,0,1,1,0,0,1,4,0,0,0,0,4,1,0,0,0,7,9,1,0,3,0,1,0,0,7,0,0,0,0,4,1,0,0,0,7,9,1,0,3,0,1,0,0,7,0,1,0,0,4,1,0,0,0,7,11,2,0,3,0,1,0,0,10,0,1,0,0,4,1,0,0,0,6,12,1,0,2,1,1,1,0,10,0,1,0,0,6,1,0,0,0,6,13,2,0,3,2,2,1,0,10,0,1,0,0,4,1,0,0,2,6,6,1,0,2,2,2,0,0,9,0,1,0,1,5,1,1,0,1,7,7,1,0,1,1,2,0,0,8
1702554,Augustinópolis,2,8,29,8,5,7,0,1,0,21,4,10,1,0,2,8,1,1,5,59,2,8,37,8,5,7,0,1,0,24,5,10,2,0,2,8,2,1,6,59,2,9,42,8,5,7,0,2,0,27,8,13,7,1,3,9,3,3,6,65,2,7,24,7,5,8,0,1,0,28,7,15,7,2,3,15,3,3,0,68,0,7,17,8,6,7,0,1,32,7,15,6,1,1,11,2,3,0,63,0,7,21,8,5,7,0,1,32,8,55,8,1,1,7,6,4,0,134,0,7,21,8,5,7,0,1,32,8,55,8,1,1,7,6,4,0,134,0,8,25,9,5,9,1,2,30,10,55,10,1,3,9,8,5,0,140,0,8,27,9,5,9,1,2,30,10,52,8,1,3,9,7,5,1,140,0,9,32,9,5,9,1,3,34,15,55,9,1,4,10,8,6,1,151,0,11,30,9,5,12,1,4,37,16,80,9,1,4,11,13,6,1,174,0,11,21,11,4,7,1,2,30,16,66,8,2,4,11,12,5,1,156
1718303,Praia Norte,0,0,0,0,3,0,0,0,0,0,1,3,0,0,0,0,0,0,2,4,0,0,0,0,2,0,0,0,0,0,1,3,0,0,0,1,0,0,1,5,0,0,0,0,3,0,0,0,0,0,2,4,0,0,0,0,0,0,2,5,0,0,0,0,2,0,0,0,0,0,3,5,0,0,0,1,0,0,0,4,0,0,0,1,3,0,0,0,0,3,5,1,0,1,1,0,0,0,4,0,0,0,1,3,0,0,0,0,3,4,1,0,1,1,0,0,0,8,0,0,0,1,3,0,0,0,0,3,4,1,0,1,1,0,0,0,8,0,0,0,1,3,1,0,0,0,3,5,1,0,1,1,1,0,0,9,0,0,0,1,2,0,0,0,0,3,3,1,0,0,1,1,0,0,8,0,0,1,1,3,0,0,0,0,3,5,1,0,0,1,1,0,0,9,0,0,2,1,3,0,0,0,0,3,7,1,0,1,1,1,0,0,11,0,0,2,1,3,0,0,0,0,3,5,0,0,1,1,2,0,0,12
1702208,Araguatins,1,1,5,1,3,1,1,0,0,0,3,11,2,1,2,6,1,1,4,22,1,1,3,2,6,1,2,0,0,0,6,15,3,1,2,7,2,3,5,27,1,1,3,2,8,2,2,0,0,0,6,15,3,1,2,8,2,4,6,30,0,0,2,2,9,1,2,1,0,0,7,14,2,1,1,6,2,4,2,30,0,0,3,3,8,1,2,0,1,8,20,2,1,1,7,3,4,2,35,0,0,5,3,9,1,2,0,1,9,20,2,1,2,5,5,4,2,35,0,0,5,3,9,1,2,0,1,9,20,2,1,2,5,5,4,2,35,0,0,4,3,10,1,2,0,1,12,22,2,1,2,5,5,6,3,35,0,0,4,2,11,1,0,0,1,11,28,2,1,2,5,5,4,3,33,0,0,6,4,11,0,0,0,1,12,29,4,0,3,5,5,4,3,42,0,1,4,3,10,0,1,0,1,14,26,4,3,3,6,6,4,3,47,0,0,3,3,10,0,1,0,1,13,33,5,0,2,3,6,5,0,51
1703800,Buriti do Tocantins,0,0,3,0,2,0,0,0,0,0,1,2,0,0,0,1,0,0,1,14,0,0,2,0,3,0,0,0,0,0,2,3,0,0,0,1,0,1,2,15,0,0,5,0,3,0,0,0,0,0,2,3,0,0,0,1,0,1,2,20,0,0,4,0,3,0,0,0,0,0,2,4,1,0,0,1,0,2,0,20,0,0,3,0,3,0,0,0,0,2,4,1,0,0,1,0,2,0,20,0,0,3,0,3,0,0,0,0,2,2,0,0,0,0,0,2,0,19,0,0,3,0,3,0,0,0,0,2,2,0,0,0,0,0,2,0,19,0,0,3,0,4,0,0,1,0,1,8,3,0,1,1,2,1,0,21,0,0,1,0,3,0,0,0,0,1,10,2,0,1,1,2,1,0,23,0,0,3,1,4,0,1,0,0,1,11,1,0,1,2,3,1,0,21,0,0,3,1,4,0,1,0,0,1,10,2,0,1,3,2,1,0,25,0,0,2,0,6,0,1,0,0,2,15,3,0,1,3,2,1,0,24
1703891,Carrasco Bonito,0,0,0,0,2,0,0,0,0,0,1,2,0,0,0,0,0,0,5,1,0,0,0,0,2,0,0,0,0,1,1,2,1,0,1,0,0,0,4,2,0,0,0,1,2,0,0,0,0,0,1,2,1,0,1,0,0,0,4,2,0,0,0,0,2,0,0,0,0,0,1,2,0,0,1,0,0,0,4,2,0,0,0,0,0,0,0,0,0,1,2,0,0,1,0,0,0,4,2,0,0,0,1,1,0,0,0,0,2,3,1,0,1,1,0,1,3,3,0,0,0,1,1,0,0,0,0,2,3,1,0,1,1,0,1,3,3,0,0,0,1,1,0,0,0,0,4,3,1,0,1,0,1,1,2,4,0,0,0,1,2,0,0,0,0,3,3,1,0,1,0,1,1,1,6,0,0,0,1,2,0,0,0,0,3,4,1,0,1,1,1,1,0,10,0,0,0,1,2,0,0,0,0,4,4,1,0,1,1,1,1,0,11,0,0,0,1,1,0,0,0,0,4,4,1,0,1,1,1,1,0,13
1718808,Sampaio,0,0,0,0,1,0,0,0,0,0,1,1,0,0,0,0,0,0,1,3,0,0,0,0,1,0,0,0,0,0,1,1,0,0,0,0,0,0,2,3,0,0,0,0,1,0,0,0,0,0,1,1,0,0,0,0,0,0,1,3,0,0,0,0,1,0,0,0,0,0,1,2,0,0,0,1,0,0,0,3,0,0,0,0,1,0,0,0,0,1,2,0,0,0,1,0,0,0,3,0,0,0,0,2,0,0,0,0,2,2,0,0,0,1,0,0,0,3,0,0,0,0,2,0,0,0,0,2,2,0,0,0,1,0,0,0,3,0,0,0,0,2,0,0,0,0,1,2,0,0,0,1,0,0,0,3,0,0,0,0,1,0,0,0,0,1,2,0,0,0,0,0,0,0,3,0,0,0,0,1,0,0,0,0,1,2,0,0,0,0,0,0,0,5,0,0,0,0,1,0,0,0,0,1,3,0,0,0,0,0,0,0,6,0,0,0,0,2,0,0,0,0,2,3,0,0,0,0,1,1,0,7
1707405,Esperantina,0,0,0,0,3,0,0,0,0,0,1,2,0,0,0,0,0,0,1,4,0,0,0,0,1,0,0,0,0,0,1,2,0,0,0,0,0,0,1,7,0,0,0,0,2,0,0,0,0,0,2,2,0,0,0,0,0,0,1,7,0,0,0,1,2,0,0,0,0,0,2,2,0,0,0,0,0,0,0,7,0,0,0,1,1,0,0,0,0,2,2,0,0,0,0,0,0,0,7,0,0,1,0,1,0,0,0,0,2,2,1,0,1,1,1,0,0,7,0,0,1,0,1,0,0,0,0,2,2,1,0,1,1,1,0,0,7,0,0,1,0,4,0,0,0,0,3,6,1,0,1,1,1,0,0,7,0,0,1,0,4,0,0,0,0,3,5,1,0,1,1,1,0,0,8,0,0,1,0,4,0,0,0,0,3,6,1,0,1,1,1,0,0,20,0,0,1,0,4,0,0,0,0,3,6,1,0,1,1,1,0,0,22,0,0,1,0,4,0,0,0,0,4,6,1,0,1,1,1,0,0,20
1720309,São Sebastião do Tocantins,0,0,0,0,2,0,0,0,0,0,2,2,0,0,0,0,0,0,3,1,0,0,0,0,2,0,0,0,0,0,2,2,0,0,0,0,0,0,3,1,0,0,0,0,2,0,0,0,0,0,2,2,0,0,0,0,0,0,3,2,0,0,0,0,2,0,0,0,0,0,2,3,0,0,0,1,0,0,1,2,0,0,0,0,2,0,0,0,0,2,3,0,0,0,1,0,0,1,2,0,0,0,0,2,0,0,0,0,2,3,0,0,1,1,1,1,1,2,0,0,0,0,2,0,0,0,0,2,3,0,0,1,1,1,1,1,2,0,0,0,0,1,0,0,0,0,2,2,1,0,1,1,1,1,1,3,0,0,0,0,2,0,0,0,0,1,3,1,0,1,0,1,1,1,3,0,0,1,0,3,0,0,0,0,2,3,2,0,1,0,1,0,1,5,0,0,0,0,2,0,0,0,0,2,3,3,0,1,0,1,1,1,5,0,0,0,0,3,0,0,0,0,3,3,3,0,1,0,1,1,0,8
1712157,Lavandeira,0,0,1,0,1,0,0,0,0,0,2,1,0,0,0,0,0,0,2,5,0,0,1,0,1,0,0,0,0,0,2,1,0,0,0,0,0,0,2,5,0,0,1,0,1,0,0,0,0,0,2,1,0,0,0,0,0,0,2,5,0,0,0,0,0,0,0,0,0,0,1,1,0,0,0,0,0,0,1,4,0,0,0,0,1,0,0,0,0,2,1,1,0,0,1,0,1,1,4,0,0,0,0,1,0,0,0,0,1,1,1,0,0,1,0,1,2,5,0,0,0,0,1,0,0,0,0,1,1,1,0,0,1,0,1,2,5,0,0,0,0,1,0,0,0,0,1,2,1,0,0,0,0,1,2,5,0,0,0,0,1,0,0,0,0,1,2,1,0,0,1,1,1,2,5,0,0,0,0,1,0,0,0,0,1,2,1,0,0,1,1,1,2,9,0,0,0,0,1,0,0,0,0,3,4,1,0,0,1,0,0,1,7,0,0,1,0,1,0,0,0,0,3,3,1,0,0,1,0,0,1,7
1702703,Aurora do Tocantins,0,0,0,0,1,0,0,0,0,0,1,1,0,0,0,0,0,0,2,1,0,0,1,0,1,0,0,0,0,0,1,1,1,0,0,0,0,0,2,1,0,0,1,0,1,0,0,0,0,0,1,1,1,0,0,0,0,0,2,1,0,0,0,0,1,0,0,0,0,0,1,1,0,0,0,0,0,0,2,2,0,0,0,0,1,0,0,0,0,1,2,0,0,0,0,0,0,2,8,0,0,0,0,1,0,0,0,0,1,1,1,0,1,0,0,1,8,1,0,0,0,0,1,0,0,0,0,1,1,1,0,1,0,0,1,8,1,0,0,0,0,2,0,0,0,0,1,3,1,0,0,1,1,1,16,0,0,0,0,0,2,0,0,0,0,1,3,1,0,0,0,1,1,16,0,0,0,0,0,2,0,0,0,0,1,4,1,0,0,1,1,1,15,0,0,0,0,0,2,0,0,0,0,1,4,1,0,0,1,1,1,14,1,0,0,0,0,2,0,0,0,0,2,5,1,0,0,1,1,1,15,1
1717800,Ponte Alta do Bom Jesus,0,0,2,0,2,0,0,0,0,0,1,3,0,0,0,0,0,0,3,0,0,0,1,0,1,0,0,0,0,0,2,3,1,0,0,0,0,0,4,1,0,0,1,0,2,0,0,0,0,0,2,3,1,0,0,0,0,0,4,1,0,0,1,0,3,0,0,0,0,0,2,3,1,0,0,1,0,0,0,3,0,0,1,0,3,0,0,0,0,2,3,1,0,0,2,0,0,0,10,0,0,3,0,2,0,0,0,0,2,3,2,0,0,2,1,0,0,10,0,0,3,0,2,0,0,0,0,2,3,2,0,0,2,1,0,0,10,0,0,1,0,2,0,0,0,0,3,5,2,0,0,2,1,1,0,11,0,0,1,0,2,0,1,0,0,3,5,2,0,0,2,1,1,0,11,0,0,1,0,3,0,1,0,0,2,4,3,0,1,2,0,0,0,13,0,0,1,0,2,0,1,0,0,2,5,2,0,1,2,0,0,0,12,0,0,1,0,1,0,0,0,0,2,6,1,0,1,0,0,1,0,12
1715259,Novo Jardim,0,0,0,0,1,0,0,0,0,0,1,1,0,0,0,0,0,0,2,0,0,0,0,0,0,0,0,0,0,0,1,1,0,0,0,0,0,0,1,0,0,0,0,0,1,0,0,0,0,0,1,2,0,0,0,0,0,0,3,0,0,0,0,0,1,0,0,0,0,0,1,2,0,0,0,0,0,0,2,0,0,0,0,0,1,0,0,0,0,2,3,0,0,0,0,0,0,2,0,0,0,0,0,1,0,0,0,0,1,2,1,0,0,0,0,0,2,1,0,0,0,0,1,0,0,0,0,1,2,1,0,0,0,0,0,2,1,0,0,0,0,1,0,0,0,0,1,3,1,0,0,0,1,0,2,2,0,0,0,0,1,0,0,0,0,2,3,1,0,0,0,1,0,2,2,0,0,0,0,1,0,0,0,0,2,5,1,0,0,1,1,0,2,3,0,0,0,0,1,0,0,0,0,2,5,1,0,1,1,1,1,2,3,0,0,0,0,1,0,0,0,0,2,3,1,0,1,1,1,2,2,3
1707009,Dianópolis,0,2,18,1,6,1,1,2,0,5,9,15,3,4,0,5,4,2,12,10,0,3,18,3,6,1,1,2,0,6,9,16,4,3,0,4,4,2,11,11,0,6,18,2,6,1,1,5,0,10,9,20,6,2,3,7,4,6,11,30,0,4,14,1,6,1,1,4,0,8,8,22,6,2,2,6,4,6,6,47,0,2,16,2,6,1,1,2,3,9,19,8,2,1,6,3,6,6,38,1,4,17,2,6,1,1,3,7,10,25,8,2,1,3,7,6,6,38,1,4,17,2,6,1,1,3,7,10,25,8,2,1,3,7,6,6,38,0,4,24,2,6,1,1,3,8,10,25,8,3,1,4,6,6,1,52,0,3,14,0,6,1,1,2,1,9,28,8,3,2,4,5,5,0,50,0,3,13,0,6,2,1,2,1,13,25,9,3,4,4,6,5,0,54,0,3,12,2,6,4,1,2,0,13,32,9,4,4,4,7,6,0,57,0,0,5,0,5,1,1,0,0,11,11,6,2,0,0,3,4,0,18
1718659,Rio da Conceição,0,0,0,0,1,0,0,0,0,0,1,1,0,0,0,0,0,0,2,0,0,0,0,0,1,0,0,0,0,0,1,1,0,0,0,0,0,0,2,0,0,0,0,0,1,0,0,0,0,0,1,1,0,0,0,0,0,0,2,0,0,0,0,0,1,0,0,0,0,0,1,1,0,0,0,0,0,0,1,0,0,0,0,0,1,0,0,0,0,1,1,1,0,0,0,1,0,1,0,0,0,0,0,1,0,0,0,0,1,2,1,0,0,0,1,0,1,0,0,0,0,0,1,0,0,0,0,1,2,1,0,0,0,1,0,1,0,0,0,0,0,1,0,0,0,0,1,2,1,0,0,0,1,0,1,0,0,0,0,0,1,0,0,0,0,1,2,1,0,0,0,1,0,1,2,0,0,0,0,1,0,0,0,0,1,3,1,0,0,0,2,0,1,5,0,0,0,0,1,0,0,0,0,2,3,2,0,1,0,1,1,0,5,0,0,0,0,1,0,0,0,0,2,3,2,0,0,0,1,1,0,7
1712702,Mateiros,0,0,0,0,1,0,0,0,0,0,1,1,0,0,0,0,0,0,1,1,0,0,0,0,1,0,0,0,0,0,1,1,0,0,0,0,0,0,1,1,0,0,0,0,1,0,0,0,0,0,1,1,0,0,0,0,0,0,1,1,0,0,0,0,1,0,0,0,0,0,1,1,0,0,0,0,0,0,0,1,0,0,0,0,1,0,0,0,0,1,1,0,0,0,0,0,0,0,1,0,0,0,0,2,0,0,0,0,1,1,0,0,0,0,0,0,0,1,0,0,0,0,2,0,0,0,0,1,1,0,0,0,0,0,0,0,1,0,0,0,0,1,0,0,0,0,2,3,0,0,0,1,0,0,0,5,0,0,0,0,1,0,0,0,0,2,2,1,0,0,1,0,0,0,6,0,0,0,0,1,0,0,0,0,2,3,1,0,1,0,0,1,0,6,0,0,0,0,1,0,0,0,0,2,4,1,0,1,1,1,0,0,6,0,0,0,0,1,0,0,0,0,2,2,1,0,0,1,1,0,0,6
1709302,Guaraí,0,9,19,3,8,3,0,4,0,11,14,19,4,4,1,10,1,4,11,28,0,11,26,7,8,3,0,2,0,11,14,16,4,4,1,10,1,4,12,28,0,10,28,8,7,3,0,2,0,8,15,26,7,5,2,12,1,4,11,57,0,8,28,7,9,3,0,2,0,7,13,36,5,4,2,15,1,8,6,76,0,8,28,7,9,4,0,2,8,16,43,6,7,2,14,2,6,3,89,0,7,25,7,9,3,0,1,6,26,48,7,7,3,7,9,7,3,91,0,7,25,7,9,3,0,1,6,26,48,7,7,3,7,9,7,3,91,0,7,23,7,9,4,0,1,6,22,47,7,7,3,9,8,6,2,95,0,7,20,6,11,5,0,1,6,21,51,10,7,1,8,8,6,2,96,0,7,22,6,9,5,0,1,6,22,56,11,7,3,8,8,6,2,91,0,7,20,5,9,3,0,1,5,23,64,11,7,4,7,10,7,1,91,0,7,22,5,9,3,0,1,6,23,63,14,6,4,6,11,8,1,96
