cod_ibge,nome,de1_2009,de1a14_09,de15a19_09,de20a24_09,de25a29_09,de30a34_09,de35a39_20,de40a44_09,de45a49_09,de50a54_09,de55a59_09,de60a64_09,de65a69_20,de70a74_09,de75a79_09,de80a84_09,de85a89_09,de90a94_09,de95a99_09,de100_09,ign_2009,de1_2010,de1a14_10,de15a19_10,de20a24_10,de25a29_10,de30a34_10,de35a39__1,de40a44_10,de45a49_10,de50a54_10,de55a59_10,de60a64_10,de65a69_10,de70a74_10,de75a79_10,de80a84_10,de85a89_10,de90a94_10,de95a99_10,de100_10,ign_2010,de1_2011,de1a14_11,de15a19_11,de20a24_11,de25a29_11,de30a34_11,de35a39_11,de40a44_11,de45a49_11,de50a54_11,de55a59_11,de60a64_11,de65a69_11,de70a74_11,de75a79_11,de80a84_11,de85a89_11,de90a94_11,de95a99_11,de100_11,ign_2011,de1_2012,de1a14_12,de15a19_12,de20a24_12,de25a29_12,de30a34_12,de35a39_12,de40a44_12,de45a49_12,de50a54_12,de55a59_12,de60a64_12,de65a69_12,de70a74_12,de75a79_12,de80a84_12,de85a89_12,de90a94_12,de95a99_12,de100_12,ign_2012,de1_13,de1a14_13,de15a19_13,de20a24_13,de25a29_13,de30a34_13,de35a39_13,de40a44_13,de45a49_13,de50a54_13,de55a59_13,de60a64_13,de65a69_13,de70a74_13,de75a79_13,de80a84_13,de85a89_13,de90a94_13,de95a99_13,de100_13,ign_13,de1_14,de1a14_14,de15a19_14,de20a24_14,de25a29_14,de30a34_14,de35a39_14,de40a44_14,de45a49_14,de50a54_14,de55a59_14,de60a64_14,de65a69_14,de70a74_14,de75a79_14,de80a84_14,de85a89_14,de90a94_14,de95a99_14,de100_14,ign_14,de1_15,de1a14_15,de15a19_15,de20a24_15,de25a29_15,de30a34_15,de35a39_15,de40a44_15,de45a49_15,de50a54_15,de55a59_15,de60a64_15,de65a69_15,de70a74_15,de75a79_15,de80a84_15,de85a89_15,de90a94_15,de95a99_15,de100_15,ign_2015,de1_16,de1a14_16,de15a19_16,de20a24_16,de25a29_16,de30a34_16,de35a39_16,de40a44_16,de45a49_16,de50a54_16,de55a59_16,de60a64_16,de65a69_16,de70a74_16,de75a79_16,de80a84_16,de85a89_16,de90a94_16,de95a99_16,de100_16,ign_16,de1_2017,de1a14_17,de15a19_17,de20a24_17,de25a29_17,de30a34_17,de35a39_17,de40a44_17,de45a49_17,de50a54_17,de55a59_17,de60a64_17,de65a69_17,de70a74_17,de75a79_17,de80a84_17,de85a89_17,de90a94_17,de95a99_17,de100_17,ign_17,de1_18,de1a14_18,de15a19_18,de20a24_18,de25a29_18,de30a34_18,de35a39_18,de40a44_18,de45a49_18,de50a54_18,de55a59_18,de60a64_18,de65a69_18,de70a74_18,de75a79_18,de80a84_18,de85a89_18,de90a94_18,de95a99_18,de100_18,ign_18
1715150,Novo Alegre,0,0,0,1,0,0,0,0,1,0,0,1,0,2,0,0,1,0,0,0,0,0,0,0,1,2,0,0,1,1,2,2,0,0,2,1,1,1,0,0,0,0,0,0,0,0,0,1,1,1,1,2,0,2,3,1,2,1,0,1,0,0,0,0,0,0,0,0,0,0,0,0,1,1,1,0,2,3,0,0,0,0,0,0,0,0,0,0,0,0,1,1,1,0,2,1,0,5,1,1,1,1,0,0,0,1,0,0,0,0,1,0,0,2,1,2,0,0,0,2,0,1,0,0,0,0,0,0,0,0,0,0,0,0,2,1,1,0,0,1,0,3,3,0,0,0,0,1,0,0,0,0,0,2,0,1,1,0,1,0,0,1,2,1,0,0,0,0,0,0,0,0,0,0,2,0,1,0,1,1,2,0,1,1,1,0,1,0,0,0,0,0,0,0,1,0,0,1,2,0,0,2,6,2,3,0,0,0,0,0
1715754,Palmeirópolis,1,0,0,0,2,1,1,1,2,1,2,1,1,5,5,1,3,3,2,0,0,2,2,0,1,0,1,0,2,1,3,0,5,0,3,3,3,2,2,2,1,0,1,1,0,0,1,2,0,0,1,3,1,4,4,2,1,2,3,0,1,0,0,0,0,0,1,1,1,2,1,2,2,5,4,1,3,6,6,3,2,1,0,0,2,0,0,0,0,2,5,1,2,1,4,4,0,4,4,4,3,2,3,0,0,2,0,0,0,1,3,1,0,2,3,8,1,2,5,7,3,5,3,0,2,0,2,0,0,0,0,1,2,3,1,2,2,1,2,2,4,5,3,1,0,1,0,0,2,0,1,1,0,2,0,0,2,1,5,2,3,1,3,2,5,0,1,0,1,0,0,3,1,2,0,2,5,2,2,4,2,4,2,4,2,1,1,0,0,0,0,0,1,0,2,1,5,1,3,1,2,3,4,6,4,2,0,0,1,0
1705557,Combinado,0,0,2,0,0,0,1,0,0,1,2,1,0,1,3,3,1,1,0,0,0,0,2,0,0,2,1,0,3,2,4,2,4,0,1,1,1,0,1,1,0,0,0,0,0,0,2,3,0,2,0,4,3,1,0,3,0,1,0,1,1,0,0,0,0,0,0,1,0,3,1,1,2,1,2,3,1,1,5,2,0,0,0,0,0,1,0,1,1,0,2,1,1,2,3,1,1,3,2,1,0,1,0,0,0,0,0,0,1,0,1,2,0,2,1,0,2,2,4,1,3,2,1,0,0,0,2,2,0,0,0,0,1,0,1,1,2,3,4,2,0,5,2,2,2,0,0,1,1,0,0,0,0,1,3,2,3,1,0,2,4,2,2,1,1,0,0,0,2,0,0,1,0,1,0,0,0,0,3,2,3,3,5,1,1,0,0,0,0,1,0,1,1,0,0,0,0,1,0,0,2,3,1,0,5,4,0,0,0,0
1702000,Araguaçu,1,1,1,0,0,1,0,1,1,2,2,3,3,3,6,7,2,4,0,0,0,2,3,1,2,2,4,1,3,3,4,0,2,4,4,7,4,7,6,1,0,0,0,1,0,0,1,2,1,1,1,4,1,1,8,7,6,4,0,4,1,0,0,0,0,1,1,0,2,3,2,3,2,1,4,6,2,3,7,3,3,1,1,0,2,2,0,0,0,3,1,1,2,1,3,0,8,3,3,9,6,3,0,0,0,0,0,0,1,0,1,1,0,1,4,2,4,3,2,6,8,3,0,2,0,0,1,1,1,0,1,2,1,0,2,3,2,2,3,7,2,10,2,2,1,0,0,0,0,2,1,0,1,1,1,1,5,4,1,5,4,7,6,2,3,2,1,0,4,1,0,2,2,2,0,0,0,4,2,3,5,2,5,6,5,1,1,1,0,0,0,0,1,3,0,2,4,3,7,1,5,3,3,2,3,3,0,0,1,0
1711506,Jaú do Tocantins,1,0,0,1,2,0,0,2,0,0,1,4,0,0,0,4,1,0,1,0,0,0,0,0,0,1,0,0,1,0,2,2,1,2,2,0,1,2,1,2,0,0,0,0,1,0,0,0,0,0,1,1,0,2,1,0,1,0,2,1,0,0,0,1,0,0,0,1,1,2,1,1,0,1,2,2,2,2,2,2,1,1,0,0,0,0,0,1,0,1,0,3,1,0,1,1,0,2,1,2,1,2,0,0,0,1,0,0,0,0,1,0,0,0,0,1,0,1,1,0,6,0,2,0,1,0,0,0,0,1,0,2,0,0,0,0,0,1,1,0,2,1,1,0,0,1,0,1,0,0,0,0,0,0,1,1,1,1,1,3,3,3,2,2,0,2,0,0,0,0,0,0,0,0,0,2,0,1,0,0,3,3,2,2,3,3,1,0,0,0,0,0,0,0,1,1,0,1,1,1,2,0,2,2,1,2,2,0,0,0
1720978,Talismã,1,0,0,1,0,0,0,0,0,0,0,0,0,0,0,0,0,1,0,0,0,0,0,0,1,0,0,0,0,2,1,0,0,1,0,1,1,1,0,0,0,0,0,0,0,0,1,1,0,0,0,1,1,2,0,2,0,1,1,0,0,0,0,0,0,0,1,0,0,0,1,1,0,0,1,2,1,2,0,1,0,0,0,0,1,0,0,1,1,0,2,0,0,1,0,2,0,2,1,1,0,0,0,0,0,0,0,1,1,2,0,0,0,2,1,0,3,2,1,0,1,1,3,1,0,0,0,0,2,0,0,0,0,0,1,0,1,1,1,1,1,0,0,0,0,0,0,0,0,0,0,0,1,0,0,1,1,5,1,1,0,0,0,1,0,0,0,0,0,0,0,0,0,2,0,1,2,1,0,0,1,4,3,0,0,0,0,0,0,0,0,1,0,0,0,0,0,0,0,2,1,1,0,0,1,1,0,0,0,0
1702406,Arraias,1,1,0,1,1,3,3,1,2,1,4,5,4,5,5,5,7,4,0,1,0,2,1,1,1,1,2,3,1,4,2,0,3,4,3,7,5,5,5,0,0,0,2,1,0,1,1,1,2,1,6,5,0,4,2,3,8,3,2,5,4,1,0,1,0,2,1,1,2,2,2,1,5,5,3,4,7,3,8,6,5,1,1,0,2,1,0,2,3,1,2,1,3,3,2,4,5,8,4,9,1,2,5,0,0,2,2,0,1,3,2,0,3,1,1,3,7,7,7,8,2,6,1,4,1,0,1,1,3,1,1,1,0,3,4,2,6,2,5,2,7,5,9,5,2,1,0,2,2,0,2,0,4,5,3,3,1,3,5,7,6,6,11,6,5,3,1,0,0,1,1,3,1,1,0,3,2,3,2,3,5,7,6,4,8,6,4,1,0,3,0,1,2,4,1,2,1,2,8,5,5,8,4,7,7,6,4,2,4,1
1720259,São Salvador do Tocantins,0,0,0,0,0,0,0,0,0,0,1,2,0,2,1,1,0,0,0,0,0,0,0,0,0,0,0,0,0,0,0,0,0,0,3,0,1,1,1,0,0,0,0,0,0,0,0,1,0,0,2,1,3,0,0,0,1,0,0,0,0,0,0,0,2,0,2,2,0,1,2,2,0,0,0,1,0,1,1,0,0,0,0,0,1,1,1,0,0,1,0,0,0,1,1,0,1,0,2,3,4,0,0,0,0,1,0,0,0,1,0,0,0,0,0,0,1,0,1,0,0,0,0,0,0,0,0,0,0,0,1,1,2,0,0,0,0,3,0,0,0,0,1,0,1,0,0,0,1,0,0,0,1,0,1,1,0,0,1,0,0,1,0,1,2,2,0,0,0,1,1,0,1,0,0,0,2,1,0,1,0,0,1,2,0,1,1,0,0,0,0,0,0,3,1,1,0,1,0,0,1,1,0,2,1,3,0,1,0,0
1700707,Alvorada,0,0,1,0,0,0,1,4,1,4,4,5,5,3,7,4,6,1,0,1,0,3,2,2,1,0,3,1,2,4,6,4,1,3,10,3,5,2,2,0,0,1,0,1,1,3,1,0,1,2,0,0,2,1,6,4,5,1,8,3,0,0,0,5,1,1,2,0,1,1,0,0,0,2,4,2,6,4,7,5,3,2,0,0,1,2,0,0,1,0,2,1,3,1,2,4,2,3,1,3,2,3,1,0,0,1,0,2,1,2,1,1,1,3,1,0,1,2,5,6,3,6,2,1,1,0,3,2,0,2,1,4,6,1,3,5,3,4,6,4,4,4,5,0,2,3,0,0,4,0,1,4,4,8,3,1,7,2,6,6,3,9,4,0,5,1,0,0,1,0,2,3,0,1,1,2,3,3,2,4,3,6,11,6,3,2,2,1,0,2,1,2,1,0,0,2,1,1,1,3,3,2,3,5,6,6,1,3,0,0
1720903,Taguatinga,3,2,1,1,2,2,1,3,1,4,5,7,3,2,3,6,7,3,2,0,0,4,3,1,3,3,2,5,3,0,4,4,7,9,3,5,8,3,4,3,0,0,1,3,0,1,3,3,1,4,3,5,2,5,7,5,8,5,3,1,0,0,0,1,2,0,0,4,1,4,5,4,3,3,3,3,3,7,6,3,5,2,2,0,0,1,2,2,2,3,1,1,4,10,3,4,11,9,6,12,4,2,1,0,0,3,2,1,1,2,0,3,1,4,3,4,4,8,3,7,8,3,5,1,1,0,1,0,1,2,3,1,1,4,3,5,2,9,8,10,7,9,6,5,2,2,0,2,2,2,1,3,4,3,2,6,5,5,6,6,5,9,16,5,4,3,7,0,0,2,4,0,1,7,0,0,2,3,4,8,6,13,8,8,3,5,4,4,0,0,0,1,4,1,3,4,2,1,2,7,4,11,9,9,7,9,6,3,2,0
1718840,Sandolândia,2,0,0,0,0,0,0,0,1,1,0,1,0,2,1,2,3,1,0,0,0,0,0,1,0,0,0,0,1,0,1,3,0,1,2,1,0,0,0,0,0,0,0,1,1,0,1,0,0,1,0,1,1,2,3,0,3,3,1,2,2,0,0,0,0,1,1,1,1,0,1,1,1,2,0,0,2,0,2,0,2,0,0,0,1,0,0,0,0,0,0,1,2,4,1,2,3,2,1,2,1,1,0,0,0,1,0,0,1,1,0,1,2,1,0,0,0,0,2,0,2,0,0,0,0,0,0,1,0,0,0,3,1,0,0,1,0,1,2,2,2,3,3,0,0,0,3,0,0,0,0,0,1,0,2,0,3,3,1,1,1,1,4,1,0,1,0,0,0,0,1,0,1,0,2,1,3,2,0,0,1,0,0,1,2,1,0,0,0,0,0,0,0,1,3,2,0,1,1,3,0,5,0,0,1,1,1,1,0,0
1716208,Paranã,2,3,1,2,2,3,0,2,2,5,2,2,2,3,5,3,8,0,0,0,0,0,1,1,2,1,4,1,3,0,3,3,5,8,4,6,2,4,1,2,0,0,5,0,1,2,1,3,0,4,3,3,1,1,2,4,7,2,0,2,1,0,0,2,3,4,1,0,4,3,3,1,2,4,1,1,5,5,5,0,3,1,0,0,2,0,1,1,3,2,5,2,4,2,3,5,3,5,2,2,0,3,1,0,0,1,2,2,1,1,2,2,3,2,4,2,5,4,4,3,6,4,5,2,2,0,2,0,0,1,2,0,2,5,0,4,3,0,4,6,5,5,6,3,6,2,0,1,1,3,2,2,3,0,2,3,1,5,4,3,1,0,4,4,2,1,1,0,2,1,1,0,2,2,0,2,4,5,0,5,7,3,4,6,5,2,2,2,0,6,0,1,2,4,4,3,2,1,1,3,4,2,4,3,5,4,4,0,1,0
1707652,Figueirópolis,1,2,2,0,0,0,0,0,4,1,0,3,1,8,3,2,2,0,0,0,0,0,0,2,2,0,2,4,0,2,3,4,0,0,2,4,6,3,2,1,0,0,0,0,0,1,3,1,0,0,0,1,1,2,5,4,3,2,1,1,0,0,0,1,1,1,0,1,1,1,0,0,2,0,2,4,1,2,1,1,0,1,2,1,1,1,1,0,1,0,1,2,5,0,2,2,4,1,4,5,0,1,1,0,2,2,0,0,2,0,1,0,0,0,0,2,0,1,3,5,4,2,2,0,1,0,1,1,1,1,1,3,3,2,1,2,5,3,2,5,3,4,2,2,0,1,0,0,1,0,0,0,1,0,0,2,0,0,4,5,6,1,0,6,1,0,2,0,0,3,2,2,0,0,1,3,2,3,1,4,4,9,6,5,5,1,0,0,0,0,1,0,0,1,2,2,0,0,3,2,3,0,1,5,4,5,1,0,0,1
1720937,Taipas do Tocantins,0,0,0,0,0,0,0,0,0,1,0,0,0,0,1,1,0,0,0,0,0,1,0,0,1,0,1,0,0,0,0,1,1,0,0,0,0,2,0,0,0,0,1,0,0,0,0,0,1,0,0,1,1,0,1,0,1,1,1,0,1,0,0,0,0,0,0,0,0,1,0,1,1,0,0,0,0,1,0,1,0,0,0,0,0,0,0,1,0,0,0,1,0,1,0,0,0,0,0,0,0,0,0,0,6,1,0,0,0,1,1,1,0,0,1,0,0,0,0,0,1,0,0,0,0,0,0,0,0,0,0,0,1,0,0,1,0,0,3,0,1,0,2,0,0,0,0,0,0,0,0,0,0,1,0,1,1,0,0,0,1,1,2,0,1,0,0,0,0,0,0,0,0,0,0,1,0,0,0,0,0,0,0,1,1,1,0,2,0,1,0,0,0,0,1,0,0,0,0,0,1,1,0,1,2,1,2,0,1,0
1720853,Sucupira,1,0,0,0,1,1,0,0,0,0,2,0,0,0,0,1,0,1,0,0,0,0,0,0,0,0,1,0,0,0,0,0,0,0,0,0,1,0,1,0,0,0,0,0,0,0,1,0,0,0,0,0,0,0,0,0,1,0,0,0,0,0,0,0,0,0,0,0,0,2,0,0,0,2,0,0,0,0,1,0,1,0,0,0,0,0,0,2,0,1,1,1,0,0,0,0,0,3,0,3,1,0,0,0,0,0,0,0,0,0,0,0,1,0,0,1,0,2,0,0,1,0,1,0,0,0,1,0,0,0,0,0,0,0,0,1,1,0,2,0,1,0,1,0,0,0,0,0,0,0,0,0,2,0,2,0,0,0,0,0,0,2,0,1,0,0,0,0,0,0,0,0,0,1,0,1,1,1,1,0,0,1,2,0,0,1,0,0,0,0,0,0,0,0,1,0,1,0,1,0,1,0,2,1,1,3,2,0,0,0
1705607,Conceição do Tocantins,0,4,1,1,1,1,0,0,0,0,2,2,0,2,1,2,1,0,1,1,0,0,0,3,1,1,4,0,0,0,0,0,1,2,2,1,3,2,2,0,0,0,0,1,1,0,0,0,0,0,2,0,1,3,2,2,1,2,3,0,0,0,0,2,1,0,0,1,1,0,1,0,1,1,4,0,3,0,0,1,0,0,0,0,2,0,0,1,0,2,2,0,1,3,0,1,5,0,2,1,3,1,0,0,0,4,1,1,0,1,2,0,1,0,1,1,0,1,1,0,2,3,0,1,1,0,2,0,0,2,0,1,0,0,2,1,0,1,3,3,1,0,0,0,0,1,0,1,0,2,2,1,0,0,0,1,2,1,1,1,2,1,4,3,1,0,0,0,2,0,1,1,0,0,0,0,3,3,2,0,0,3,3,0,2,0,1,0,0,1,0,0,2,0,0,0,0,2,0,1,5,0,1,1,1,2,3,1,0,0
1703867,Cariri do Tocantins,0,0,0,0,1,1,0,0,3,1,1,0,0,1,0,2,0,0,0,0,0,0,0,0,2,1,0,1,1,1,1,3,0,1,1,1,0,0,0,0,0,0,0,1,1,0,0,1,1,0,0,1,0,0,2,1,1,0,0,0,1,0,0,0,0,0,1,1,2,2,0,2,2,0,1,1,1,3,2,0,2,1,0,0,0,0,0,4,2,3,1,2,0,0,3,1,1,2,2,2,1,1,0,0,0,0,1,1,1,2,2,1,1,0,2,2,0,2,0,3,1,1,1,1,0,0,0,0,0,0,0,0,0,2,1,1,0,0,1,1,4,1,2,0,0,0,0,0,0,0,0,1,0,0,0,2,4,0,1,1,0,0,1,0,0,0,0,0,0,0,1,2,0,0,1,2,1,2,2,1,0,1,2,0,1,1,1,1,0,0,0,1,0,0,0,1,0,1,0,0,1,4,5,3,2,0,1,0,0,0
1708205,Formoso do Araguaia,4,4,2,3,4,4,3,2,2,5,5,4,5,7,10,7,9,2,2,0,0,4,1,1,2,4,2,4,3,3,9,6,3,4,11,7,4,9,1,1,0,0,4,2,0,0,3,1,7,3,6,3,7,5,7,8,6,5,4,4,2,1,0,3,4,5,5,5,4,3,4,4,4,4,4,4,9,6,8,9,4,2,0,1,5,1,3,3,2,5,1,2,7,4,3,6,5,8,9,10,4,5,1,1,0,4,0,2,2,2,5,4,2,5,7,6,2,4,9,7,6,3,3,0,0,0,1,4,1,4,3,2,3,5,3,4,4,6,6,6,8,8,3,5,3,0,0,4,1,1,2,6,4,2,3,7,3,7,4,6,4,9,5,3,8,1,0,0,2,2,3,1,5,3,4,5,3,6,5,10,9,12,13,7,6,6,3,2,0,5,1,3,6,3,2,2,3,5,8,5,4,8,12,8,13,9,4,1,1,0
1716604,Peixe,3,0,0,0,2,2,1,3,4,6,2,0,4,1,4,5,5,2,3,0,0,1,1,1,1,3,1,3,1,4,1,6,1,4,7,4,2,1,3,2,0,1,1,1,0,3,1,2,2,1,5,8,2,4,4,3,4,4,1,0,1,0,0,5,2,0,2,2,1,1,1,2,3,5,1,3,4,5,8,5,2,2,1,1,0,4,0,2,0,2,1,3,6,1,6,2,3,4,6,11,2,0,0,1,0,1,1,2,1,0,1,4,2,2,1,6,3,3,7,1,3,2,4,3,0,1,2,0,1,1,3,6,1,2,5,2,2,4,6,1,3,3,4,1,1,0,0,0,1,1,2,1,4,2,2,5,1,4,1,4,6,7,6,3,1,2,1,0,0,0,1,2,0,0,0,2,3,5,4,3,3,3,3,5,4,5,0,0,1,0,0,0,1,0,1,2,0,1,2,0,7,7,5,4,5,7,3,2,0,0
1709500,Gurupi,10,9,10,12,14,13,17,20,20,21,15,22,36,38,40,41,17,18,4,1,1,16,8,8,14,9,10,13,16,20,17,27,27,29,29,34,50,24,20,6,9,4,10,4,10,12,13,17,16,17,27,16,23,34,37,32,45,35,36,16,7,4,2,15,5,13,17,13,15,15,17,21,19,14,27,27,31,27,33,28,19,4,1,1,12,6,11,8,14,11,15,14,21,22,29,27,27,44,37,42,29,22,6,8,0,14,9,11,12,10,14,12,9,18,22,22,30,19,38,32,32,25,18,11,3,0,8,6,15,18,11,10,18,15,21,22,27,25,32,29,29,40,35,30,10,2,3,12,0,12,8,11,11,12,24,22,21,27,32,36,30,36,51,29,21,7,6,0,18,8,15,15,11,14,17,25,20,27,37,33,31,42,44,45,42,23,11,4,0,17,5,12,22,20,19,19,17,15,31,35,20,38,37,48,48,54,22,14,4,1
1718006,Porto Alegre do Tocantins,0,0,1,1,0,0,0,0,0,1,0,2,1,1,1,1,2,0,0,0,0,0,0,0,0,0,0,0,0,1,1,1,0,0,1,1,1,0,1,0,0,0,0,0,0,0,0,0,1,0,0,1,1,0,3,3,3,3,0,0,0,0,1,0,0,0,0,1,0,1,0,1,1,0,2,2,2,0,0,1,0,0,0,0,0,0,0,2,0,0,1,0,1,0,1,1,1,3,2,2,1,0,1,0,0,0,3,0,0,0,0,2,1,0,1,1,0,2,1,0,2,0,0,0,0,0,0,0,0,0,0,0,0,0,1,0,1,1,0,2,1,1,1,0,1,0,0,1,0,0,0,1,2,1,1,0,0,1,1,0,2,0,2,1,0,0,0,0,1,0,0,0,0,1,0,1,0,1,0,0,0,2,0,0,0,1,1,0,0,0,0,0,0,1,0,1,0,1,1,0,1,0,1,1,2,0,1,0,0,0
1720499,São Valério da Natividade,4,0,1,1,0,3,3,0,0,2,2,3,2,5,2,0,3,3,1,0,0,3,1,1,0,0,2,1,3,1,0,1,2,1,0,3,4,0,3,0,0,1,0,0,0,0,0,1,1,0,4,1,2,2,2,0,2,2,0,0,2,0,0,2,0,1,0,0,1,1,1,3,2,3,1,4,5,1,2,2,0,1,0,0,2,2,1,2,3,1,2,2,2,0,1,1,0,4,4,4,4,1,0,1,0,1,3,0,1,0,1,0,3,2,2,4,3,2,3,1,2,2,1,0,0,0,1,0,1,0,2,2,2,1,2,4,2,4,4,3,5,2,0,2,3,1,0,0,0,0,0,1,2,3,0,3,1,1,2,3,6,2,2,5,1,1,1,0,1,0,1,1,1,0,1,3,0,1,1,2,2,3,1,4,5,3,2,2,0,1,0,0,0,1,1,0,0,1,2,0,1,3,1,2,1,3,3,1,0,0
1705102,Chapada da Natividade,0,0,0,1,0,0,1,0,1,2,0,0,1,1,3,1,2,1,1,0,0,1,0,0,0,0,0,0,2,1,1,0,1,0,1,0,0,2,1,0,0,0,3,0,0,0,1,3,2,0,2,0,0,0,2,1,0,1,0,0,0,0,0,0,1,1,2,1,1,0,1,0,1,0,0,1,1,2,1,0,2,1,0,0,2,0,0,1,1,0,1,1,1,1,0,1,0,2,0,1,1,0,0,0,0,0,1,0,0,0,0,1,0,2,0,0,1,1,1,3,3,2,0,0,0,0,1,1,0,0,0,1,1,1,2,0,1,1,1,3,1,1,1,1,0,0,0,0,2,0,0,1,0,4,1,1,1,2,0,1,1,3,0,0,0,0,0,0,0,0,0,0,0,0,1,0,0,3,0,0,1,0,1,3,1,1,0,0,0,0,0,0,0,0,0,1,0,0,0,0,0,1,2,2,2,1,1,0,0,0
1714203,Natividade,5,2,1,2,5,3,0,5,0,2,3,2,2,2,5,9,2,3,1,0,1,2,0,0,3,3,1,4,3,3,2,2,4,2,5,4,2,5,5,1,1,0,1,3,1,0,1,5,2,2,3,3,3,4,4,5,3,5,2,4,3,0,0,2,3,0,3,1,1,1,1,2,2,0,5,5,7,6,3,3,4,2,0,0,1,0,1,1,3,2,2,3,1,3,2,1,3,1,2,4,1,8,2,1,0,2,0,0,0,2,1,1,3,1,3,3,5,8,7,2,4,8,1,0,0,0,6,1,0,3,1,2,4,2,3,3,2,4,4,2,3,4,5,3,3,1,0,1,1,2,1,1,1,3,4,1,6,0,5,2,5,8,9,2,0,2,3,0,1,2,2,1,2,5,3,3,1,3,8,6,6,7,6,4,3,9,1,1,1,2,1,1,2,1,2,2,4,7,4,4,2,3,11,3,3,7,4,0,2,0
1718907,Santa Rosa do Tocantins,0,0,2,1,0,2,0,1,0,0,1,2,2,2,2,4,3,2,0,0,0,2,1,0,0,0,0,1,0,2,0,1,3,0,4,5,0,3,1,0,0,1,0,2,1,0,1,1,1,1,1,1,2,0,3,3,0,1,0,2,0,0,0,0,1,0,0,0,0,1,0,0,0,1,4,1,1,2,0,2,2,0,0,0,0,0,0,0,0,0,3,1,1,0,1,0,1,2,3,3,2,1,3,0,0,1,0,0,0,0,0,0,1,1,3,1,2,2,2,3,3,4,1,1,0,0,1,1,0,0,0,1,0,2,0,0,0,3,0,0,2,1,1,1,0,0,0,1,1,0,1,0,3,0,2,1,4,4,1,0,1,2,2,1,0,1,0,0,0,0,0,0,1,2,1,1,0,2,1,1,5,1,1,1,1,3,1,0,0,1,1,0,0,1,0,2,1,2,0,1,3,1,1,3,1,1,1,1,0,0
1700350,Aliança do Tocantins,0,0,1,1,0,0,0,0,4,3,0,4,2,2,3,0,1,0,0,0,0,0,4,2,2,1,3,0,0,3,1,1,1,4,5,4,6,6,2,2,1,0,2,0,0,1,1,3,1,0,1,1,2,2,2,5,2,4,2,2,1,0,0,2,0,1,1,1,4,3,1,1,0,2,2,3,2,1,2,0,1,1,0,0,0,3,0,2,3,0,1,0,2,1,3,0,4,5,0,6,0,1,0,1,0,1,0,3,1,2,1,2,1,1,0,1,2,3,3,5,2,2,3,0,0,0,1,0,0,1,1,0,0,1,1,1,3,1,3,3,5,2,1,2,1,0,0,1,0,0,2,0,2,3,3,0,4,1,3,1,3,4,4,4,1,2,0,0,1,2,0,1,1,2,0,1,3,2,1,3,10,5,4,6,6,2,3,0,0,1,0,0,0,1,0,0,3,0,3,3,4,5,2,3,5,2,4,1,0,0
1706258,Crixás do Tocantins,0,0,0,0,0,0,0,0,0,0,0,0,0,0,0,0,0,1,0,0,0,0,0,0,0,0,0,0,0,0,0,1,0,0,1,0,0,1,0,0,0,0,0,0,0,0,1,0,0,1,0,2,2,0,2,1,0,2,1,0,0,0,0,0,0,0,0,0,0,0,0,0,0,2,1,0,1,1,2,0,0,0,0,0,0,0,0,0,1,1,1,0,0,2,2,0,0,0,0,2,2,1,0,0,0,1,0,0,1,1,1,0,1,0,0,0,0,0,1,1,1,1,0,0,0,0,0,1,0,0,0,0,0,0,1,0,1,1,0,0,1,1,0,0,0,0,0,0,0,1,1,0,0,1,0,1,0,0,1,0,0,1,1,0,0,1,0,0,0,0,0,0,0,0,0,0,0,3,0,0,1,0,0,1,1,0,0,0,0,1,0,0,0,0,0,0,0,0,0,0,1,0,0,0,1,1,0,0,0,0
1707306,Dueré,0,1,0,2,0,0,0,1,0,1,0,2,3,2,3,1,0,0,0,0,0,1,0,1,0,0,2,0,2,2,3,0,1,1,2,1,3,1,0,0,0,1,1,0,1,1,1,0,1,2,2,3,0,1,1,2,3,1,2,0,0,0,0,0,0,0,0,1,1,0,3,0,0,0,0,2,2,2,0,1,1,0,0,0,0,0,1,0,1,1,0,1,2,1,2,1,5,1,6,2,0,1,0,0,0,0,0,0,0,1,1,1,2,2,0,3,3,2,1,3,3,3,1,1,1,0,0,1,2,1,0,1,0,2,0,0,1,0,0,4,1,3,5,1,0,0,0,0,0,0,2,1,0,0,2,0,2,3,3,1,1,3,2,2,1,1,0,0,1,0,0,0,0,1,0,1,1,1,3,3,1,1,3,1,1,1,3,1,0,0,0,1,0,1,0,1,1,1,1,1,2,2,0,1,3,4,3,0,0,0
1700400,Almas,2,0,2,0,0,1,1,2,4,1,2,0,3,1,7,3,2,2,0,0,0,0,2,0,3,1,1,0,4,4,1,1,3,0,4,2,0,1,3,0,1,0,2,1,0,2,1,2,1,4,2,2,5,3,6,9,2,1,3,3,1,0,0,1,0,1,1,2,1,0,1,1,4,3,2,3,6,2,2,3,2,0,0,0,0,5,2,0,1,1,1,1,3,0,3,5,3,4,3,1,3,0,2,0,0,2,2,2,1,1,4,0,2,4,6,0,0,1,4,3,2,5,1,1,0,0,2,0,1,0,0,1,0,3,3,0,2,2,1,6,5,6,1,1,0,1,0,1,1,1,1,1,1,0,1,1,1,2,3,3,3,2,4,4,5,2,2,0,0,1,0,0,2,1,2,0,2,3,2,3,3,4,1,6,4,3,1,1,0,0,1,1,0,0,3,0,1,0,0,2,1,3,4,2,2,1,1,0,0,0
1717008,Pindorama do Tocantins,0,0,0,1,1,0,1,0,2,0,0,1,3,3,3,3,4,1,1,0,0,0,1,0,0,1,1,1,0,1,3,2,1,2,0,2,2,0,3,1,0,0,0,1,1,0,0,0,1,0,0,2,0,1,3,2,0,2,5,1,0,0,0,1,0,0,0,2,0,0,0,1,1,3,1,2,3,1,2,3,1,1,0,0,0,1,0,0,1,0,0,1,1,1,1,0,0,1,3,2,2,1,0,1,0,0,0,0,1,1,0,3,1,0,2,1,4,2,2,1,1,0,0,0,0,0,1,0,0,0,1,0,1,1,0,2,0,2,2,3,1,2,0,2,1,0,0,1,0,0,1,0,1,2,0,1,1,0,1,4,2,0,1,5,0,1,0,0,1,0,1,2,0,2,0,1,1,2,0,1,1,4,5,3,1,1,1,0,0,2,0,0,2,0,0,0,0,1,2,0,0,2,2,0,0,2,0,0,0,0
1709807,Ipueiras,1,0,0,0,0,0,0,0,0,0,0,0,3,1,0,0,0,1,0,0,0,1,0,0,0,0,0,1,0,1,1,0,1,2,1,1,0,0,0,0,0,0,0,0,0,0,0,0,1,0,1,1,0,0,1,0,2,0,0,1,0,0,0,0,1,0,0,0,1,0,1,0,0,0,0,0,1,2,0,2,0,0,0,0,0,0,0,0,0,1,0,1,1,2,0,1,0,0,1,0,1,0,0,0,0,0,1,0,0,0,0,0,0,0,0,0,1,0,0,1,0,2,1,0,1,0,0,0,0,0,1,1,1,0,1,1,0,0,2,0,1,1,1,1,0,0,0,0,0,1,0,0,0,0,0,0,0,0,1,1,0,2,1,0,0,0,0,1,0,0,0,0,2,1,0,0,0,0,1,0,0,0,1,1,0,0,1,0,0,0,0,0,1,0,0,0,0,0,2,0,1,0,1,3,0,0,1,0,0,0
1720655,Silvanópolis,1,0,0,0,2,0,1,0,1,0,2,1,3,7,2,2,2,2,0,0,0,1,0,1,1,0,1,1,0,1,1,1,2,3,2,2,1,1,0,1,0,0,0,0,1,1,1,2,1,2,2,0,2,3,4,3,3,3,5,0,0,0,0,1,0,1,1,1,1,2,0,1,2,3,0,1,3,0,1,5,2,0,1,0,0,1,2,1,3,2,2,1,1,1,1,1,4,2,2,5,2,3,1,0,0,0,1,1,1,2,0,0,0,0,1,2,2,9,3,4,0,3,2,0,1,0,3,2,1,0,1,2,1,1,2,1,1,1,2,5,4,1,1,1,1,0,0,1,0,1,0,0,1,2,3,2,1,1,0,5,3,3,2,2,3,2,0,0,1,0,0,0,2,1,1,1,3,0,4,2,3,3,1,3,4,3,0,1,0,4,0,0,1,2,0,1,1,1,0,2,3,2,4,9,1,3,5,2,1,0
1703701,Brejinho de Nazaré,2,0,2,0,1,2,2,1,0,3,2,4,3,1,4,4,1,1,0,0,0,1,0,1,0,1,2,1,1,1,2,0,5,1,4,4,1,0,4,2,0,0,2,1,1,1,3,1,3,2,2,0,1,2,2,4,2,5,1,3,0,0,0,2,0,2,3,1,0,1,1,1,0,2,3,0,1,9,2,1,2,1,0,0,1,1,0,1,0,1,3,1,3,1,1,2,1,4,5,5,5,2,1,0,0,0,0,1,0,0,1,1,1,1,0,3,1,5,1,2,4,5,6,0,1,0,0,1,0,0,1,1,3,3,2,2,3,1,2,1,1,3,3,3,1,1,0,1,0,1,3,0,2,1,1,2,1,2,5,2,0,4,1,4,1,0,0,0,1,0,0,0,1,0,0,1,6,4,3,3,2,4,3,4,4,3,2,0,0,0,0,0,0,1,0,0,0,1,1,1,0,2,4,10,3,1,3,1,1,0
1718899,Santa Rita do Tocantins,0,0,0,1,0,0,0,2,0,2,2,0,1,1,1,0,0,0,0,0,0,0,0,0,2,0,0,0,0,1,0,0,1,0,0,0,1,1,0,0,0,0,0,0,0,1,0,0,2,1,1,1,1,0,2,1,2,1,2,0,1,1,0,1,0,1,0,0,0,0,0,3,0,0,0,0,1,0,0,0,0,0,0,0,0,0,0,0,0,1,0,0,0,0,0,0,0,0,0,1,0,0,0,0,0,0,1,0,0,0,0,0,0,0,0,0,1,2,0,1,0,0,0,0,0,0,0,0,0,0,0,0,0,0,0,0,0,0,0,2,1,0,0,0,0,0,0,0,0,0,0,1,0,0,1,0,0,0,2,0,0,1,0,0,0,0,0,0,1,0,0,0,0,0,0,0,0,0,0,0,2,0,0,1,0,0,0,0,0,0,0,1,0,0,1,0,0,1,0,3,2,1,2,1,0,0,0,0,0,1
1707553,Fátima,0,0,0,0,0,0,0,0,1,1,2,2,2,1,2,2,0,0,0,0,0,0,0,1,1,4,1,0,4,1,1,2,3,3,1,3,3,2,1,0,0,0,0,4,1,0,1,0,1,1,1,0,0,1,1,3,1,3,1,2,0,0,1,0,0,1,0,0,2,0,0,0,1,1,1,0,1,1,1,1,1,2,0,0,0,0,0,2,2,1,2,2,1,0,1,1,1,1,2,4,3,1,1,0,0,0,0,0,1,0,2,2,0,1,0,0,3,0,3,2,1,2,3,0,0,0,0,1,0,0,0,1,1,2,0,0,2,1,2,1,3,1,4,0,0,0,0,1,1,0,0,1,1,0,1,0,0,4,2,2,1,1,0,1,0,1,0,0,1,0,1,0,1,0,1,0,1,1,0,0,2,5,0,1,3,1,0,0,0,0,0,1,0,0,0,0,1,0,0,2,1,1,2,7,1,4,2,0,1,0
1715507,Oliveira de Fátima,1,0,0,0,0,0,0,0,0,0,0,0,0,0,0,1,0,0,0,0,0,0,0,0,0,0,0,0,0,0,1,0,0,1,0,0,1,0,1,0,0,0,1,0,0,0,0,0,0,0,0,0,1,0,0,1,0,0,0,0,0,0,0,0,0,0,0,0,0,0,0,0,0,0,0,0,0,1,0,1,0,0,0,0,0,0,0,0,1,0,1,1,0,0,0,0,0,1,0,1,0,0,0,0,0,1,0,0,0,0,0,1,0,1,0,0,0,1,0,1,3,2,0,1,0,0,0,0,0,0,0,1,1,0,0,0,1,0,0,0,0,2,0,0,0,0,0,0,0,0,1,0,0,0,0,1,0,0,1,0,0,1,1,1,1,0,0,0,0,0,0,0,0,0,0,0,0,0,0,0,2,1,1,1,0,0,0,0,1,0,0,0,0,0,0,0,1,0,0,1,0,2,1,0,0,0,1,0,0,0
1711902,Lagoa da Confusão,3,2,0,1,0,2,1,3,3,2,1,1,6,4,3,4,2,2,2,0,0,1,2,0,0,2,2,0,0,4,1,3,1,1,5,0,2,2,1,0,0,0,1,3,3,1,5,4,2,1,2,3,1,2,2,3,2,4,3,1,1,0,1,4,3,3,2,0,2,3,2,3,4,1,2,1,3,2,4,0,0,2,0,0,3,6,1,2,5,0,2,3,0,0,2,1,3,0,3,2,1,0,2,0,2,7,5,3,3,1,2,5,4,2,0,0,3,3,3,2,3,1,3,0,0,0,3,4,4,4,4,8,2,2,1,3,1,1,4,1,2,5,1,1,1,0,0,4,5,6,4,2,3,3,3,3,3,3,6,2,4,1,5,2,2,1,0,1,5,4,0,6,2,2,1,7,4,3,1,4,2,8,6,5,4,2,1,0,0,3,4,7,4,3,3,1,5,4,4,4,5,5,1,5,3,4,1,3,0,0
1706100,Cristalândia,1,0,0,0,2,2,1,2,1,1,2,2,1,5,2,0,2,3,0,0,0,2,0,0,0,2,2,2,2,1,2,1,4,1,2,5,4,9,4,1,0,0,1,0,0,2,1,2,1,1,1,4,1,2,1,3,4,0,8,3,1,1,0,1,1,0,2,0,3,1,2,6,2,3,0,0,3,2,10,2,8,0,1,0,1,0,0,0,2,1,1,0,2,3,0,0,3,3,11,4,1,2,1,1,0,1,1,1,1,0,0,0,0,1,1,3,3,1,2,3,4,0,7,2,1,0,0,0,0,1,2,0,0,2,1,3,0,1,7,3,8,3,5,6,0,3,0,0,0,0,4,0,1,0,2,1,3,1,6,2,1,4,7,6,6,0,1,0,1,0,0,1,1,1,1,3,3,2,0,1,7,3,8,4,2,6,1,0,0,0,0,0,2,0,1,1,2,0,2,3,4,2,5,3,8,6,1,1,2,0
1715002,Nova Rosalândia,0,0,0,0,1,0,0,2,1,0,0,2,4,0,3,2,2,0,0,0,0,1,0,1,0,1,1,1,0,2,0,2,2,4,4,0,0,3,1,0,1,0,0,0,0,1,1,0,1,0,0,1,1,2,2,2,2,5,1,0,0,0,0,0,0,0,1,0,0,0,2,1,0,0,1,1,2,1,4,3,0,1,0,0,1,0,2,1,1,0,0,0,0,2,4,1,2,2,4,2,0,0,0,1,0,1,0,1,1,0,0,1,1,1,1,2,2,1,3,2,2,3,1,0,0,0,0,0,0,0,1,2,1,0,1,1,1,2,3,1,1,4,0,0,2,0,0,1,0,0,0,0,0,0,1,2,1,1,2,0,2,3,2,1,0,0,0,0,0,0,0,0,1,0,0,2,2,1,0,3,4,3,2,2,1,1,3,0,0,1,0,0,0,1,2,1,2,1,0,1,3,2,1,6,7,0,1,0,0,0
1717909,Ponte Alta do Tocantins,2,1,0,1,5,0,1,0,3,0,3,2,5,3,3,3,2,1,0,2,0,1,1,1,2,0,1,2,1,2,1,0,2,2,3,3,5,2,2,0,0,1,0,2,1,2,0,1,3,0,1,1,3,4,2,3,3,0,0,3,0,1,1,0,1,2,4,0,0,2,1,1,2,3,0,5,6,6,4,5,3,3,0,0,1,0,1,0,1,2,1,2,1,0,1,2,2,3,1,0,3,0,0,1,0,1,1,1,3,1,1,1,2,1,4,4,2,1,3,7,7,3,1,0,1,0,2,1,1,3,1,0,1,2,0,1,1,4,3,3,3,3,3,2,1,2,0,0,0,0,2,2,2,3,2,0,2,5,0,4,5,2,2,6,0,0,0,0,2,2,1,1,0,2,2,1,3,4,1,0,2,5,0,3,4,2,0,2,0,0,1,0,0,1,2,1,0,3,4,0,1,2,3,3,4,3,2,0,0,0
1718451,Pugmil,0,1,0,0,0,1,0,1,2,0,1,0,1,0,1,0,1,0,0,0,0,0,0,0,1,3,0,1,0,1,1,1,0,0,5,1,3,0,1,0,0,0,0,0,0,0,1,1,1,1,0,0,1,1,2,3,0,1,0,0,0,0,0,0,0,0,0,0,0,0,1,0,0,0,0,3,0,1,0,1,0,0,0,0,1,1,0,0,0,0,2,0,1,2,0,1,2,2,0,4,1,0,1,1,0,0,0,1,1,0,0,0,1,0,0,2,2,0,1,2,2,2,0,0,0,0,0,0,0,1,0,0,1,1,2,2,2,0,0,0,3,0,1,0,0,0,0,1,0,1,1,0,0,0,0,2,1,0,0,2,2,1,1,1,1,0,0,0,0,1,0,0,0,1,1,0,0,0,1,1,1,1,3,1,0,0,3,1,0,0,0,0,0,0,1,1,0,2,1,1,0,3,0,3,1,1,1,1,1,0
1713601,Monte do Carmo,0,0,0,1,0,0,1,2,0,0,1,3,2,3,2,5,3,1,1,0,0,1,1,1,1,2,1,1,0,2,0,1,1,1,5,2,6,4,1,0,0,0,5,0,1,1,0,0,0,2,1,4,2,4,1,2,3,1,2,4,1,0,0,2,0,0,0,1,1,1,1,1,0,1,5,1,3,3,2,1,1,1,0,0,2,2,1,1,0,0,2,3,1,4,1,2,2,2,4,0,1,1,1,1,0,1,0,0,0,0,2,2,2,0,1,2,3,4,5,2,1,4,2,2,0,0,1,0,0,0,0,0,0,2,2,3,3,5,5,1,3,2,3,1,0,2,0,2,0,1,0,1,3,1,0,3,1,4,1,4,2,1,1,3,1,0,0,1,1,1,0,0,0,0,1,0,1,3,2,2,5,5,6,2,3,3,3,0,0,1,0,1,1,0,3,2,0,1,1,3,1,1,6,0,5,2,4,0,0,0
1719004,Santa Tereza do Tocantins,0,0,0,0,2,1,0,0,1,0,0,0,0,0,0,0,0,0,0,0,0,0,1,0,0,2,1,0,1,0,0,0,1,0,1,1,0,0,2,0,0,0,0,0,0,0,1,0,0,1,0,1,0,0,0,5,1,1,0,0,0,1,0,1,0,1,0,0,0,0,1,0,0,1,0,0,1,1,0,1,0,0,0,0,1,3,1,1,1,0,2,0,1,0,1,0,3,3,2,2,2,0,0,0,0,0,0,1,0,0,1,0,0,0,0,0,1,0,1,1,0,0,0,0,0,0,2,0,0,1,1,0,1,1,0,1,1,0,1,2,5,0,0,1,0,0,0,0,1,0,1,0,0,1,1,2,1,1,0,3,0,0,0,3,0,0,0,0,1,0,0,0,0,0,0,0,0,3,2,2,1,2,0,3,0,0,0,0,0,0,0,0,1,0,1,0,0,1,1,0,0,0,1,1,4,4,0,0,0,0
1711951,Lagoa do Tocantins,0,0,0,1,1,1,0,0,1,0,3,0,0,1,2,2,2,0,0,0,0,1,1,1,0,1,1,0,1,1,2,1,2,0,1,1,2,0,1,0,0,0,1,3,0,1,0,1,0,3,1,0,1,0,0,0,1,0,3,0,0,1,0,0,0,0,1,0,1,2,0,0,2,2,0,0,3,1,2,0,1,0,0,0,0,1,0,1,0,0,0,0,1,2,1,0,1,2,4,0,2,1,0,0,0,0,0,0,0,0,2,0,1,1,2,1,4,0,4,3,3,1,0,0,0,0,0,1,1,2,0,0,2,0,1,4,0,0,0,0,2,1,0,1,0,1,0,2,0,0,1,1,0,0,1,0,1,3,0,1,3,1,1,1,0,1,0,0,0,1,0,0,0,0,2,1,0,1,0,2,1,1,2,3,1,0,1,0,0,1,0,0,1,1,1,2,1,2,1,1,0,0,0,0,3,4,2,0,0,0
1716109,Paraíso do Tocantins,9,3,6,5,5,10,10,13,10,9,17,15,11,20,20,24,11,11,2,0,0,2,10,8,12,9,5,9,15,9,8,6,13,13,29,28,18,13,10,4,1,1,13,4,7,5,8,8,9,7,12,16,17,23,16,19,23,29,12,7,2,3,0,10,1,4,6,4,2,6,13,9,7,16,7,21,16,25,23,25,3,4,1,0,4,6,2,5,8,8,7,16,10,15,10,10,24,18,26,26,19,8,2,0,0,5,5,5,6,8,6,13,11,9,14,10,19,19,20,15,23,20,15,7,2,0,11,10,7,11,8,7,9,7,8,12,14,18,14,15,26,27,26,18,4,2,2,10,6,4,6,10,8,7,13,13,13,19,9,23,25,18,22,18,14,2,0,2,7,5,1,11,7,8,5,11,12,12,20,17,16,17,22,37,15,10,7,2,1,3,2,6,9,6,6,6,7,7,17,16,19,9,18,30,27,15,13,1,2,0
1718204,Porto Nacional,9,10,6,12,12,11,11,15,11,14,13,16,14,13,12,13,21,10,11,2,0,21,5,5,10,12,10,13,6,14,9,18,19,18,26,23,20,22,10,7,3,0,9,6,8,9,8,28,12,8,8,8,17,21,14,27,18,18,24,12,11,3,0,10,8,8,12,12,10,11,18,17,13,6,16,19,28,24,21,16,17,8,5,0,4,4,4,7,7,14,10,13,7,9,11,23,13,14,21,21,41,9,6,3,0,12,5,9,12,8,9,16,17,7,12,15,15,25,24,27,21,28,20,9,0,0,9,8,3,15,15,13,14,9,13,12,18,22,25,21,35,21,19,20,11,2,1,6,4,7,16,10,15,11,14,8,16,18,21,27,28,30,23,21,10,9,3,0,13,1,5,16,14,10,9,10,11,14,20,22,22,23,27,31,23,16,8,3,1,21,6,8,15,10,13,14,15,9,14,21,12,18,23,38,33,37,19,6,6,0
1704600,Chapada de Areia,0,0,0,0,0,0,1,0,0,0,0,0,0,0,0,0,0,0,0,0,0,0,0,0,0,0,0,1,0,1,0,0,1,0,0,0,0,0,0,0,0,0,0,0,0,0,0,0,1,0,0,0,0,0,0,1,1,0,0,0,0,0,0,0,0,1,0,0,0,1,1,0,1,0,0,2,0,0,0,1,0,0,0,0,0,0,0,0,0,0,1,0,0,1,0,0,1,1,0,0,0,0,0,0,0,0,0,0,0,0,1,1,1,1,0,0,0,0,2,0,0,0,0,0,0,0,0,0,0,0,0,0,0,0,0,2,0,2,2,2,1,1,1,0,0,0,0,0,0,0,1,0,1,0,0,0,1,0,0,1,0,1,1,0,0,0,0,0,1,0,0,0,0,0,1,0,0,2,0,0,2,0,2,1,1,0,1,0,0,0,0,0,0,0,0,0,0,2,0,1,0,0,0,1,0,2,0,0,0,0
1721000,Palmas,62,28,15,28,20,38,27,27,47,47,46,29,61,51,65,38,27,19,11,0,0,49,30,28,23,40,28,29,45,38,54,51,38,36,44,47,43,34,13,8,2,1,67,23,28,35,38,39,39,27,49,44,58,31,54,55,65,54,34,18,10,3,1,47,24,24,27,28,39,27,42,32,44,52,49,73,74,62,63,34,18,8,3,0,48,31,24,31,33,31,40,42,45,38,59,75,72,76,57,66,36,26,10,3,0,57,22,34,35,39,43,46,43,52,44,60,75,73,86,69,59,43,24,5,4,0,60,18,34,40,51,38,48,45,41,47,67,65,65,65,86,77,66,32,16,4,11,60,27,30,33,33,44,38,46,43,55,58,55,48,71,76,58,51,36,15,6,3,55,21,34,40,43,36,47,43,51,49,58,49,82,78,101,73,55,34,14,8,9,63,25,35,46,46,40,43,29,51,60,57,73,59,82,77,70,57,20,8,6,0
1715101,Novo Acordo,1,0,1,0,0,0,0,1,0,1,0,0,0,1,2,1,3,3,0,1,0,0,0,0,0,2,0,1,1,2,1,0,3,3,1,3,2,2,1,1,1,0,2,0,0,1,0,0,1,2,1,0,1,1,1,3,3,4,2,0,0,0,0,1,3,0,0,2,0,0,1,1,0,2,2,2,4,0,3,1,2,1,1,0,0,1,0,0,1,0,0,1,0,1,0,1,2,4,3,1,0,3,0,0,0,2,1,0,3,0,0,1,0,0,2,0,2,0,2,0,1,1,0,0,1,0,1,0,1,2,1,2,1,0,1,1,3,1,3,0,1,4,3,2,0,1,0,1,0,1,2,1,1,2,0,0,1,4,1,1,2,1,0,0,0,1,1,0,2,0,0,2,0,0,0,1,0,0,1,1,1,0,1,2,1,1,1,0,1,0,0,0,0,0,0,0,0,1,0,0,1,1,1,2,1,4,1,0,0,0
1720150,São Félix do Tocantins,0,1,0,0,0,0,0,0,1,0,0,0,0,4,0,0,1,0,0,0,0,0,0,0,0,0,0,1,0,0,0,0,0,0,0,0,0,0,0,0,0,0,0,0,0,0,0,0,0,0,1,0,1,0,0,0,0,0,0,1,1,0,1,0,0,0,0,0,0,0,1,0,1,1,0,0,1,0,1,0,0,0,0,0,1,1,0,0,0,0,1,0,1,1,0,2,0,0,0,2,0,0,0,0,0,0,0,0,0,0,0,0,0,0,0,0,0,1,0,0,0,0,1,0,0,0,1,0,0,0,0,0,0,0,0,2,0,2,1,1,1,0,0,1,1,0,0,1,0,0,0,0,1,0,0,0,0,1,0,1,1,0,0,1,0,0,0,0,0,0,0,0,0,1,0,0,0,0,1,0,0,1,0,0,1,0,0,0,0,0,0,0,1,0,0,0,0,0,0,0,0,0,0,0,0,0,0,0,0,0
1713700,Monte Santo do Tocantins,0,0,1,0,0,1,1,1,0,0,1,0,3,0,0,0,0,0,1,0,0,0,0,1,1,1,0,0,0,2,1,0,0,1,0,1,1,1,0,0,0,0,0,0,0,0,0,0,0,0,0,0,1,1,2,1,0,0,0,1,0,0,0,1,1,0,0,0,0,2,1,0,1,0,1,1,0,1,1,1,0,0,0,0,0,0,0,0,0,0,1,0,0,2,0,0,2,1,0,2,0,1,0,0,0,0,1,1,1,0,0,0,1,0,1,0,1,3,2,3,5,1,1,0,0,0,0,0,0,0,0,1,4,1,1,0,0,2,0,2,2,2,1,0,0,0,0,0,0,0,0,0,0,0,0,0,1,2,2,0,3,1,1,1,0,0,0,0,0,0,0,0,0,0,0,1,2,1,2,3,0,0,1,2,0,0,0,1,0,1,0,0,0,0,0,0,1,0,2,1,2,0,2,2,0,1,0,0,0,0
1701101,Aparecida do Rio Negro,1,1,0,0,0,1,0,2,0,0,2,2,3,4,1,1,0,1,0,0,0,3,0,1,0,0,3,1,1,0,1,0,3,3,0,2,4,1,0,1,0,0,0,0,1,1,2,0,1,0,0,1,2,1,0,4,3,3,2,0,0,0,0,1,2,0,0,0,1,2,0,0,0,0,1,4,1,2,2,0,2,1,0,0,1,1,1,1,0,0,0,0,0,0,2,2,2,1,3,3,0,2,1,0,0,0,0,0,0,1,1,2,1,2,1,1,0,1,4,2,1,3,0,0,0,0,1,1,1,0,0,0,1,0,2,0,1,1,2,0,3,2,1,0,1,0,0,0,0,0,1,0,0,1,0,1,0,0,4,1,1,5,1,2,0,0,0,0,0,0,0,0,2,3,1,0,2,2,3,6,2,2,1,1,2,0,0,2,0,2,2,0,1,0,1,1,2,1,2,2,1,0,4,6,5,2,1,1,0,1
1703107,Barrolândia,0,0,0,0,1,1,1,1,4,1,3,1,2,5,1,4,3,1,2,1,0,2,2,2,0,4,1,2,1,1,3,1,2,4,6,4,6,4,3,1,1,0,1,0,3,1,1,4,0,3,1,1,2,4,2,8,4,4,0,0,0,1,0,2,0,0,0,0,0,0,1,4,2,2,4,3,3,1,3,1,2,1,0,0,0,1,0,0,2,2,1,0,1,2,4,1,1,3,4,2,3,1,1,0,0,1,0,1,1,0,3,0,1,3,3,3,4,6,4,7,2,4,2,0,0,0,0,0,2,1,2,0,0,0,2,0,1,2,3,2,1,2,3,2,1,0,0,1,0,1,2,1,0,0,0,0,6,3,2,4,5,5,5,4,4,1,1,0,2,0,2,1,1,1,1,3,3,4,1,1,4,1,8,4,4,1,0,0,0,0,0,1,2,0,0,1,0,0,0,1,5,4,6,2,2,4,1,1,1,0
1712009,Lajeado,0,0,0,0,0,1,1,1,1,0,0,1,0,0,1,0,1,0,0,0,0,1,0,0,1,2,0,0,0,3,1,3,1,0,2,1,1,1,0,0,0,0,0,0,0,0,0,1,1,0,0,0,1,1,0,0,3,1,2,1,0,1,0,1,0,1,0,0,1,0,1,0,0,3,1,2,0,1,1,1,0,0,1,0,1,0,1,0,0,1,1,0,2,0,1,0,1,0,0,0,1,0,1,0,0,1,0,0,1,0,1,0,1,1,2,3,3,0,1,4,1,2,1,1,0,0,0,1,0,0,0,1,1,3,0,2,1,1,1,0,0,1,4,2,1,0,1,1,0,0,1,1,2,1,2,2,2,0,1,0,3,1,1,2,1,0,0,0,0,0,0,0,0,1,0,1,1,2,1,2,2,1,0,1,1,1,0,0,0,1,1,0,2,1,0,0,1,0,1,2,1,0,2,5,1,3,1,0,0,0
1712504,Marianópolis do Tocantins,1,1,0,0,1,0,0,0,1,0,1,1,2,2,1,0,0,1,1,0,0,0,0,1,0,0,0,1,1,0,1,0,0,3,2,1,2,0,0,1,0,1,0,0,0,2,0,0,0,0,2,2,0,2,3,5,2,1,1,1,0,0,0,1,0,0,0,0,1,1,0,0,3,2,1,2,3,5,1,0,0,0,0,0,2,0,0,0,1,0,2,1,3,1,2,2,0,0,3,0,3,0,0,0,0,0,0,1,1,1,1,0,0,1,2,1,1,1,2,2,0,1,1,3,0,1,2,1,0,2,1,0,0,0,2,2,2,2,1,1,1,0,1,2,0,0,0,1,0,0,0,2,0,3,0,1,2,2,1,1,1,0,1,1,0,0,0,0,1,0,2,1,0,1,0,2,1,1,2,0,2,7,1,1,0,1,0,0,0,0,1,0,1,0,0,0,2,0,0,2,1,1,2,3,0,1,0,0,0,0
1713205,Miracema do Tocantins,3,2,3,3,1,1,5,0,5,3,6,5,9,9,10,10,11,9,5,1,0,2,4,3,7,3,7,4,3,4,4,8,3,5,5,12,9,10,6,0,0,0,4,4,2,1,6,3,4,6,7,10,10,5,9,6,8,8,6,7,1,2,0,5,1,0,4,1,7,5,4,8,5,8,1,14,7,16,6,5,5,4,4,0,2,1,0,2,1,2,1,4,2,4,5,8,10,9,13,12,6,5,2,1,0,4,1,2,1,3,6,4,2,6,6,6,6,7,7,19,17,10,5,3,2,0,3,1,2,1,1,3,2,5,6,4,4,12,8,7,12,6,10,6,3,0,0,3,3,0,1,2,5,6,3,3,5,5,9,7,14,11,10,9,12,2,1,0,4,4,3,1,3,4,2,3,9,5,4,10,11,9,10,11,10,4,2,4,1,5,0,0,2,3,1,0,9,4,4,5,5,12,8,10,8,10,6,1,4,0
1707108,Divinópolis do Tocantins,3,1,0,0,0,2,1,0,2,2,2,1,3,2,3,4,4,0,1,0,0,1,1,1,0,1,2,0,0,3,2,2,2,2,5,4,3,4,2,0,0,0,2,0,0,1,1,1,0,0,1,0,1,2,3,3,1,4,1,2,0,0,0,1,0,1,0,0,0,0,4,1,1,3,2,8,6,5,4,1,2,2,0,0,0,3,1,0,0,0,1,3,2,0,2,7,6,3,3,4,1,1,0,0,0,1,1,1,2,1,3,3,3,1,1,6,6,2,6,5,1,6,2,1,0,0,1,0,0,1,1,3,0,1,2,0,1,1,3,2,3,1,4,1,4,0,0,2,1,0,1,2,0,0,0,0,1,3,4,3,5,4,6,5,4,0,0,0,1,0,1,0,1,2,3,1,3,3,5,2,1,7,3,3,2,2,0,2,0,1,0,0,0,1,3,1,1,1,3,1,2,4,1,6,6,2,0,1,0,0
1721109,Tocantínia,1,0,1,1,2,0,1,2,3,3,1,1,1,2,0,2,1,1,0,0,0,1,3,1,1,0,1,0,2,1,1,0,0,1,3,1,3,2,1,0,1,0,2,0,0,1,2,0,0,0,1,1,1,2,3,1,1,4,1,0,0,0,0,2,0,0,1,0,1,1,0,1,0,2,1,2,2,2,0,0,2,1,0,0,2,0,2,1,0,0,2,1,4,2,1,0,1,2,5,1,1,3,1,1,0,3,2,0,2,2,0,0,2,3,1,1,1,1,0,2,1,2,1,3,0,0,2,0,0,0,0,3,0,1,1,2,1,3,2,2,5,1,5,2,1,0,0,4,3,0,1,2,1,0,0,1,2,1,0,3,2,4,2,1,4,1,0,0,2,0,0,1,2,1,1,2,1,0,1,0,2,1,1,0,2,2,0,1,1,0,2,2,3,0,2,1,2,3,3,2,1,5,4,1,3,2,3,1,0,0
1718758,Rio Sono,1,0,0,1,2,0,0,1,1,0,0,2,0,3,0,1,1,1,0,0,0,0,2,0,0,0,0,0,2,1,2,2,1,0,4,3,1,1,1,1,1,1,0,1,0,0,0,0,0,2,1,1,0,3,2,3,2,1,2,0,0,0,0,0,0,1,0,0,1,2,1,1,0,2,2,1,2,6,2,3,1,1,0,0,1,1,0,1,1,0,0,1,0,0,0,1,3,2,2,5,1,1,1,0,0,0,0,0,0,0,1,1,1,0,3,0,0,0,2,4,2,3,0,0,0,0,3,0,0,2,1,1,2,0,0,1,3,1,2,1,3,2,1,0,0,0,0,2,1,1,0,1,0,0,0,1,0,4,4,3,1,5,2,2,1,0,1,0,2,0,0,1,2,0,1,1,1,4,2,3,2,4,5,1,1,1,2,0,0,1,0,0,0,0,0,1,1,1,1,0,1,1,1,3,2,3,0,2,1,0
1717503,Pium,0,2,1,1,1,2,2,1,1,4,1,3,5,3,4,1,3,0,1,0,0,1,1,1,0,1,4,1,0,2,1,1,0,3,2,1,1,2,2,1,0,0,0,3,0,0,1,2,1,1,0,0,1,4,0,1,4,4,1,3,0,0,0,1,0,0,0,0,4,1,0,4,1,0,5,1,5,3,2,1,1,0,0,0,1,0,1,2,0,1,2,0,1,0,1,1,2,3,3,0,4,3,0,0,0,1,0,3,3,1,3,2,0,3,2,4,4,7,2,3,5,4,2,0,0,0,0,0,1,0,2,2,0,1,3,2,2,2,3,5,1,2,2,3,2,0,0,1,1,0,1,2,0,2,1,2,1,3,1,4,1,4,2,1,1,2,0,0,2,1,1,1,3,3,0,1,0,5,3,3,4,2,3,2,3,8,1,0,0,2,1,0,0,0,1,1,4,1,1,5,3,6,1,4,7,1,2,2,0,0
1713304,Miranorte,3,1,3,1,2,4,1,1,3,5,7,3,2,4,8,8,5,3,0,0,0,4,2,4,2,0,3,3,2,1,7,2,2,4,8,8,5,8,10,1,0,1,5,1,1,4,2,4,3,3,2,1,5,8,5,13,6,13,4,4,1,2,0,3,0,2,2,1,0,1,5,3,2,6,10,4,7,6,9,11,5,3,0,0,2,1,2,2,2,2,2,2,3,6,8,4,8,5,2,9,10,4,4,0,0,4,0,2,2,1,1,6,3,2,11,6,4,8,8,3,12,8,7,1,3,0,4,1,0,2,0,2,4,1,2,8,6,6,3,6,9,12,5,7,3,1,2,5,2,0,3,1,0,3,2,2,5,5,4,4,5,8,12,2,2,0,0,0,1,2,1,2,3,0,3,2,2,4,5,6,11,14,8,6,9,3,3,3,0,2,0,1,3,1,1,3,0,3,2,4,7,11,10,5,13,5,3,2,1,0
1700251,Abreulândia,0,0,0,0,1,0,1,0,1,0,0,1,1,1,1,1,0,1,0,0,0,1,0,0,0,2,0,0,0,0,1,1,0,1,0,1,0,0,0,0,0,0,0,1,0,0,0,0,1,0,0,0,0,2,0,0,0,1,0,0,0,1,0,0,0,0,0,0,1,0,0,0,0,0,0,0,1,0,0,3,0,0,0,0,0,0,0,0,0,0,0,0,1,0,0,0,1,3,0,0,1,1,1,0,0,0,2,0,0,0,0,0,0,0,0,0,2,1,1,1,1,2,0,2,0,0,1,0,0,0,1,0,2,0,0,0,0,0,1,1,2,2,3,1,2,0,0,1,0,2,1,0,1,0,0,0,0,1,0,1,0,1,3,1,0,0,0,0,1,0,0,0,0,0,0,0,1,0,0,0,0,1,0,0,0,1,0,0,0,0,0,0,1,0,0,0,0,0,1,1,1,1,1,2,1,1,0,0,0,0
1703909,Caseara,1,2,0,0,0,0,0,0,2,1,0,1,1,2,2,1,2,1,0,0,0,0,1,0,0,2,0,2,0,1,0,1,1,0,3,0,2,0,2,0,1,0,1,0,2,1,1,0,1,1,3,2,2,3,3,3,0,5,3,0,0,0,0,1,1,0,2,0,0,1,1,2,3,2,2,2,3,1,0,1,1,2,0,0,4,0,0,0,1,2,0,3,0,1,3,4,2,0,5,0,1,0,0,1,0,1,0,0,2,3,0,2,2,0,1,3,1,1,0,0,1,2,2,1,0,0,1,1,0,0,1,0,1,0,1,0,0,5,1,1,2,2,2,0,1,0,0,1,0,0,0,2,1,0,0,2,2,2,1,3,3,6,2,2,1,3,0,0,1,0,0,0,0,2,0,1,1,0,1,1,0,0,5,1,1,1,2,0,0,1,0,1,0,1,1,0,0,1,2,2,1,3,4,2,1,1,3,0,0,0
1718709,Rio dos Bois,0,0,0,1,0,1,0,0,0,3,1,0,1,0,0,0,3,0,0,0,0,0,0,0,0,1,0,0,1,1,1,0,0,0,2,0,2,0,0,0,0,0,1,0,0,2,1,2,0,1,1,0,1,0,1,1,2,2,0,1,1,0,0,0,0,0,1,0,0,2,0,1,2,0,2,1,0,1,0,1,0,0,0,0,1,0,0,0,1,0,0,0,1,1,0,2,0,2,1,0,0,1,0,0,0,2,0,0,2,0,1,1,0,1,1,0,1,0,2,2,1,1,0,0,0,0,1,0,0,1,0,0,0,0,2,1,1,3,2,0,0,1,2,0,1,0,0,0,0,1,0,1,0,0,1,0,2,1,1,0,1,0,1,0,0,0,0,0,0,1,0,0,0,0,3,0,0,1,1,2,0,1,0,2,3,2,0,0,0,0,0,0,0,2,0,0,1,0,1,0,0,0,0,1,1,1,0,0,1,0
1716505,Pedro Afonso,1,0,1,0,0,1,2,2,0,3,5,3,6,3,6,4,4,3,2,2,0,4,2,0,1,3,0,1,1,2,2,3,2,2,5,6,4,6,1,2,1,1,4,0,0,4,5,3,2,2,5,2,3,8,7,7,8,5,4,2,1,2,0,6,2,1,1,3,4,1,2,4,3,0,4,2,13,6,6,3,5,1,0,0,5,2,2,2,0,3,3,1,0,2,3,3,8,2,8,5,8,3,3,1,0,1,2,2,0,3,2,1,1,4,4,1,3,1,7,9,6,5,3,3,0,0,0,1,2,2,1,3,1,1,2,2,3,5,6,6,7,8,6,1,4,0,1,2,0,2,3,2,2,1,4,2,2,5,2,3,5,9,3,7,2,3,1,0,2,0,2,2,2,2,2,3,3,1,1,4,7,9,7,4,4,5,5,0,0,2,4,4,3,1,0,4,2,4,1,1,2,8,5,6,3,9,4,1,3,0
1708254,Tabocão,1,0,1,1,0,0,1,0,0,1,0,3,1,2,1,1,0,0,0,0,0,0,2,0,0,1,0,2,0,1,0,1,2,1,0,2,0,1,0,0,0,0,1,0,0,0,0,0,0,0,1,1,1,0,0,1,1,1,0,0,1,0,0,0,0,0,1,1,1,0,1,0,0,0,3,0,1,2,1,1,0,0,1,0,0,0,0,0,0,0,1,3,1,0,0,0,0,0,2,1,2,0,0,0,0,0,1,0,0,1,1,2,1,0,0,0,1,1,0,2,1,0,1,1,0,0,0,0,0,0,0,1,0,0,2,2,0,0,1,1,2,1,1,0,0,0,0,0,0,0,0,2,2,0,1,1,1,1,1,1,3,1,1,0,1,1,0,0,1,1,0,0,1,0,0,1,1,3,1,1,0,0,0,2,2,1,1,1,0,1,1,1,0,0,1,2,1,3,1,0,2,1,1,1,3,0,0,0,0,0
1712405,Lizarda,0,0,0,2,1,0,1,1,0,0,0,0,1,1,2,1,1,0,0,0,0,2,0,0,0,0,0,0,0,1,1,0,1,3,1,0,0,1,1,0,0,2,1,0,0,0,1,0,0,0,0,0,0,1,0,0,0,1,1,0,1,1,2,0,0,1,0,0,1,0,0,1,1,0,0,0,2,1,4,3,0,0,1,0,1,0,2,0,1,0,0,0,0,1,1,1,0,2,1,3,1,0,0,0,0,1,1,1,0,0,0,0,1,0,0,0,0,0,2,2,2,1,1,1,1,0,0,0,0,0,0,0,0,1,1,0,0,0,1,2,2,1,1,0,0,0,0,0,0,0,0,0,0,0,1,0,0,3,0,0,1,3,1,6,0,2,1,0,1,1,0,0,1,1,0,1,0,0,0,1,2,1,1,2,3,1,1,2,0,1,0,1,0,0,1,1,0,0,3,1,6,1,0,1,2,2,0,0,1,0
1707207,Dois Irmãos do Tocantins,1,2,0,1,1,3,1,0,1,1,6,4,1,1,1,0,1,2,0,0,0,0,0,0,1,2,2,0,2,0,1,2,1,3,1,0,2,4,4,1,0,0,0,0,2,0,1,1,1,1,2,1,2,3,3,7,4,5,4,1,0,0,1,1,2,0,1,2,0,0,1,4,0,3,3,6,3,4,3,3,2,0,0,1,0,1,0,2,0,0,0,0,0,1,4,1,2,4,3,4,3,2,2,1,0,0,0,1,0,0,0,0,1,3,2,3,1,3,3,8,2,2,1,0,0,0,1,1,1,1,1,1,1,0,2,1,3,2,1,3,2,3,4,2,0,0,0,0,0,0,0,2,1,1,1,0,1,2,2,3,1,0,0,0,1,1,0,0,0,0,0,2,3,0,1,0,0,1,2,3,4,5,3,5,6,3,0,0,0,0,0,0,0,0,0,1,1,1,0,1,0,4,4,3,1,2,1,0,1,0
1703305,Bom Jesus do Tocantins,0,1,0,1,1,0,0,0,0,0,2,1,2,0,2,2,2,3,0,0,0,0,0,0,0,2,1,0,2,2,1,0,0,2,2,1,2,1,1,0,0,0,2,0,1,1,0,0,3,2,2,0,0,0,1,0,1,4,0,0,0,1,1,0,0,0,0,0,0,1,1,2,2,2,3,0,0,5,1,2,2,0,1,1,2,0,0,0,1,1,0,0,0,1,2,3,4,1,3,1,2,1,0,1,0,1,2,1,1,1,0,2,2,1,1,1,0,1,1,1,0,1,0,1,1,0,1,0,0,1,0,1,2,1,0,0,1,1,0,1,3,2,0,0,0,0,0,1,0,0,1,1,0,2,0,2,0,0,0,1,2,0,1,1,2,0,0,0,2,0,1,1,2,2,1,0,0,0,1,0,0,1,2,0,2,1,0,0,0,0,0,0,0,4,0,4,0,0,2,2,6,0,0,2,2,3,0,2,1,0
1704105,Centenário,2,2,0,0,0,1,1,0,1,0,0,1,2,1,4,1,1,0,0,0,0,2,0,1,1,0,0,1,1,0,1,2,0,2,4,0,1,0,1,0,0,1,1,0,1,0,1,0,0,0,0,4,1,1,0,0,4,1,0,1,0,0,0,1,0,1,1,0,0,1,0,2,1,1,1,1,2,1,2,0,0,0,2,1,0,1,0,0,0,0,0,0,2,1,0,0,1,1,3,1,1,1,0,0,0,1,1,0,0,2,0,1,0,0,0,1,1,0,1,2,1,0,1,1,0,0,0,0,0,0,0,0,0,0,1,1,0,1,1,0,1,3,0,0,2,0,0,0,0,0,1,1,1,0,3,0,0,0,1,0,0,2,2,0,2,0,0,0,0,0,0,0,0,0,2,0,0,0,2,0,1,1,2,2,3,2,1,0,0,0,1,0,0,1,0,0,0,0,0,1,1,3,0,0,1,2,0,1,0,0
1721257,Tupirama,1,1,0,0,0,0,0,0,0,0,0,0,0,0,1,1,1,1,1,0,0,4,0,1,1,0,0,0,1,0,0,2,1,1,1,1,0,3,2,0,0,0,2,0,0,0,1,1,1,0,2,1,0,0,1,0,1,0,0,0,1,0,0,0,0,0,1,0,1,0,0,0,0,0,0,1,0,1,2,1,0,0,0,0,1,0,0,0,0,0,2,0,0,1,0,0,0,0,1,1,0,2,0,0,0,1,0,0,0,1,0,0,0,0,1,0,1,0,1,0,1,1,0,1,1,0,0,0,0,1,0,1,1,0,0,0,0,0,0,1,0,0,1,0,0,0,0,0,0,1,0,0,0,0,2,0,1,0,0,3,0,2,1,1,0,0,0,0,1,1,0,0,0,0,1,1,1,0,2,1,1,1,1,2,1,2,0,1,0,0,0,0,0,1,1,0,1,0,0,0,0,0,2,1,0,0,1,0,0,0
1708304,Goianorte,4,2,0,0,1,0,0,1,1,2,1,0,3,0,4,0,2,1,0,0,0,0,0,0,2,0,1,1,1,0,2,0,0,0,6,0,0,1,2,1,0,0,1,1,1,3,2,1,0,1,0,2,0,2,3,0,1,0,2,0,1,0,0,2,2,2,0,0,1,0,0,0,0,2,4,2,2,4,3,4,0,0,0,0,0,0,0,1,0,1,1,2,0,0,1,0,0,1,4,5,1,2,0,0,0,1,1,0,0,1,1,0,1,0,1,0,3,1,1,4,5,3,0,2,0,0,0,0,0,0,1,0,1,0,2,1,1,2,3,2,4,1,1,0,0,0,0,0,0,0,0,0,2,0,2,0,0,3,3,3,3,2,1,2,1,0,0,0,0,2,2,2,0,3,2,1,2,2,1,0,4,1,7,2,0,1,0,0,0,0,0,0,0,0,2,1,0,1,3,0,3,3,1,2,5,3,2,0,1,1
1718881,Santa Maria do Tocantins,1,0,0,0,1,1,0,1,0,1,0,0,2,1,0,0,0,0,0,0,0,0,0,0,0,0,0,0,0,0,1,0,1,0,0,0,1,1,1,0,0,0,0,0,3,0,1,0,0,0,0,0,1,0,1,1,2,0,1,0,0,0,2,1,1,0,0,0,0,1,0,0,0,1,1,0,0,4,1,0,3,1,0,4,0,1,0,0,0,1,0,0,0,0,2,2,2,1,1,1,0,1,0,0,0,0,0,0,0,1,0,2,0,3,1,2,1,0,1,0,0,0,1,0,0,0,1,1,0,1,2,0,1,0,0,0,0,1,1,0,2,1,3,0,0,0,0,0,0,0,0,1,0,0,1,0,0,3,1,2,1,2,2,1,1,0,0,0,0,0,0,0,0,0,0,0,0,1,0,0,4,1,0,2,0,2,0,1,0,1,0,2,0,0,0,1,0,0,0,0,2,1,0,1,4,2,0,1,0,0
1716703,Colméia,1,4,1,2,1,1,2,1,2,3,4,3,6,2,5,7,4,2,1,1,0,1,0,0,1,1,2,0,1,3,1,4,7,5,5,5,1,2,0,1,0,0,3,0,3,1,1,6,2,2,1,4,3,1,3,3,8,4,4,2,2,0,0,1,3,3,0,1,1,1,1,1,0,4,5,1,6,4,6,4,1,1,0,0,1,1,0,1,1,2,0,1,2,0,0,4,5,6,6,2,5,2,0,1,0,1,0,3,2,5,2,3,0,2,0,2,5,4,6,2,6,2,3,2,0,1,1,0,1,0,1,2,5,1,2,4,6,1,10,5,9,8,4,1,1,1,0,0,0,1,3,1,3,2,2,1,1,1,2,5,1,5,3,3,1,0,0,0,0,0,2,1,1,3,1,3,5,2,4,3,5,5,7,4,2,1,0,1,0,0,0,2,0,1,0,1,0,1,4,4,4,10,4,2,11,8,3,1,0,0
1701903,Araguacema,4,0,2,1,0,2,2,0,2,1,0,4,5,3,5,1,2,3,1,0,0,1,1,1,0,0,0,3,3,1,2,1,2,4,2,3,2,0,2,0,0,0,0,0,0,0,0,0,5,0,0,3,1,0,1,4,4,2,2,1,0,0,0,2,0,0,2,2,2,1,0,1,2,1,3,2,4,3,2,6,2,1,1,0,0,1,0,0,0,2,3,2,2,0,2,1,3,1,6,2,0,1,1,0,0,1,0,0,0,1,0,0,0,3,4,4,2,4,1,5,1,4,2,2,0,0,2,0,0,0,2,0,1,0,1,1,1,0,1,3,3,2,2,0,0,0,0,0,2,0,3,0,3,0,1,3,1,3,2,4,6,2,6,1,0,0,0,0,1,1,0,1,2,3,0,1,3,0,3,2,3,4,3,3,6,3,1,0,0,0,0,0,0,0,2,0,0,1,1,0,2,1,5,1,4,2,0,1,0,0
1718501,Recursolândia,0,0,0,0,0,0,0,0,0,1,0,0,1,4,2,1,1,0,1,0,0,0,0,0,0,2,0,0,0,1,0,2,0,2,1,1,1,0,0,0,0,1,2,0,0,0,2,2,0,1,2,0,1,2,0,0,2,1,2,3,0,0,0,1,0,1,1,0,1,1,0,1,1,1,1,1,0,0,1,2,0,0,0,0,1,1,2,0,3,0,1,0,0,2,1,2,0,3,1,1,1,0,1,0,0,2,0,0,1,0,0,1,1,1,0,0,0,2,0,1,0,3,0,1,0,0,2,1,0,0,2,1,2,0,0,0,0,2,3,1,1,1,0,3,0,0,0,1,1,0,0,1,0,0,1,0,2,1,1,2,3,2,2,2,2,0,0,0,1,0,0,0,1,0,1,0,1,1,0,2,3,1,0,4,0,0,0,0,0,0,0,1,0,0,1,0,1,0,2,2,3,4,2,3,1,0,1,0,0,0
1718402,Presidente Kennedy,1,0,1,0,0,1,1,0,0,0,3,0,4,1,0,0,1,0,0,0,0,0,0,0,0,1,1,2,1,0,0,0,2,1,0,3,1,3,0,0,0,0,1,1,0,0,0,2,1,0,1,0,1,4,1,3,3,1,2,1,0,0,0,0,1,0,1,2,0,1,1,1,3,0,2,2,0,4,1,1,0,1,0,0,1,0,0,1,0,0,1,1,1,1,1,1,0,3,2,1,3,1,0,0,0,0,2,2,0,0,1,2,0,0,1,0,2,2,1,1,2,0,0,1,0,0,0,1,0,0,0,0,1,0,0,1,1,1,3,0,1,2,3,3,0,0,0,0,0,0,1,0,0,1,2,0,0,3,1,1,1,1,0,0,0,0,0,0,0,0,0,0,2,0,0,0,0,1,1,2,2,0,0,3,0,0,1,1,0,0,0,0,0,0,0,0,0,2,1,1,0,3,1,1,2,2,1,0,0,0
1706001,Couto de Magalhães,0,3,0,0,1,3,0,0,0,2,0,0,2,1,0,2,0,0,0,0,0,3,0,0,0,2,0,0,0,4,2,0,3,2,3,1,5,0,0,0,1,0,0,1,0,0,2,0,0,2,0,1,0,2,0,2,1,0,1,0,0,0,0,0,1,0,1,0,0,3,0,1,2,0,3,2,4,1,1,1,0,0,0,0,1,0,0,0,0,2,0,1,1,0,1,4,0,1,1,1,1,0,0,0,1,0,1,0,0,1,0,3,0,1,0,1,2,1,2,0,0,0,0,0,0,0,1,0,0,0,2,1,2,1,1,2,3,0,1,1,3,0,0,0,0,0,0,0,1,0,1,2,0,0,1,1,0,4,4,3,1,2,1,2,1,0,0,0,0,0,0,0,1,0,0,0,0,2,3,3,0,1,2,1,1,1,0,0,0,0,1,1,0,0,0,2,1,0,1,0,6,1,5,2,2,0,1,1,0,0
1711100,Itaporã do Tocantins,0,1,0,0,0,2,0,1,0,1,0,3,2,0,0,2,1,0,0,0,0,0,0,0,0,0,0,0,0,1,0,1,2,0,2,0,0,3,2,0,0,0,0,0,0,1,1,0,1,2,0,0,0,2,0,3,0,1,0,0,1,0,0,0,0,0,0,0,0,0,0,0,0,1,0,0,1,0,0,0,1,0,0,0,0,0,0,0,0,0,0,2,0,0,1,0,4,1,1,1,0,0,0,0,0,0,0,0,1,0,0,0,0,0,1,0,1,4,3,1,1,3,3,0,0,0,0,0,0,1,0,0,0,0,0,0,0,0,1,0,2,1,0,0,1,0,0,0,0,0,0,0,1,0,0,1,2,0,1,1,1,2,0,2,1,1,0,0,0,1,0,0,1,0,0,0,1,2,0,1,0,0,1,2,1,3,0,0,0,1,1,0,0,1,2,0,0,0,0,1,0,0,1,0,0,2,1,0,0,0
1710508,Itacajá,4,1,0,1,0,0,1,2,0,1,2,5,3,4,4,3,5,0,0,0,0,0,0,2,0,2,1,2,1,1,0,3,3,1,4,4,2,4,3,1,1,0,3,1,1,0,1,1,3,1,0,1,2,2,1,2,2,2,2,0,1,2,0,3,0,1,1,1,1,0,1,0,0,3,1,1,2,7,3,8,6,1,2,0,1,0,0,0,0,0,2,1,0,1,1,7,0,4,6,6,2,3,3,1,0,2,0,1,0,0,2,1,2,1,3,2,4,1,2,5,7,3,2,1,1,0,0,3,1,3,0,4,2,1,2,2,1,2,0,3,1,4,4,4,0,1,0,2,5,1,1,0,0,0,0,4,2,0,2,4,5,3,5,2,5,1,1,0,5,0,3,0,0,1,2,3,2,2,3,4,3,2,2,9,3,1,2,1,0,3,0,0,2,3,1,0,2,2,2,1,2,0,3,3,1,3,2,2,0,0
1703602,Brasilândia do Tocantins,0,0,1,0,0,0,0,0,1,1,0,0,0,1,2,0,1,0,0,0,0,1,0,0,1,0,0,0,1,0,1,1,0,2,0,1,3,0,0,1,0,0,1,0,0,0,0,0,0,0,1,0,0,2,1,0,2,3,1,0,1,0,0,0,0,0,0,0,0,1,0,2,2,1,1,0,0,2,1,2,0,0,0,0,0,1,0,2,0,1,0,1,2,1,0,0,1,1,0,2,2,0,0,0,0,0,0,1,1,0,0,1,1,0,0,0,1,0,0,0,1,1,2,0,0,0,0,0,0,0,0,0,0,1,0,0,1,0,0,1,0,2,1,1,0,0,0,0,0,1,1,1,0,0,0,0,2,1,0,0,0,2,3,1,0,0,0,0,0,0,1,1,0,0,0,0,0,0,0,1,1,0,2,0,1,1,0,0,0,0,0,0,0,1,1,1,0,0,0,1,1,0,1,0,0,2,2,0,0,0
1721307,Tupiratins,0,0,0,0,0,0,0,1,0,0,1,1,0,1,1,1,1,0,0,0,0,0,0,0,0,0,1,0,0,1,0,0,1,0,0,0,1,2,0,0,0,0,0,1,0,0,0,1,0,1,0,0,1,0,0,0,2,0,0,1,0,0,0,0,0,0,0,0,0,0,0,1,1,0,0,0,0,0,2,0,0,0,0,0,0,0,0,0,3,0,0,0,0,0,1,0,0,1,1,1,0,0,0,0,0,0,0,0,0,0,0,0,0,2,1,1,0,0,1,3,3,1,1,0,0,0,0,0,0,0,0,1,1,0,0,0,2,0,2,0,3,1,1,0,0,0,0,0,0,0,0,0,2,1,0,1,0,1,0,0,1,0,0,0,0,0,0,0,0,0,0,0,0,0,0,0,0,0,1,0,2,3,0,1,0,0,0,0,0,0,0,0,0,1,1,0,0,0,0,1,0,1,1,1,3,0,0,0,0,0
1716653,Pequizeiro,0,0,0,0,0,0,1,1,0,2,4,1,3,3,2,1,2,2,0,0,0,0,0,0,0,0,0,2,0,2,0,1,2,2,2,0,2,1,0,0,0,0,0,0,0,1,0,0,0,0,0,0,1,1,3,1,4,3,0,1,0,1,0,2,0,1,0,0,1,1,1,0,0,0,2,1,2,0,1,0,1,0,0,0,1,0,1,1,0,2,2,1,2,3,1,1,2,2,4,1,2,2,0,0,0,1,0,0,0,0,0,0,0,0,2,0,3,0,3,2,1,0,2,1,0,0,0,0,0,0,0,2,0,1,3,2,2,1,2,5,3,3,0,0,0,0,0,0,2,0,0,2,0,2,3,1,2,2,1,0,3,3,2,2,0,0,0,0,0,1,1,0,3,0,0,1,0,0,2,3,1,1,3,1,0,1,0,0,0,0,1,0,0,1,0,0,0,1,2,2,3,4,5,0,3,1,2,2,0,0
1711803,Juarina,0,0,0,0,0,0,0,1,0,0,0,1,0,1,0,1,0,0,0,0,0,1,0,0,0,0,1,0,0,1,2,1,1,1,1,0,1,0,0,0,0,0,0,0,3,1,1,0,0,0,0,0,0,0,1,0,2,0,0,1,0,1,0,0,0,0,0,0,0,0,2,0,0,0,1,0,4,1,1,0,0,0,0,0,2,0,0,0,0,0,2,1,2,0,0,0,2,0,0,0,0,1,0,0,0,0,0,0,0,0,1,0,0,3,1,1,0,1,0,1,1,0,0,0,0,0,0,0,0,0,0,0,0,1,2,0,1,1,3,0,0,0,0,0,0,0,0,0,0,1,0,0,0,2,1,0,0,1,2,0,2,1,0,1,0,0,0,0,0,0,0,0,0,1,0,0,1,2,1,0,0,2,0,1,0,0,0,0,0,1,0,0,0,0,0,0,0,2,0,0,0,1,1,3,2,1,1,1,0,0
1710904,Itapiratins,0,0,2,1,0,0,0,0,1,0,3,0,1,0,0,0,1,0,0,1,0,0,1,0,0,1,0,0,1,0,0,2,0,3,0,2,2,0,1,2,1,0,1,0,2,0,0,3,1,2,1,1,0,0,1,1,1,3,2,1,1,0,0,0,0,0,0,0,0,0,1,1,0,3,0,1,3,2,2,1,0,0,0,0,1,1,0,0,0,2,0,1,0,0,1,0,2,4,4,5,2,1,0,0,0,0,0,0,0,0,0,0,2,0,1,4,2,4,1,3,1,0,1,0,0,0,0,0,0,1,0,0,0,0,0,0,3,0,1,2,0,7,3,0,1,1,0,0,0,1,0,1,1,0,0,1,0,0,5,0,2,5,1,1,2,0,0,0,2,1,0,0,0,0,0,2,3,0,2,0,1,3,3,2,3,3,0,0,0,0,0,0,0,0,0,0,0,0,3,1,2,0,1,0,1,2,1,1,1,0
1703842,Campos Lindos,2,1,0,0,0,1,1,2,1,1,3,2,2,0,1,0,0,0,0,0,0,0,2,1,2,1,0,0,1,1,0,3,2,1,0,0,1,2,0,0,0,0,3,1,0,0,2,0,1,3,0,1,2,2,1,1,2,2,1,1,3,0,0,0,0,0,1,1,1,0,1,1,3,2,1,2,1,3,2,2,3,2,0,0,2,0,2,1,2,3,1,0,0,1,4,2,1,1,2,1,2,2,1,0,0,2,0,1,0,0,2,1,3,1,0,2,3,1,0,2,2,0,0,2,0,0,2,0,1,1,1,1,0,0,1,1,0,1,1,8,2,0,0,1,1,0,0,2,0,1,3,0,0,2,1,1,3,5,1,2,1,2,3,1,3,0,1,0,1,4,1,0,1,1,1,2,3,0,2,2,2,0,2,6,0,2,0,0,0,1,0,1,4,1,2,1,0,1,1,2,6,1,2,3,5,3,0,1,1,0
1705508,Colinas do Tocantins,14,4,5,8,7,7,6,4,6,11,6,9,7,12,22,15,4,5,0,4,0,9,3,3,5,3,8,5,9,8,21,10,13,16,16,18,11,11,7,2,2,1,5,3,1,8,7,4,3,6,6,11,7,5,17,7,22,23,10,5,2,0,0,11,6,3,6,5,10,4,8,5,7,13,18,10,18,20,10,7,8,1,1,0,8,6,3,6,7,7,6,2,7,10,12,8,14,13,16,11,7,6,4,0,0,3,3,5,3,5,9,7,4,11,6,11,12,14,17,20,21,19,7,1,1,1,4,1,2,4,4,4,3,9,7,6,13,12,7,15,19,19,13,7,6,1,0,6,5,0,8,5,3,6,8,7,7,11,12,12,15,19,11,14,7,3,1,0,6,1,2,6,13,5,2,4,11,8,15,17,19,22,18,30,19,5,8,1,0,4,4,1,6,2,5,1,5,5,7,8,20,15,13,16,24,16,6,3,1,1
1703206,Bernardo Sayão,3,1,0,1,1,1,0,1,2,1,1,1,3,0,1,3,0,1,0,0,0,0,1,0,1,3,0,1,0,0,0,1,2,1,2,0,4,1,1,2,0,0,1,0,1,0,1,1,1,0,0,1,3,3,3,1,1,2,2,3,1,0,0,1,2,0,1,0,0,0,0,0,2,0,1,2,1,1,0,1,2,0,0,0,1,0,0,0,0,0,0,1,2,0,0,0,1,2,2,0,1,1,0,0,0,1,0,1,0,1,0,1,1,0,0,2,1,1,0,1,4,0,0,0,1,0,2,0,1,0,1,0,1,2,1,1,3,0,2,4,1,1,1,0,0,1,0,0,1,0,2,1,1,0,1,1,1,2,1,3,6,2,3,4,0,0,0,0,1,1,0,0,1,0,1,2,1,2,1,6,0,2,0,2,2,0,0,0,0,0,0,0,3,1,0,0,1,0,2,0,1,3,2,1,2,4,0,0,0,0
1703057,Bandeirantes do Tocantins,0,0,0,0,0,0,0,2,0,0,0,1,0,0,0,0,1,0,0,0,0,1,0,0,0,0,0,2,2,1,0,1,1,0,0,3,1,0,1,0,0,0,1,0,0,0,0,0,0,0,0,0,1,0,0,1,2,1,0,0,0,0,0,0,1,1,2,0,0,1,1,2,1,0,3,1,0,4,1,0,0,0,0,0,0,1,1,2,0,1,1,1,3,1,1,0,1,1,0,1,0,0,1,1,0,0,0,0,1,0,0,0,0,1,0,1,0,1,1,0,0,0,0,0,0,0,1,1,0,1,1,1,1,1,1,3,0,2,1,0,2,1,2,1,0,0,0,0,0,0,0,1,1,0,0,0,1,1,1,2,1,1,0,1,0,0,0,0,2,0,0,0,1,1,0,0,0,1,1,2,3,1,2,2,2,0,1,0,0,0,1,0,0,0,1,2,1,2,3,1,0,0,0,3,0,2,0,1,0,0
1702307,Arapoema,3,1,1,0,2,0,2,1,1,2,3,2,2,6,3,3,0,1,3,0,0,1,1,0,2,2,0,4,2,2,2,2,3,0,4,2,1,2,1,2,1,0,0,0,1,1,0,1,1,0,2,1,3,2,5,2,3,2,0,1,1,0,0,0,0,1,0,0,3,1,0,2,0,1,4,1,3,3,1,0,0,0,0,0,0,1,2,1,0,1,0,1,1,2,0,6,1,6,4,4,1,0,0,0,0,0,1,1,3,0,0,1,1,3,3,1,3,4,2,6,3,2,3,0,1,0,0,1,3,1,1,1,3,1,0,1,1,0,2,0,1,4,6,2,0,0,0,1,2,3,2,1,1,4,2,5,2,2,1,3,4,3,10,3,3,2,0,0,0,0,0,0,0,0,1,1,3,3,2,2,5,3,7,1,1,4,0,0,0,0,0,2,1,2,0,1,2,2,1,3,1,7,5,5,5,6,6,1,1,0
1709005,Goiatins,2,0,2,1,2,2,0,1,1,3,1,2,6,5,4,8,4,4,1,0,0,3,2,0,0,2,3,1,6,4,2,3,3,6,3,12,6,2,5,1,2,0,4,2,3,2,1,3,3,3,7,3,2,7,3,1,4,4,2,3,1,0,0,2,2,2,1,1,0,3,1,3,0,3,4,9,3,8,5,3,1,2,1,0,3,2,0,0,0,0,2,1,0,5,0,3,3,0,5,7,3,3,2,1,0,4,3,0,1,0,1,0,1,3,0,2,5,5,3,6,3,4,2,1,1,1,2,1,1,1,3,3,2,2,3,2,1,4,3,6,5,7,4,2,2,1,0,2,1,3,1,1,1,0,0,3,4,1,5,5,5,2,6,1,1,0,1,0,0,1,3,1,1,3,7,2,2,3,3,6,1,4,10,8,3,4,2,2,0,1,2,1,1,1,2,2,2,2,3,2,5,5,4,6,3,0,4,0,2,0
1715705,Palmeirante,0,0,0,0,2,1,1,0,2,0,1,0,0,0,0,0,1,0,0,0,0,1,0,1,0,0,0,0,3,2,1,0,0,0,2,3,3,0,3,0,0,1,1,0,1,2,0,1,1,1,2,1,2,1,4,2,0,5,1,1,0,0,0,3,2,0,1,0,1,0,3,0,1,3,0,1,0,2,0,2,1,0,0,0,3,1,0,1,1,0,2,1,1,2,2,2,2,1,0,0,2,0,0,0,0,0,0,0,0,1,1,2,1,2,0,0,1,1,1,2,4,2,2,0,0,0,0,2,1,1,1,1,3,0,2,1,1,2,3,2,2,5,3,0,1,1,0,0,0,0,0,0,0,1,1,2,0,1,3,1,4,2,1,2,0,0,0,0,1,1,2,2,0,4,2,0,1,1,2,2,3,2,3,3,1,0,0,0,0,1,0,0,0,0,1,3,1,0,1,0,1,2,1,2,2,2,2,1,0,0
1714880,Nova Olinda,2,0,0,1,1,2,1,0,2,1,2,2,3,5,2,1,1,0,1,1,0,3,1,1,1,2,0,2,3,3,4,2,9,3,5,2,5,4,0,2,0,0,1,0,2,0,1,0,4,1,2,3,3,1,5,9,6,4,5,4,1,0,0,1,1,0,1,0,2,1,1,2,2,6,1,3,5,7,3,7,1,2,0,0,0,2,1,1,4,1,1,5,3,2,4,3,2,7,6,4,5,1,1,0,1,1,3,3,3,2,1,6,3,5,4,6,4,3,5,5,2,3,1,1,0,0,1,2,3,2,1,6,3,0,1,2,3,7,4,5,11,5,7,1,1,1,0,1,0,3,2,1,1,6,1,2,1,6,7,5,6,6,10,4,0,0,0,0,1,1,1,1,2,2,0,3,5,4,8,4,6,14,3,7,3,1,1,0,0,2,3,2,0,1,4,2,4,2,5,4,7,4,7,7,5,7,3,5,0,0
1703073,Barra do Ouro,0,0,0,2,0,1,0,0,1,1,1,0,1,2,0,2,2,3,0,0,0,0,0,0,0,0,0,0,0,0,2,2,4,3,2,4,2,2,1,0,0,0,0,0,1,1,1,0,0,2,2,1,0,2,1,0,2,1,1,0,0,0,0,0,1,0,0,0,1,0,0,1,1,0,1,3,0,0,3,1,0,1,0,0,0,2,1,0,1,0,1,1,1,2,1,1,1,0,4,4,0,1,0,0,0,0,1,0,0,1,1,0,2,1,2,0,2,2,0,0,1,0,2,0,0,0,0,1,0,0,1,0,0,0,2,1,1,6,1,3,4,1,0,1,0,1,1,3,0,2,0,1,1,0,1,2,0,0,2,2,2,2,2,1,0,0,0,0,1,0,0,1,0,0,0,2,3,0,1,3,1,3,4,2,1,1,0,0,0,0,1,1,0,0,0,0,0,2,0,2,1,0,4,5,1,1,0,1,0,0
1716307,Pau d'Arco,0,0,0,0,0,0,0,0,0,0,0,0,0,0,0,0,0,0,0,0,0,0,0,0,0,0,0,0,0,0,0,0,0,0,0,0,0,0,0,0,0,0,0,0,0,0,0,0,0,0,0,0,0,0,0,0,0,0,0,0,0,0,0,0,0,0,0,0,0,0,0,0,0,0,0,0,0,0,0,0,0,0,0,0,0,0,0,0,0,0,0,0,0,0,0,0,0,0,0,0,0,0,0,0,0,0,0,0,0,0,0,0,0,0,0,0,0,0,0,0,0,0,0,0,0,0,0,0,0,0,0,0,0,0,0,0,0,0,0,0,0,0,0,0,0,0,0,0,0,0,0,0,0,0,0,0,0,0,0,0,0,0,0,0,0,0,0,0,0,0,0,0,0,0,0,0,0,0,0,0,0,0,0,0,0,0,0,0,0,0,0,0,0,0,0,0,0,0,0,0,0,0,0,0,0,0,0,0,0,0
1707702,Filadélfia,3,1,2,1,1,1,3,3,3,3,3,3,5,3,1,6,1,1,2,0,0,2,1,2,0,0,0,1,0,1,2,6,3,2,9,4,3,3,1,5,0,0,1,2,0,1,0,0,0,2,2,3,3,2,2,3,2,3,1,0,0,0,0,2,0,1,0,0,0,1,1,4,2,3,3,2,4,6,6,3,4,1,0,0,2,2,2,0,1,0,1,1,3,0,1,1,3,2,1,2,4,0,0,0,0,1,2,0,0,1,2,2,1,2,2,4,3,5,5,6,11,1,0,1,1,0,0,0,0,1,0,2,2,1,2,0,2,3,2,5,3,5,5,1,1,1,0,1,0,2,2,0,2,1,0,4,1,1,2,2,2,2,4,6,3,0,1,0,1,0,1,0,2,0,0,4,1,2,5,3,3,6,5,4,6,2,0,0,0,2,1,0,0,0,2,4,0,0,5,4,3,2,2,4,3,6,2,2,1,0
1702109,Araguaína,40,18,16,22,23,26,24,31,39,43,57,49,45,61,76,46,39,18,16,2,3,30,20,11,37,44,22,33,39,32,44,41,60,56,64,61,66,47,32,12,5,6,41,19,25,20,29,28,35,26,37,39,41,46,54,64,62,52,52,22,15,7,4,30,8,24,36,29,28,33,27,39,43,40,62,55,64,73,69,47,31,16,5,0,44,18,18,29,25,29,32,40,27,45,47,62,54,71,67,77,53,21,25,5,2,39,22,27,25,42,35,34,27,45,44,42,61,64,73,70,80,58,37,17,3,2,26,19,22,39,33,40,38,41,28,36,51,53,58,81,79,85,69,40,14,9,1,38,20,37,36,38,35,36,36,37,38,60,60,61,72,81,96,62,38,16,6,1,32,11,37,41,34,43,29,49,51,36,50,73,79,77,92,88,70,52,24,7,1,56,13,30,39,28,22,38,44,36,56,58,65,63,81,96,100,75,33,22,9,0
1703883,Carmolândia,0,0,0,0,0,2,0,2,0,1,2,4,3,1,2,2,1,1,0,0,0,0,0,0,0,0,0,0,1,0,0,0,1,0,0,2,2,0,1,1,0,0,0,1,0,0,1,0,1,0,0,0,0,0,2,4,2,1,0,0,1,0,0,1,0,0,1,0,0,1,2,1,0,1,1,1,1,2,0,1,0,1,0,0,0,0,0,1,0,0,0,1,1,0,1,1,4,4,2,1,1,0,0,0,0,0,0,0,0,0,0,0,1,1,0,0,0,0,2,1,1,0,0,0,0,0,0,0,0,0,0,0,1,0,1,0,1,0,1,2,1,1,0,1,0,0,0,0,1,0,0,0,0,1,0,0,1,0,0,1,3,1,0,0,1,0,0,0,0,1,1,0,1,3,3,0,0,1,2,3,0,1,1,0,1,0,0,0,0,0,0,0,0,0,0,0,0,0,0,0,2,1,1,0,1,0,0,0,1,0
1703008,Babaçulândia,3,0,0,2,2,0,0,0,3,1,1,2,2,6,3,6,5,1,2,1,3,2,1,1,0,1,2,1,1,3,2,0,3,6,3,6,5,3,1,1,0,2,1,5,2,0,0,0,0,2,1,4,2,5,5,4,5,8,3,1,0,0,0,0,1,1,1,4,3,1,2,0,3,3,5,3,8,1,4,4,3,1,0,0,1,2,0,1,3,2,0,1,1,4,2,1,4,9,5,6,9,2,0,0,0,1,0,1,2,2,2,0,1,3,2,5,3,2,3,5,3,4,4,3,2,0,2,0,1,0,1,3,0,3,0,3,2,3,4,2,4,9,2,1,1,1,0,3,1,0,2,1,0,1,1,3,6,0,1,4,5,5,6,2,1,0,1,0,0,0,0,0,0,1,1,1,2,3,3,2,1,3,5,10,1,5,0,1,0,1,0,0,1,2,1,2,3,4,0,0,3,6,5,2,5,7,1,1,0,0
1718865,Santa Fé do Araguaia,2,1,0,0,1,2,3,0,0,1,1,0,4,1,3,1,1,0,0,0,0,2,1,0,1,1,0,4,0,1,1,2,2,0,2,7,1,0,0,0,0,0,1,1,0,2,1,2,0,4,1,0,5,1,4,6,7,2,1,1,0,0,0,0,0,0,1,2,2,2,0,1,2,3,2,0,2,4,1,3,0,0,0,0,2,0,1,0,1,0,2,2,1,1,0,0,1,4,2,2,2,1,1,0,0,1,1,0,0,1,0,1,3,3,3,1,0,4,2,2,3,2,0,2,0,0,2,2,1,1,0,2,0,0,1,4,2,3,4,4,3,1,1,0,1,0,0,1,1,0,1,0,0,0,0,2,1,2,4,3,2,1,1,1,1,0,0,0,0,0,0,1,0,3,1,0,0,1,3,3,3,4,5,2,2,0,0,0,0,3,0,1,4,1,0,1,1,1,4,2,1,4,0,0,1,1,1,1,0,0
1713957,Muricilândia,0,0,0,0,1,0,0,0,0,0,1,1,1,0,0,1,0,0,0,0,1,1,0,0,0,0,0,1,0,0,0,0,0,1,0,1,1,3,1,1,0,0,0,0,0,0,0,1,0,0,0,2,2,1,0,1,1,1,0,0,0,0,0,0,0,1,0,0,0,0,0,0,0,1,2,1,2,2,3,0,1,0,0,0,2,1,0,0,0,2,1,0,0,0,2,1,0,1,2,1,1,0,0,0,0,0,0,0,0,0,0,1,1,0,2,0,0,1,1,2,0,0,0,0,0,0,3,0,0,0,0,1,0,1,1,1,0,0,3,0,4,1,0,1,0,0,0,0,0,0,0,0,0,0,0,0,1,1,0,2,3,2,3,6,0,1,0,0,2,1,0,1,0,1,0,1,0,1,1,0,1,3,0,1,5,0,0,0,0,0,1,1,1,0,1,0,1,2,1,1,0,3,3,3,2,2,1,0,0,0
1701309,Aragominas,2,0,0,0,2,0,0,1,1,2,0,4,5,5,2,2,1,1,1,0,0,0,1,0,1,1,0,0,0,1,1,1,1,1,1,3,1,0,0,0,0,0,1,0,0,3,0,1,0,0,2,0,2,4,2,1,3,0,1,0,0,1,0,0,1,0,0,0,0,1,1,0,0,0,4,1,5,1,0,0,0,1,0,0,0,0,0,0,0,0,2,1,0,3,0,2,4,0,5,1,3,0,0,0,0,0,0,1,1,1,0,0,0,2,1,2,2,6,2,0,2,3,2,1,0,0,0,0,0,0,1,0,2,0,1,1,0,3,1,1,0,4,3,2,0,0,0,1,2,0,3,0,2,1,1,1,0,3,0,1,3,2,2,0,1,1,0,0,0,0,1,1,0,1,0,4,1,1,0,1,0,3,3,2,4,1,1,0,0,1,0,1,1,1,0,0,1,2,3,3,5,4,5,4,5,2,3,1,0,0
1722081,Wanderlândia,0,2,2,2,4,2,0,2,1,3,0,6,5,6,6,3,3,2,0,0,0,1,4,0,1,1,1,3,4,4,3,4,1,6,6,3,6,4,1,0,1,0,0,0,1,2,3,3,1,3,1,2,0,4,8,3,7,8,3,2,1,0,0,3,1,1,2,0,0,2,1,3,4,5,3,5,8,5,7,2,4,0,0,0,1,2,1,0,2,0,2,1,2,2,3,5,4,5,10,8,7,3,0,0,0,1,1,1,1,0,3,2,1,4,3,2,2,7,5,10,9,2,2,2,2,0,0,0,3,0,1,3,0,2,5,2,1,6,4,8,5,9,7,3,2,0,0,3,0,2,1,2,5,1,0,1,2,7,6,3,6,9,7,8,1,0,1,0,4,2,1,4,2,1,4,2,1,2,4,2,7,3,8,6,6,3,3,0,0,4,1,1,2,4,2,2,0,3,2,4,2,7,1,4,3,6,2,0,1,0
1706506,Darcinópolis,4,0,1,0,1,0,1,1,0,0,2,4,1,0,4,1,2,0,1,1,0,0,1,0,0,0,4,4,1,0,2,3,0,3,3,4,3,1,0,0,0,0,1,0,1,1,0,0,2,0,0,0,3,3,1,2,5,2,3,2,0,0,0,1,1,0,1,0,2,0,0,0,2,2,2,3,3,2,1,0,0,0,0,0,1,1,0,2,1,0,1,0,0,1,3,1,1,2,2,3,3,1,2,0,0,1,0,0,1,2,2,2,1,0,2,1,0,3,3,4,6,1,0,1,0,0,1,0,1,0,1,1,0,1,1,4,1,2,3,1,3,2,3,0,0,1,1,0,0,1,1,1,0,1,1,1,3,3,1,2,2,3,5,2,2,0,0,0,0,0,1,1,4,4,1,2,1,1,2,3,1,5,4,3,1,3,0,0,0,0,1,2,1,0,1,1,3,2,1,3,2,2,2,5,5,5,2,2,1,0
1702158,Araguanã,1,1,1,0,1,1,0,0,1,0,0,1,0,1,1,1,1,0,0,0,0,0,0,0,1,1,0,1,1,1,0,1,1,3,0,4,1,1,0,0,0,0,2,1,0,4,0,1,2,1,1,2,3,0,1,5,4,1,3,0,1,1,0,0,2,0,0,0,3,2,0,3,2,1,2,3,5,3,1,0,0,0,0,0,1,1,0,1,2,1,1,0,0,2,1,1,1,2,1,8,0,2,0,0,0,1,0,1,2,0,2,0,2,1,0,2,1,1,2,4,3,0,2,0,0,0,1,0,0,0,1,0,0,1,0,3,2,3,1,4,6,0,3,0,0,0,0,0,0,0,1,1,2,2,0,0,1,4,1,1,4,2,0,3,0,0,0,0,0,0,0,0,4,1,1,0,0,2,3,2,3,1,3,2,1,1,0,0,0,1,1,0,0,1,0,0,1,2,0,0,3,1,4,5,2,4,0,1,3,0
1713809,Palmeiras do Tocantins,0,0,0,0,0,0,0,0,1,0,2,2,0,3,1,0,1,0,1,0,0,0,2,1,0,0,1,0,1,0,0,0,2,1,3,1,1,0,2,0,0,0,0,0,1,0,0,2,0,1,1,1,2,0,0,2,1,1,1,0,0,0,0,0,0,1,0,1,0,0,1,0,1,0,2,1,1,2,1,0,1,1,0,0,0,0,0,2,0,1,0,0,2,1,1,0,0,1,3,5,1,2,0,0,0,0,0,0,0,0,1,2,0,1,2,1,2,1,0,4,1,3,1,0,0,0,0,0,0,0,3,2,0,0,0,1,0,2,3,2,3,4,2,0,0,0,0,1,1,0,1,1,0,3,1,0,0,0,2,3,4,2,2,5,0,1,0,0,1,1,0,0,1,4,1,1,4,2,1,3,2,1,2,1,3,1,0,1,0,0,1,1,1,0,1,2,1,0,1,3,2,3,5,2,4,1,3,0,0,0
1717206,Piraquê,0,0,0,0,0,0,0,1,1,1,0,1,0,1,1,1,0,0,0,0,0,0,1,0,0,0,0,0,0,1,2,1,2,1,0,1,0,0,0,0,0,0,1,0,0,0,1,0,0,1,1,1,0,0,0,0,0,1,1,0,0,0,0,1,1,0,0,1,1,0,0,2,0,1,4,2,2,1,1,1,0,0,0,0,1,0,0,0,0,0,0,0,1,1,1,0,2,0,1,1,0,0,0,0,0,0,0,0,1,0,0,0,0,0,0,0,1,1,1,0,1,0,0,0,0,0,0,0,0,0,0,1,1,0,0,0,0,0,1,0,0,0,0,0,0,0,0,0,0,0,0,2,0,2,0,2,1,3,0,0,2,2,1,0,1,0,0,0,0,0,0,0,0,0,0,1,2,1,2,0,1,1,2,1,2,0,0,0,0,0,1,1,0,0,0,1,0,0,3,0,4,1,2,3,4,0,1,0,0,0
1700301,Aguiarnópolis,3,2,3,0,2,2,1,1,1,2,0,3,1,3,3,1,1,1,0,0,0,1,1,0,0,1,1,3,0,4,1,0,1,4,1,1,3,1,1,0,0,0,0,0,0,4,0,0,0,1,1,2,0,2,0,6,3,1,3,0,1,0,0,3,0,0,1,0,0,0,1,1,2,2,4,1,2,1,3,0,0,0,0,0,1,2,0,1,0,2,0,2,1,0,1,0,1,5,2,3,1,1,1,2,0,0,0,1,1,2,1,1,0,1,1,1,2,2,3,1,1,1,1,0,0,0,1,2,0,0,3,0,0,1,0,0,2,3,5,1,3,5,1,2,2,1,0,0,0,0,3,0,0,4,2,1,1,1,2,3,1,2,1,1,0,0,0,0,0,0,1,1,0,0,1,1,2,0,1,4,0,2,1,3,1,2,1,0,0,1,0,2,1,1,2,2,0,0,2,0,2,4,1,2,3,3,1,0,0,0
1720002,Santa Terezinha do Tocantins,0,0,0,0,1,1,1,0,0,1,0,0,0,2,3,1,2,1,1,0,0,1,0,0,2,0,1,0,0,0,1,0,1,1,0,3,1,1,1,0,0,0,0,0,0,1,0,0,1,0,0,1,0,0,1,2,2,2,2,0,0,1,0,0,1,0,0,0,0,1,0,1,1,0,0,0,0,0,0,1,0,1,0,0,0,0,0,0,0,0,1,0,1,0,0,0,2,0,1,0,0,1,0,0,0,0,0,0,0,0,0,0,0,0,0,0,3,0,1,1,3,1,0,0,0,0,1,0,1,0,3,0,0,2,2,1,0,3,2,2,0,0,2,0,0,0,0,0,0,0,0,0,0,0,0,0,0,3,1,0,1,1,1,3,0,0,0,0,1,0,1,0,0,1,1,1,1,0,1,0,2,0,0,1,1,1,0,0,0,0,0,1,0,0,0,0,0,2,0,0,1,0,2,2,2,3,1,0,0,0
1718550,Riachinho,1,0,0,0,0,0,0,1,2,1,1,1,4,2,1,1,1,1,1,0,0,0,2,0,0,0,0,1,0,0,0,0,0,0,2,1,4,0,0,1,0,1,0,1,0,0,0,0,0,1,1,1,3,1,2,3,3,2,2,0,0,0,0,0,0,0,0,1,0,0,0,0,3,1,0,1,3,2,3,0,2,2,0,0,1,1,0,1,0,1,0,0,0,0,1,1,0,0,2,2,0,0,1,0,11,0,0,0,1,1,2,0,0,0,3,0,0,1,0,2,4,1,1,0,0,0,0,0,0,0,2,1,1,0,0,1,0,3,0,0,4,2,0,0,1,0,0,1,0,1,0,0,0,1,2,0,0,1,1,1,5,3,1,0,1,0,1,0,1,0,0,1,0,1,1,1,0,0,0,0,2,3,2,0,0,0,1,0,0,0,0,1,0,0,0,1,1,0,1,1,4,6,3,1,0,2,0,0,0,0
1722107,Xambioá,4,3,1,2,4,2,0,1,3,4,4,5,4,7,5,5,3,3,0,0,0,4,2,2,0,3,2,2,1,2,5,2,2,8,8,9,2,5,1,1,1,0,1,3,3,2,1,2,2,2,2,4,2,3,1,3,7,9,2,0,1,0,0,1,1,2,1,5,2,0,1,4,4,5,3,5,10,6,8,11,2,0,1,0,2,3,1,3,0,3,0,4,7,2,3,4,4,14,5,9,3,2,3,0,0,0,0,0,2,3,0,2,4,1,6,4,8,5,7,10,13,7,4,2,1,1,1,1,2,2,1,3,3,5,4,6,5,1,2,6,9,13,3,6,2,0,1,2,0,4,1,1,2,2,2,4,5,6,9,5,5,14,10,6,2,2,0,0,1,0,0,3,0,4,3,2,3,3,3,5,4,4,6,6,7,4,2,1,0,2,2,2,4,0,2,2,0,5,2,2,3,6,9,5,6,9,5,2,2,0
1701051,Angico,0,0,0,0,0,0,0,1,1,1,1,0,0,1,1,1,2,1,0,0,0,0,0,0,0,1,0,0,0,1,3,0,0,2,2,0,0,2,0,0,0,0,0,1,0,0,1,0,0,1,0,0,0,1,2,2,0,1,2,1,3,0,0,1,2,1,0,1,1,0,0,0,1,0,0,0,1,2,0,2,1,0,0,0,4,0,0,1,0,1,0,0,0,2,1,1,1,2,2,2,1,1,1,0,1,2,0,0,0,0,1,0,0,0,0,2,1,0,0,2,0,2,1,1,0,0,0,0,1,0,0,0,0,0,1,1,0,2,1,3,2,0,2,0,0,1,0,0,0,0,0,0,1,1,0,0,0,0,2,0,2,2,1,3,0,2,0,0,0,0,0,0,0,0,1,1,2,1,1,0,1,1,1,1,1,0,2,0,0,0,0,0,1,0,0,0,0,0,0,2,1,2,4,2,6,4,2,0,0,0
1714302,Nazaré,1,0,0,1,0,0,0,1,0,0,0,2,0,3,0,2,0,1,0,0,0,0,0,1,1,0,1,1,1,0,0,0,1,4,3,1,3,2,1,0,0,0,3,0,0,0,1,0,1,1,1,1,0,1,0,2,1,0,4,5,0,0,0,1,0,0,0,1,0,0,0,0,2,2,1,2,1,3,3,3,2,2,0,0,0,0,1,0,0,2,1,1,1,0,2,1,3,7,5,3,0,1,1,1,0,0,0,0,0,1,0,0,5,0,1,0,3,0,4,1,2,3,6,1,1,0,0,0,0,0,1,0,2,0,0,0,0,1,3,0,2,3,4,2,0,1,0,0,1,0,0,0,3,1,1,1,1,3,0,2,3,5,4,2,1,0,0,0,0,0,1,1,0,0,1,1,1,1,1,3,4,4,2,3,3,3,0,0,0,0,0,0,0,0,1,1,3,0,0,0,2,4,1,1,5,1,2,1,0,0
1712454,Luzinópolis,2,1,2,0,2,0,0,0,0,1,0,0,1,1,0,0,1,1,0,0,0,1,0,0,2,0,0,1,0,1,0,2,1,0,2,1,2,2,2,1,0,0,0,1,0,0,0,2,0,1,0,0,1,2,1,3,5,0,0,0,1,0,0,0,0,0,0,1,1,0,0,0,2,1,2,0,2,1,0,2,4,0,0,0,0,0,1,0,0,0,1,1,0,0,1,0,1,2,0,2,0,0,0,0,0,0,1,0,0,0,0,0,0,1,0,1,1,4,3,3,2,1,0,1,0,0,0,0,1,0,0,0,0,0,1,0,1,0,2,3,0,1,3,1,0,0,0,0,0,0,1,0,0,0,1,1,1,1,0,1,1,0,3,1,1,0,0,0,0,1,0,0,0,0,0,1,0,0,0,0,5,1,0,1,2,0,2,0,0,0,0,0,0,1,0,0,0,1,1,0,0,0,3,3,3,1,2,0,0,0
1721208,Tocantinópolis,0,5,1,4,1,4,5,6,3,7,3,5,11,11,19,12,12,5,1,2,0,5,4,2,6,8,1,5,6,3,9,3,10,13,14,9,12,11,4,4,3,0,4,3,1,4,3,6,6,3,4,3,9,6,12,7,13,14,8,4,6,2,0,3,2,5,4,5,2,5,7,5,5,6,11,8,16,9,12,13,10,3,0,0,2,1,1,1,3,3,3,3,5,6,4,6,10,8,14,12,14,3,6,3,0,2,0,2,4,1,2,3,3,2,3,2,6,5,7,17,18,6,6,2,4,0,4,3,3,2,4,5,5,8,5,2,7,6,5,11,10,24,10,5,6,3,0,4,3,1,3,2,3,4,3,7,3,9,6,7,10,19,17,15,4,6,3,0,5,0,0,2,4,2,5,5,4,3,6,13,13,6,13,21,8,4,4,1,0,3,0,1,1,1,5,2,4,4,8,9,6,7,9,15,13,8,9,3,3,0
1703826,Cachoeirinha,0,0,0,0,0,0,0,0,1,0,0,0,0,0,0,1,0,1,1,0,0,0,0,0,0,1,0,1,0,0,0,0,2,0,2,0,1,0,0,0,0,0,0,0,0,0,0,0,0,0,0,0,0,0,0,0,1,0,0,0,0,0,0,0,0,0,0,0,1,0,0,0,0,2,0,0,2,1,1,2,0,0,0,0,0,0,1,0,0,0,0,0,0,1,0,1,0,0,2,1,1,0,0,0,0,0,0,1,0,0,1,0,0,0,2,0,0,0,2,0,2,1,0,1,0,0,0,1,0,0,0,0,1,0,0,0,2,1,1,0,0,1,1,2,1,0,0,1,0,1,0,3,0,1,0,1,0,0,0,1,0,0,2,1,0,0,0,0,0,0,0,0,1,0,0,0,1,0,0,2,1,0,0,2,2,0,0,0,0,0,0,0,0,0,0,0,0,1,0,0,2,0,2,0,0,1,0,0,0,0
1701002,Ananás,1,0,0,0,1,2,1,1,3,2,3,5,3,5,1,4,3,0,0,0,0,1,1,0,0,2,1,4,1,1,3,1,3,4,8,4,3,3,1,2,0,0,0,1,1,0,0,0,0,0,0,0,1,2,3,6,4,2,2,1,0,1,0,3,1,2,0,1,0,1,0,0,0,2,1,1,6,4,3,2,1,0,1,0,0,0,2,0,0,1,2,1,3,5,0,3,4,8,4,2,4,3,2,0,0,1,1,0,2,1,2,3,1,0,0,3,4,6,2,2,5,5,3,1,1,0,4,2,1,0,2,1,5,3,0,1,4,3,3,7,6,9,4,4,2,0,0,1,0,2,1,3,0,2,2,3,4,6,3,4,7,9,5,7,2,0,1,0,1,0,0,0,2,1,2,1,2,3,2,3,3,7,9,8,3,3,0,0,0,3,1,1,0,0,3,2,2,4,3,2,5,6,3,6,4,8,0,2,0,0
1712801,Maurilândia do Tocantins,1,0,1,0,0,1,0,0,0,1,1,0,1,1,1,0,1,0,1,0,0,0,1,0,0,0,0,0,0,0,0,0,1,2,2,2,0,0,1,0,0,0,0,0,0,1,0,0,0,0,1,1,0,1,2,1,3,2,2,1,0,1,0,0,0,0,0,1,0,1,2,1,0,0,0,0,2,2,2,1,1,0,2,0,0,0,0,0,0,0,0,1,1,1,1,0,0,1,1,2,2,0,0,0,0,2,1,0,0,2,1,1,0,1,0,0,1,1,2,0,3,0,0,0,0,0,0,0,0,1,1,0,0,0,0,0,2,1,0,2,1,3,1,0,1,0,0,0,0,0,0,0,0,0,0,0,2,1,1,0,1,1,0,1,1,0,0,0,1,0,2,0,0,0,0,1,0,2,0,1,2,4,2,3,3,2,0,0,0,0,1,0,1,1,0,0,0,0,0,0,2,2,0,0,2,2,1,0,0,0
1720101,São Bento do Tocantins,1,1,0,0,0,1,0,1,1,0,1,1,2,2,1,2,2,0,1,0,0,1,3,0,0,2,0,0,0,0,0,3,2,6,1,0,0,2,1,0,0,0,2,0,3,2,0,2,0,1,2,1,3,0,3,0,5,2,2,2,0,0,0,0,1,0,1,0,0,2,1,2,0,1,2,0,0,3,0,2,1,0,0,0,1,1,0,1,0,2,0,0,2,0,0,3,2,0,0,2,1,0,0,0,0,1,1,0,0,0,0,2,2,1,3,1,1,1,3,5,3,5,3,1,1,0,0,1,1,1,0,0,1,0,0,2,2,3,1,0,0,2,3,2,1,0,0,1,1,1,3,0,0,0,0,0,2,1,0,3,3,2,2,3,1,0,1,0,1,2,1,0,0,1,0,0,0,2,0,4,1,3,2,4,2,0,0,1,0,0,0,0,0,0,1,2,0,1,0,2,2,0,4,1,4,1,1,0,0,0
1710706,Itaguatins,0,1,0,1,0,0,1,0,0,1,1,1,0,3,3,1,0,2,0,1,0,0,0,0,0,1,0,0,1,0,1,0,0,1,3,4,0,0,2,0,0,0,1,0,0,0,0,0,1,0,0,0,1,0,2,0,3,1,0,1,3,0,0,0,1,0,0,0,0,2,0,0,0,0,0,1,4,2,1,3,1,1,0,0,1,0,0,0,0,3,0,0,1,1,2,1,3,1,4,1,3,2,0,1,0,0,0,0,0,1,2,1,1,2,1,0,3,0,4,1,1,1,0,0,0,0,0,3,0,1,0,1,2,0,1,0,0,1,1,3,6,0,0,3,2,0,0,1,0,0,1,1,2,2,0,0,1,0,1,0,1,1,1,1,2,0,1,0,0,0,1,0,1,0,1,2,0,3,2,2,2,1,5,4,4,1,0,0,0,1,2,0,0,2,3,1,0,0,0,6,2,3,2,1,2,2,2,1,0,0
1702901,Axixá do Tocantins,3,2,0,1,2,2,3,3,1,3,2,4,5,5,2,4,3,2,0,0,0,1,2,4,0,3,2,1,2,2,4,4,6,6,7,5,3,4,1,0,0,0,1,2,0,2,2,3,0,1,1,4,2,5,1,7,6,2,3,2,0,0,0,1,2,1,6,0,1,0,0,0,2,4,3,5,9,7,4,3,1,0,0,0,3,4,0,2,1,2,1,0,6,4,7,4,10,6,8,2,4,1,2,0,0,2,1,3,0,3,2,2,0,2,3,7,5,12,7,5,2,2,2,0,1,0,3,2,2,0,0,4,1,4,1,0,2,3,4,2,4,9,1,0,2,0,0,3,0,2,1,2,2,2,1,3,0,5,2,8,7,10,6,3,0,1,0,0,3,1,0,3,3,3,0,3,4,5,8,12,3,8,5,12,4,5,3,0,0,2,1,2,0,0,4,2,2,0,3,3,7,8,6,4,7,6,5,0,2,0
1720804,Sítio Novo do Tocantins,0,0,0,1,1,0,2,1,2,3,2,1,2,5,2,2,1,0,0,0,0,1,1,0,1,2,1,1,1,0,2,1,2,3,0,2,1,2,1,1,0,0,0,0,2,1,1,0,2,1,1,0,0,4,3,3,4,3,2,0,0,1,0,2,1,1,0,0,1,0,0,2,2,0,2,3,1,1,2,0,2,0,0,0,1,1,0,0,1,1,0,2,1,0,2,3,1,3,2,2,1,1,1,0,0,1,1,0,3,1,1,0,3,4,2,4,0,1,4,6,4,3,2,1,0,0,2,0,0,4,2,2,1,1,1,0,3,2,5,1,6,5,4,3,1,0,0,2,0,1,1,0,1,1,0,1,2,0,2,4,3,6,6,0,0,1,0,0,0,0,1,2,2,3,1,0,0,2,4,2,7,1,4,3,2,1,2,0,0,1,1,0,1,2,2,0,1,0,2,1,4,0,3,4,6,4,2,0,0,0
1720200,São Miguel do Tocantins,0,2,0,1,0,0,0,3,0,0,2,3,1,2,4,0,2,0,1,0,0,1,4,0,2,5,2,1,1,1,1,1,2,4,1,2,2,1,0,0,0,0,3,1,0,1,2,1,0,1,1,1,3,1,4,4,3,5,1,0,0,0,0,2,0,1,1,0,1,0,1,1,1,3,0,2,4,4,2,1,1,1,0,0,3,1,4,3,1,3,0,5,4,3,3,3,0,4,2,0,4,0,1,3,0,4,2,2,3,3,4,3,4,2,0,5,2,4,6,6,7,4,2,0,1,0,1,1,0,1,3,2,3,2,2,1,2,1,6,3,6,7,2,3,0,2,0,2,2,1,2,3,4,1,0,0,2,3,3,3,3,4,4,1,2,0,0,0,3,2,0,1,2,0,1,0,4,2,2,3,4,7,2,4,5,3,1,0,0,0,1,0,2,2,3,2,2,0,5,4,5,1,2,5,3,2,2,0,0,0
1702554,Augustinópolis,9,4,2,2,8,4,3,7,5,7,8,7,7,13,8,8,2,2,1,0,1,12,3,4,2,7,7,4,7,5,10,7,10,9,18,11,9,12,2,1,1,0,9,4,3,3,1,4,7,10,6,9,7,17,9,8,19,15,8,2,5,0,2,3,2,1,2,3,0,2,4,2,6,8,11,11,17,16,13,9,2,3,1,3,5,2,4,6,1,2,4,4,2,8,9,6,15,14,17,11,10,6,4,0,1,2,3,1,0,2,1,4,3,3,4,2,6,10,11,12,4,8,1,1,0,0,4,0,0,3,2,1,3,2,5,8,3,4,8,6,8,8,4,2,1,0,0,6,2,2,1,3,1,4,5,3,3,4,6,11,10,18,13,9,7,1,0,0,5,1,2,1,2,7,1,4,2,6,4,7,13,6,13,9,10,5,3,0,0,5,3,2,1,3,3,4,5,3,4,3,10,11,8,14,13,6,4,0,1,0
1718303,Praia Norte,0,0,0,0,2,2,2,0,1,2,2,7,9,3,1,1,2,2,2,0,0,1,0,0,1,5,2,0,1,0,2,0,5,4,5,2,6,0,0,0,1,0,1,1,1,2,0,3,0,0,0,1,2,4,2,4,6,2,3,0,0,0,0,1,0,1,0,1,2,0,0,0,2,2,5,3,1,1,5,1,3,1,1,0,0,1,1,0,0,1,0,0,4,3,4,0,5,3,1,4,1,2,0,0,0,1,1,1,1,0,1,1,1,1,4,0,3,1,2,2,2,3,2,1,0,0,2,0,0,0,2,0,3,0,0,1,1,2,1,6,5,4,1,1,0,0,0,0,1,0,1,1,1,0,2,3,2,2,2,7,3,5,3,1,2,1,0,0,1,0,0,0,0,0,0,1,1,0,0,4,0,3,3,1,1,1,0,0,0,0,0,0,4,2,0,1,0,0,2,2,7,4,5,4,4,1,1,3,0,0
1702208,Araguatins,6,3,1,2,4,4,4,5,3,6,7,6,8,8,9,12,7,4,0,0,3,1,4,3,5,0,6,2,5,2,5,4,6,8,13,17,8,9,4,1,1,0,3,3,2,2,5,4,3,9,2,6,6,6,8,10,3,11,6,4,0,0,2,4,5,0,4,2,2,7,6,8,8,4,7,13,10,11,6,4,7,0,0,0,2,3,2,3,5,2,6,6,3,5,8,11,8,10,12,5,12,6,0,0,0,5,4,1,9,3,4,7,4,7,10,11,14,21,28,23,12,14,7,2,1,0,4,5,5,3,6,11,4,6,6,5,2,14,10,14,22,16,10,5,4,3,1,3,3,4,5,1,4,11,5,12,5,7,10,13,10,20,14,9,5,4,1,0,4,2,3,2,3,5,7,4,7,5,9,7,7,25,26,19,21,8,5,1,0,6,8,3,5,5,6,4,5,5,7,8,7,26,19,22,19,13,5,3,1,0
1703800,Buriti do Tocantins,2,1,0,0,2,0,0,1,2,4,3,2,7,1,7,0,2,1,2,0,0,2,1,0,0,1,1,2,1,1,0,3,1,4,2,4,0,2,2,0,0,0,0,1,1,0,1,0,2,1,0,3,2,3,1,5,6,6,3,1,3,1,0,0,2,0,0,2,1,0,1,0,2,3,2,1,0,3,2,2,0,1,0,0,0,1,0,2,1,0,1,0,0,2,0,3,3,1,2,1,4,1,2,0,0,0,2,2,0,0,1,1,2,1,2,3,1,5,5,5,6,0,1,2,0,0,0,1,3,2,2,0,1,2,2,4,2,4,5,5,8,3,5,1,1,0,0,0,1,1,1,0,1,0,1,2,2,1,2,2,1,5,2,2,3,2,0,0,0,0,0,2,0,2,3,1,1,1,6,3,2,8,4,2,5,1,0,0,0,0,0,0,0,0,2,0,2,0,1,3,4,3,9,7,7,3,0,2,1,0
1703891,Carrasco Bonito,2,0,1,0,3,1,1,3,0,1,1,1,0,0,0,1,0,1,0,0,0,4,0,0,0,1,1,0,1,0,0,0,0,3,1,0,0,1,0,1,0,0,1,1,0,0,0,2,0,1,0,0,2,0,1,5,2,3,3,0,0,0,0,2,0,0,0,1,0,0,0,2,0,1,0,0,2,0,3,0,0,0,1,0,0,1,0,0,1,0,0,0,0,0,1,2,1,2,2,1,1,1,2,0,0,0,0,1,1,1,1,1,0,1,1,2,0,2,0,2,1,1,0,1,0,0,0,0,1,0,0,1,0,0,1,3,0,1,1,2,4,1,0,0,0,0,0,0,0,1,0,1,0,0,0,0,1,0,0,1,5,0,2,0,1,0,0,0,1,0,0,1,0,1,1,0,0,1,2,2,2,1,0,2,3,0,0,0,0,2,1,0,1,0,0,0,0,0,1,2,1,3,1,3,1,1,1,2,0,0
1718808,Sampaio,0,0,0,1,1,1,0,1,0,1,0,0,1,0,1,1,0,1,1,0,0,2,0,2,0,0,1,0,1,2,0,0,0,3,2,0,3,1,1,1,0,0,0,0,0,0,1,1,0,2,1,1,1,1,0,3,1,3,1,1,0,0,0,0,2,0,1,0,1,0,1,0,2,2,1,1,2,4,1,1,1,0,0,0,0,0,0,0,0,1,0,1,0,0,2,2,0,0,2,2,2,0,0,0,0,1,0,0,1,1,0,2,0,1,2,1,1,3,0,2,1,1,1,0,0,0,0,0,0,0,0,0,0,0,0,0,2,3,0,3,2,3,3,1,0,1,0,2,0,0,0,0,0,0,1,1,0,1,2,4,2,2,5,1,2,1,1,0,0,1,1,1,0,1,0,1,0,0,0,2,2,4,2,3,2,0,0,1,0,2,0,1,0,0,1,0,0,0,4,3,3,2,3,3,1,0,1,1,0,0
1707405,Esperantina,4,3,1,1,1,2,0,0,0,0,4,0,2,4,2,2,1,0,0,0,0,1,0,0,1,2,0,1,1,2,1,3,1,1,3,2,2,3,0,0,0,0,0,1,0,1,0,0,1,2,2,0,1,4,2,6,6,4,0,1,0,0,0,2,1,0,0,0,0,0,1,1,2,1,2,2,1,2,2,1,1,0,0,0,1,0,0,2,2,0,0,1,1,2,4,2,3,2,2,0,1,1,0,0,0,2,0,1,1,4,2,0,3,1,3,1,1,5,6,2,4,0,0,0,0,0,2,1,1,2,2,3,3,1,2,3,2,1,2,4,3,2,1,1,1,0,0,2,0,0,1,3,2,3,0,4,3,1,4,6,4,1,4,3,0,1,0,0,0,1,1,3,2,0,3,1,2,4,0,3,8,5,3,2,2,0,0,0,0,0,1,1,0,7,2,2,2,1,0,2,0,2,4,3,1,4,2,0,0,0
1720309,São Sebastião do Tocantins,0,0,0,0,1,1,0,1,0,2,0,3,0,3,2,0,0,0,0,0,0,1,0,0,0,2,1,0,2,1,0,2,1,1,3,3,1,0,1,0,0,0,0,0,0,0,1,0,0,0,1,0,0,2,4,1,3,2,0,0,0,1,0,0,0,0,1,0,0,0,2,0,1,0,0,0,0,2,0,0,0,0,0,0,0,0,0,0,0,0,1,1,0,1,1,0,1,0,1,0,3,0,0,0,0,0,1,0,0,1,0,1,2,0,3,1,0,2,3,0,2,1,0,0,0,0,0,0,0,0,0,0,0,0,0,1,1,0,4,1,0,2,1,0,0,0,0,0,1,0,0,0,0,0,1,2,1,2,1,2,1,4,0,5,1,0,0,0,0,0,0,0,1,0,1,1,0,1,1,1,3,2,2,0,2,2,1,1,0,0,1,2,0,0,4,2,0,0,1,1,5,1,1,0,2,1,0,1,0,0
1712157,Lavandeira,0,0,0,0,0,0,0,0,0,0,0,0,0,1,0,0,1,0,0,0,0,0,0,0,0,0,0,1,0,0,0,1,1,0,0,0,0,0,0,0,0,0,0,0,0,0,0,0,0,1,0,1,0,0,0,1,1,0,0,0,0,0,0,0,0,0,0,0,0,0,3,0,0,0,0,0,1,0,1,1,0,0,0,0,0,0,0,0,0,0,0,1,0,0,1,1,1,0,0,0,1,2,0,0,0,0,0,0,0,0,0,0,0,0,1,1,1,0,1,0,0,0,0,0,0,0,0,0,0,0,0,0,0,0,0,0,2,0,0,1,0,0,0,0,0,0,0,0,0,0,0,0,0,2,0,0,0,0,1,1,0,0,0,0,0,0,0,0,2,0,1,1,0,1,0,0,1,0,0,0,0,0,0,1,1,0,0,0,0,0,0,0,0,0,0,1,0,0,0,0,0,3,3,1,1,0,0,0,1,0
1702703,Aurora do Tocantins,0,0,0,1,0,2,0,1,0,3,1,2,1,2,2,2,1,0,2,0,0,1,1,0,0,1,0,0,1,1,0,0,1,2,2,0,0,1,1,0,0,0,1,1,0,0,0,0,1,0,0,1,4,2,0,1,2,0,0,1,0,1,0,1,0,0,0,0,0,1,2,1,0,0,1,0,2,5,0,2,0,0,1,0,0,1,0,0,1,0,1,0,0,1,1,1,1,2,3,2,2,2,0,0,0,0,0,1,0,0,0,0,2,1,1,0,0,2,1,4,2,2,3,1,1,0,1,0,1,2,0,0,1,1,1,4,1,2,0,1,1,1,1,1,1,0,0,2,0,1,0,0,0,0,2,1,1,1,0,0,1,6,1,1,0,0,0,0,0,0,0,0,1,0,1,0,1,2,0,3,3,1,7,1,1,0,0,1,0,0,0,0,0,0,0,0,1,0,1,1,2,3,4,3,1,0,3,0,0,1
1717800,Ponte Alta do Bom Jesus,0,1,0,0,0,3,0,2,0,1,1,4,5,2,5,1,2,0,1,0,0,0,0,1,0,0,1,1,1,0,1,0,2,0,5,3,2,3,3,0,1,0,0,0,0,0,1,0,3,1,0,2,2,2,1,2,1,4,6,0,0,0,0,0,0,2,2,1,4,1,0,0,0,4,1,3,0,2,3,1,2,0,1,0,0,0,0,0,1,1,0,0,1,2,3,1,5,1,2,5,1,1,1,0,0,1,0,0,0,0,0,1,2,1,1,2,1,0,1,3,3,1,1,0,1,0,0,0,0,0,1,2,2,0,3,1,1,1,0,1,5,3,1,2,0,0,0,1,0,2,0,0,2,2,0,1,0,2,2,1,7,5,2,2,1,3,0,0,0,2,0,2,1,0,1,3,0,3,0,1,1,5,2,0,1,0,0,0,0,2,1,0,0,2,1,1,2,0,3,1,3,4,2,3,0,5,2,0,2,0
1715259,Novo Jardim,0,0,2,0,0,0,0,0,0,0,0,1,3,2,1,1,0,0,0,0,0,1,0,0,1,2,1,3,1,0,0,0,0,2,1,0,0,1,0,2,0,0,0,0,0,0,1,0,0,0,0,0,0,2,1,0,2,1,0,0,1,0,0,0,0,0,0,0,1,2,2,0,0,1,1,0,1,2,2,1,1,0,0,0,1,0,0,0,0,0,0,0,2,1,0,1,0,1,1,2,1,0,0,0,0,1,0,0,0,0,1,0,1,0,0,1,1,1,0,1,1,1,0,0,0,0,0,0,0,0,0,0,0,0,1,1,1,0,2,0,0,0,1,2,1,0,0,0,0,1,0,1,0,0,0,0,0,2,0,0,0,0,1,3,0,1,0,0,0,0,0,1,0,3,0,1,0,0,1,0,0,1,2,1,1,0,1,0,0,0,0,1,0,0,1,1,1,0,0,1,1,1,1,1,1,0,0,0,0,0
1707009,Dianópolis,1,1,4,2,1,7,3,3,5,2,5,3,4,0,6,5,6,3,1,0,0,4,2,1,1,7,4,5,6,6,8,6,7,12,4,7,7,4,3,1,2,2,4,4,1,0,3,3,6,5,3,5,8,3,5,9,10,4,6,1,2,2,0,3,4,1,3,2,5,6,5,4,5,6,9,8,8,8,9,10,2,2,1,1,2,4,4,2,3,3,4,4,6,3,5,4,4,7,8,8,7,4,0,0,0,4,2,4,3,1,6,3,1,4,2,7,6,12,12,11,7,3,6,2,2,0,3,2,2,2,4,2,7,3,5,5,8,7,4,8,14,7,3,7,5,2,0,3,3,0,4,2,4,4,3,9,4,11,7,3,11,3,8,6,5,3,4,0,1,0,4,3,3,4,4,5,4,6,4,4,11,12,11,12,17,4,4,0,0,7,2,3,5,1,2,2,4,4,5,2,13,7,9,6,12,9,3,1,0,0
1718659,Rio da Conceição,0,0,0,1,0,0,0,0,1,0,0,0,0,0,1,0,1,0,0,0,0,2,0,0,0,0,0,1,0,0,0,0,0,0,0,1,0,0,0,0,0,0,0,0,0,1,0,0,0,0,0,0,0,1,1,1,0,1,0,0,0,0,0,1,1,0,0,0,1,0,0,0,1,1,0,0,2,0,0,1,0,0,0,0,0,0,0,0,0,0,1,1,0,0,0,0,1,0,3,0,2,0,0,0,0,0,0,0,0,0,0,1,0,1,0,0,0,0,0,0,1,0,0,0,0,0,0,0,0,0,0,0,1,0,0,0,0,1,1,2,0,0,0,0,1,1,0,0,0,0,0,0,1,0,0,0,2,0,0,1,1,1,0,0,1,0,0,0,0,0,0,0,0,2,0,0,0,0,2,0,0,0,0,0,1,0,0,0,0,0,0,0,0,0,0,0,0,0,0,0,0,0,1,0,0,0,0,0,0,0
1712702,Mateiros,1,0,0,0,1,0,0,0,1,1,2,0,2,0,0,0,0,0,0,0,0,0,0,0,1,0,1,1,0,0,1,1,0,0,0,1,1,0,0,0,0,0,0,1,0,0,0,0,0,0,0,0,1,3,0,0,1,3,0,0,0,1,0,0,0,0,0,0,0,0,1,0,1,0,2,0,1,1,2,1,0,0,0,0,0,0,0,0,0,0,1,0,0,1,0,0,0,0,1,1,1,0,0,1,0,2,0,0,0,0,0,2,2,0,2,0,0,2,0,2,0,0,0,0,0,0,0,0,0,0,0,0,0,0,0,1,0,1,0,1,0,0,1,0,0,0,0,0,0,1,0,1,1,1,0,0,0,0,2,0,1,0,1,1,0,0,0,0,0,0,1,0,0,1,0,0,1,0,0,0,1,1,1,1,0,2,0,0,0,0,0,1,1,0,0,0,0,0,0,0,1,2,2,1,0,1,0,0,0,0
1709302,Guaraí,3,5,4,2,3,3,7,2,3,3,8,3,10,9,10,11,6,6,1,0,0,7,5,2,3,10,4,3,3,5,8,6,9,4,10,15,10,10,9,5,3,0,1,3,3,4,2,5,6,4,8,7,5,12,6,4,9,16,9,3,3,0,0,2,2,2,1,3,5,2,4,4,1,8,9,10,6,18,11,7,4,3,1,0,2,3,5,4,1,1,4,7,1,4,12,3,10,7,7,15,7,6,4,0,0,11,2,2,6,3,0,1,4,6,2,9,8,5,9,18,13,5,3,2,0,0,1,0,2,6,3,4,6,9,2,6,1,6,10,9,14,8,7,7,4,1,0,3,1,6,4,3,6,9,5,8,4,9,6,10,16,15,10,5,3,3,2,1,4,4,2,6,2,4,3,2,10,6,11,7,10,15,14,15,11,14,3,0,0,6,2,1,0,6,7,6,7,2,7,10,11,11,8,11,13,14,4,1,3,0
