cod_ibge,nome,h15_2009,m15_2009,h1519_2009,m1519_2009,h2024_2009,m2024_2009,h2529_2009,m2529_2009,h3034_2009,m3034_2009,h3539_2009,m3539_2009,h4044_2009,m4044_2009,h4549_2009,m4549_2009,h50_2009,m50_2009,h_ign_2009,m_ign_2009,h15_2010,m15_2010,h1519_2010,m1519_2010,h2024_2010,m2024_2010,h2529_2010,m2529_2010,h3034_2010,m3034_2010,h3539_2010,m3539_2010,h4044_2010,m4044_2010,h4549_2010,m4549_2010,h50_2010,m50_2010,h_ign_2010,m_ign_2010,h15_2011,m15_2011,h1519_2011,m1519_2011,h2024_2011,m2024_2011,h2529_2011,m2529_2011,h3034_2011,m3034_2011,h3539_2011,m3539_2011,h4044_2011,m4044_2011,h4549_2011,m4549_2011,h50_2011,m50_2011,h_ign_2011,m_ign_2011,h15_2012,m15_2012,h1519_2012,m1519_2012,h2024_2012,m2024_2012,h2529_2012,m2529_2012,h3034_2012,m3034_2012,h3539_2012,m3539_2012,h4044_2012,m4044_2012,h4549_2012,m4549_2012,h50_2012,m50_2012,h_ign_2012,m_ign_2012,h15_2013,m15_2013,h1519_2013,m1519_2013,h2024_2013,m2024_2013,h2529_2013,m2529_2013,h3034_2013,m3034_2013,h3539_2013,m3539_2013,h4044_2013,m4044_2013,h4549_2013,m4549_2013,h50_2013,m50_2013,h_ign_2013,m_ign_2013,h15_2014,m15_2014,h1519_2014,m1519_2014,h2024_2014,m2024_2014,h2529_2014,m2529_2014,h3034_2014,m3034_2014,h3539_2014,m3539_2014,h4044_2014,m4044_2014,h4549_2014,m4549_2014,h50_2014,m50_2014,h_ign_2014,m_ign_2014,h15_2015,m15_2015,h1519_2015,m1519_2015,h2024_2015,m2024_2015,h2529_2015,m2529_2015,h3034_2015,m3034_2015,h3539_2015,m3539_2015,h4044_2015,m4044_2015,h4549_2015,m4549_2015,h50_2015,m50_2015,h_ign_2015,m_ign_2015,h15_2016,m15_2016,h1519_2016,m1519_2016,h2024_2016,m2024_2016,h2529_2016,m2529_2016,h3034_2016,m3034_2016,h3539_2016,m3539_2016,h4044_2016,m4044_2016,h4549_2016,m4549_2016,h50_2016,m50_2016,h_ign_2016,m_ign_2016,h15_2017,m15_2017,h1519_2017,m1519_2017,h2024_2017,m2024_2017,h2529_2017,m2529_2017,h3034_2017,m3034_2017,h3539_2017,m3539_2017,h4044_2017,m4044_2017,h4549_2017,m4549_2017,h50_2017,m50_2017,h_ign_2017,m_ign_2017,h15_2018,m15_2018,h1519_2018,m1519_2018,h2024_2018,m2024_2018,h2529_2018,m2529_2018,h3034_2018,m3034_2018,h3539_2018,m3539_2018,h4044_2018,m4044_2018,h4549_2018,m4549_2018,h50_2018,m50_2018,h_ign_2018,m_ign_2018
1715150,Novo Alegre,0,0,2,3,6,5,6,7,0,2,0,1,0,0,0,0,0,0,0,0,0,0,3,2,3,3,1,4,3,1,0,0,0,0,0,0,0,0,0,0,0,0,2,3,1,5,7,7,3,1,1,1,1,0,0,0,0,0,0,0,0,0,4,2,3,1,3,3,3,3,0,1,0,1,0,0,0,0,0,0,1,0,2,1,6,3,4,0,1,2,1,1,0,0,0,0,0,0,0,0,0,0,3,2,3,3,4,6,0,1,0,0,0,0,0,0,0,0,0,0,0,0,0,6,3,3,4,1,4,3,0,1,0,0,0,0,0,0,0,0,0,0,3,0,5,2,2,6,5,2,0,2,0,0,0,0,0,0,0,0,0,0,0,0,5,4,3,4,1,4,2,0,0,0,0,0,0,0,0,0,0,0,0,0,2,6,5,1,1,3,0,1,1,1,0,0,0,0,0,0
1715754,Palmeirópolis,0,1,12,8,16,22,10,15,6,6,1,1,0,0,0,0,0,0,0,0,2,0,16,15,22,20,7,15,9,6,3,1,1,0,0,0,0,0,0,0,0,2,9,7,21,14,10,15,5,7,1,2,0,0,0,0,0,0,0,0,1,4,18,12,12,16,12,13,6,12,1,2,0,1,0,0,0,0,0,0,1,1,15,7,8,11,10,8,2,7,2,6,0,1,0,0,0,0,1,0,0,0,8,10,12,13,17,11,7,4,3,1,0,1,0,0,0,0,0,0,1,1,14,9,11,13,10,7,12,8,2,3,0,1,0,0,0,0,2,0,0,0,6,11,8,12,11,11,4,13,4,2,1,0,0,0,0,0,1,0,2,0,1,10,5,13,15,6,11,8,2,2,1,0,0,0,0,0,0,0,0,0,14,14,14,9,8,15,16,10,3,4,2,1,0,0,0,0,0,0
1705557,Combinado,0,0,6,9,26,9,7,13,7,3,0,1,0,0,0,0,0,0,0,1,0,0,4,7,12,15,11,4,6,4,2,3,0,1,0,0,0,0,0,0,1,0,5,10,6,12,11,6,4,2,1,2,0,0,0,0,0,0,1,0,1,2,8,5,3,9,10,12,7,6,4,1,0,0,0,0,0,0,0,0,1,0,6,20,10,17,12,13,1,2,2,1,0,0,0,0,0,0,0,0,0,0,9,5,13,13,4,6,8,3,2,2,0,0,0,0,0,0,0,0,0,1,11,14,13,11,8,5,8,8,3,3,0,1,0,0,0,0,0,0,0,0,8,3,7,10,7,7,9,1,0,0,0,0,0,0,0,0,1,0,0,0,10,10,11,15,12,6,9,4,2,3,1,0,0,0,0,0,0,1,0,0,3,8,8,14,12,5,9,9,2,1,0,1,0,0,0,0,0,0
1702000,Araguaçu,0,0,12,9,25,18,13,15,8,8,3,4,0,0,0,0,0,0,0,1,1,1,13,8,17,24,11,11,7,7,3,4,0,0,0,0,0,0,0,0,1,0,12,5,16,9,17,14,10,10,0,2,1,0,1,0,0,0,0,0,1,2,8,11,18,15,6,19,11,7,5,4,1,2,0,0,0,0,0,0,1,2,18,12,12,4,13,11,12,7,6,5,0,0,0,0,0,0,0,0,1,1,7,14,15,15,10,8,4,4,2,4,1,3,0,0,0,0,0,0,1,1,12,17,12,15,11,7,11,7,5,1,1,1,0,0,0,0,0,0,0,3,11,12,18,13,10,10,9,4,4,1,1,0,0,0,0,0,0,0,1,0,20,15,18,16,9,14,6,6,4,4,1,3,0,0,0,0,0,0,0,0,11,6,16,15,14,6,9,8,2,5,1,0,0,0,0,0,0,0
1711506,Jaú do Tocantins,0,0,7,7,7,3,4,6,5,3,0,0,0,0,0,0,0,0,0,0,2,0,8,5,8,9,5,7,1,4,1,1,0,0,0,0,0,0,0,0,0,0,4,4,6,4,10,8,4,5,0,0,1,0,0,0,0,0,0,0,0,0,4,1,3,7,3,6,3,2,2,2,0,0,0,0,0,0,0,0,0,0,5,3,9,9,1,1,3,4,0,0,0,1,0,0,0,0,0,0,0,0,4,1,6,4,2,3,7,3,1,0,3,0,0,0,0,0,0,0,0,1,4,8,13,7,4,3,4,3,2,1,0,0,0,0,0,0,0,0,0,0,0,5,3,7,3,6,4,4,4,0,0,0,0,0,0,0,0,0,0,0,6,2,5,5,2,5,3,2,0,3,0,0,0,0,0,0,0,0,0,0,2,1,7,4,4,4,3,3,2,0,1,1,0,1,0,0,0,1
1720978,Talismã,0,0,2,5,9,5,3,2,0,1,0,0,0,1,0,0,0,0,0,1,0,0,2,6,4,6,3,3,1,2,0,0,0,0,0,0,0,0,0,0,0,0,5,1,5,4,4,6,2,4,1,0,0,1,0,0,0,0,0,0,1,0,2,1,6,7,4,6,1,4,1,0,0,0,0,0,0,0,0,0,0,0,4,3,4,5,2,1,6,3,0,1,0,0,0,0,0,0,0,0,0,0,5,3,7,4,5,2,2,3,1,0,0,0,0,0,0,0,0,0,1,0,3,5,6,1,8,6,1,5,0,2,0,0,0,0,0,0,0,0,1,0,3,3,9,7,4,2,1,2,1,2,1,1,0,0,0,0,0,0,0,1,5,8,5,6,4,4,4,1,0,3,1,0,0,0,0,0,0,0,0,0,4,2,11,7,6,1,2,2,1,2,0,0,0,0,0,0,0,1
1702406,Arraias,3,2,31,23,23,28,24,25,15,13,6,6,3,2,0,0,0,0,0,0,2,0,17,26,26,35,18,23,13,14,6,3,1,3,0,0,0,0,1,1,4,1,21,26,20,37,30,17,14,16,5,7,5,2,0,0,0,0,0,1,1,2,26,25,28,26,17,25,14,9,4,7,0,1,0,0,0,1,0,0,0,1,22,28,25,36,22,15,8,10,3,6,4,5,0,1,1,0,0,0,4,1,29,14,22,15,20,16,17,8,3,8,1,0,1,0,0,0,0,1,0,2,28,20,25,25,14,18,19,9,4,12,1,0,0,0,0,0,0,0,0,1,18,16,22,18,17,15,10,18,11,5,2,2,0,0,0,1,0,0,0,1,24,17,22,18,19,19,5,12,4,16,1,3,0,0,0,0,0,2,1,4,15,9,23,17,18,11,21,25,12,0,3,0,1,1,0,0,0,1
1720259,São Salvador do Tocantins,0,1,5,10,7,12,4,4,2,4,1,2,0,0,0,0,0,1,0,0,1,0,3,5,6,10,4,5,0,2,0,1,0,0,0,0,0,0,0,1,0,1,4,5,8,9,7,6,2,3,0,2,0,0,0,0,0,0,0,0,0,1,5,5,3,3,3,4,0,5,0,1,0,0,0,0,0,0,0,0,0,0,3,6,4,3,3,6,1,2,1,0,0,0,0,0,0,0,0,0,0,0,4,5,5,8,4,5,3,3,0,3,0,0,0,0,0,0,0,0,0,1,6,6,3,6,6,2,3,3,4,1,0,0,0,0,0,0,0,0,0,0,6,3,3,5,8,4,4,2,2,2,0,0,0,0,0,0,0,0,0,0,4,3,3,7,5,6,1,5,3,0,0,0,0,0,0,0,0,0,0,0,6,4,7,3,3,3,4,4,1,0,1,0,0,0,0,0,0,0
1700707,Alvorada,4,1,13,16,20,22,11,11,7,13,2,6,0,0,0,0,0,0,1,0,1,1,17,10,24,27,12,18,4,6,0,5,2,1,0,0,0,0,1,0,1,1,11,16,18,15,4,18,10,7,3,1,2,0,0,0,0,0,1,0,2,5,16,20,19,18,9,15,7,8,2,1,3,0,0,0,0,0,0,0,0,0,18,8,21,11,11,13,12,7,6,4,0,0,0,0,0,0,0,0,1,0,17,20,18,15,11,15,11,13,5,3,2,0,0,0,0,0,2,0,0,1,10,12,14,20,11,16,13,10,7,5,1,2,0,0,0,0,2,0,1,0,10,15,12,11,14,11,11,5,1,7,1,1,1,0,0,0,0,1,0,1,12,12,18,8,7,16,16,11,5,5,1,1,0,1,0,0,0,1,1,0,8,19,25,24,15,12,15,8,5,4,0,2,0,0,0,0,0,0
1720903,Taguatinga,3,0,29,32,46,30,32,20,17,16,3,0,2,1,0,1,0,0,0,0,1,3,30,29,41,30,27,22,19,7,4,3,1,0,0,0,0,0,0,0,0,1,33,25,38,27,17,20,11,14,4,3,0,1,1,0,0,0,0,0,1,0,27,23,36,39,36,25,18,24,5,3,0,0,0,1,0,0,0,0,2,0,25,28,44,37,31,34,21,25,9,6,0,2,0,0,0,0,0,0,1,2,19,33,39,48,31,37,16,28,9,11,1,0,0,0,0,0,0,0,0,2,36,16,19,31,26,18,18,18,11,9,0,2,0,0,0,0,0,0,0,1,19,17,20,24,28,22,17,17,5,5,1,0,0,0,0,0,1,1,3,3,21,21,25,35,16,21,15,16,8,10,2,2,0,0,0,0,0,0,0,2,17,23,33,25,21,20,16,11,6,5,4,1,0,0,0,0,0,0
1718840,Sandolândia,0,0,2,9,12,2,4,3,2,1,3,2,0,1,0,0,0,0,1,0,0,0,13,12,12,12,7,6,3,5,2,0,1,1,0,0,0,0,2,0,0,0,8,5,10,11,5,9,3,3,3,4,0,0,0,0,0,0,0,0,1,0,8,8,15,11,5,4,2,0,2,1,0,0,0,0,0,0,0,0,0,0,5,5,10,6,4,10,3,2,0,0,1,0,0,0,0,0,1,0,1,0,9,6,14,7,10,4,1,2,2,2,0,0,0,0,0,0,0,1,1,0,2,6,6,6,5,7,3,3,1,0,0,0,0,0,0,0,0,0,1,0,4,3,14,6,2,5,10,3,1,0,1,0,0,1,0,0,0,0,1,0,7,1,5,8,4,5,5,3,1,1,0,0,0,0,0,0,0,1,0,0,6,4,12,11,5,4,4,5,2,1,0,0,0,0,0,0,0,0
1716208,Paranã,4,2,35,19,29,26,21,19,12,9,1,1,0,2,1,0,0,0,1,2,1,0,19,28,30,25,16,12,6,12,3,9,0,1,0,0,0,0,3,0,0,0,32,27,26,30,18,19,12,14,8,5,0,0,0,0,0,0,1,2,1,0,28,20,19,12,26,14,7,22,6,4,0,1,0,0,0,0,1,1,1,2,19,18,19,17,20,16,10,6,5,3,5,1,0,0,0,0,0,2,0,0,14,14,20,19,21,19,11,10,5,4,0,0,0,1,0,0,0,0,0,1,20,15,14,24,19,20,14,11,3,6,1,1,0,0,0,0,0,0,0,0,20,17,23,18,12,14,9,6,5,5,2,0,0,0,0,1,0,0,2,0,15,16,24,25,16,13,8,11,6,6,2,0,0,0,0,0,0,0,2,0,26,26,28,26,17,15,11,14,4,2,3,3,0,0,0,0,0,1
1707652,Figueirópolis,1,0,5,9,11,11,11,13,4,3,3,1,0,1,0,0,0,0,4,2,0,0,8,7,7,11,7,9,3,4,2,1,0,0,0,0,0,0,1,2,0,0,7,7,16,15,10,10,7,3,1,2,1,1,0,0,0,0,0,0,1,0,5,7,9,11,9,6,6,4,3,2,0,0,0,0,0,0,0,1,1,0,6,14,8,9,8,4,4,10,4,3,0,0,0,0,0,0,0,0,3,0,10,9,10,5,9,14,8,8,3,3,1,0,0,0,0,0,0,0,1,0,10,12,13,13,10,8,6,4,6,3,0,1,0,0,0,0,0,0,0,0,10,6,9,11,11,8,6,8,5,1,1,0,0,0,0,0,0,1,0,0,9,11,10,14,12,8,6,6,1,1,2,0,0,0,0,0,0,0,0,0,12,6,11,10,7,3,11,8,4,6,1,0,0,0,0,0,0,0
1720937,Taipas do Tocantins,0,0,5,5,8,5,2,6,3,2,2,4,0,1,0,0,1,0,0,0,1,0,1,4,6,2,3,1,3,1,0,0,2,0,0,0,0,0,0,0,1,0,3,2,5,9,6,6,6,3,2,1,0,0,0,0,0,0,0,0,0,0,6,3,4,4,2,1,1,4,1,1,0,0,0,0,0,0,0,1,0,0,6,3,8,5,2,8,2,0,0,1,2,1,0,0,0,0,0,0,0,0,5,6,5,6,5,3,1,1,1,1,0,0,0,0,0,0,0,1,0,0,3,3,1,4,3,4,4,3,0,1,0,0,0,0,0,0,0,0,1,0,8,4,4,2,2,2,0,1,0,1,0,0,0,0,0,0,1,0,0,0,1,2,2,3,1,3,0,1,0,0,0,0,0,0,0,0,0,0,0,1,3,7,4,3,2,2,1,2,1,4,0,0,0,0,0,0,0,0
1720853,Sucupira,1,0,3,1,2,1,0,3,3,0,0,0,0,0,0,0,0,0,0,0,0,0,1,2,1,5,2,0,2,2,0,1,0,1,0,0,0,0,1,1,0,1,5,4,0,7,2,3,1,0,0,1,0,0,0,0,0,0,0,0,0,0,1,1,0,4,6,1,0,1,3,0,0,0,0,0,0,0,0,0,0,0,5,2,2,4,2,1,1,2,1,1,0,0,0,0,0,0,0,0,0,0,1,1,0,4,0,2,3,0,1,0,0,0,0,0,0,0,0,0,0,0,4,2,1,6,2,1,3,1,1,0,0,1,0,0,0,0,0,0,0,1,5,2,5,0,3,4,1,2,0,1,0,1,0,0,0,0,0,0,0,1,1,2,0,5,2,2,1,3,2,0,1,0,0,0,0,0,0,0,0,0,4,2,3,1,2,3,2,1,1,0,0,0,0,0,0,0,0,0
1705607,Conceição do Tocantins,0,1,8,13,9,12,8,9,3,9,3,3,4,0,1,0,0,0,1,1,0,0,10,5,7,9,4,5,2,3,3,3,1,1,0,0,0,0,3,0,2,0,15,13,15,15,8,9,6,9,3,2,2,4,0,0,0,0,0,0,1,0,7,11,9,8,6,10,3,6,3,10,1,2,0,0,1,0,1,1,1,3,12,13,12,9,6,6,7,5,4,3,0,0,0,0,0,0,1,1,0,1,9,9,8,10,4,8,7,7,4,2,0,1,0,0,1,0,0,0,0,0,3,6,5,7,3,7,2,3,2,3,0,1,1,1,0,0,0,0,0,2,6,5,13,12,3,7,3,4,3,2,0,0,0,0,0,0,0,0,1,0,8,3,9,7,5,9,8,5,2,5,2,0,0,0,0,0,0,0,1,0,10,8,7,9,9,5,3,4,3,0,3,1,0,0,0,0,0,0
1703867,Cariri do Tocantins,0,2,4,6,12,5,5,5,3,2,2,0,0,0,0,0,0,0,1,1,0,0,3,8,7,9,4,1,1,3,2,1,0,0,0,0,0,0,0,0,0,0,8,3,7,10,8,6,1,2,2,1,0,0,0,0,0,0,0,0,1,1,2,9,9,12,6,5,8,2,0,1,0,0,0,0,0,0,0,0,0,1,3,3,10,6,7,8,3,7,2,2,0,1,0,0,0,0,0,1,0,0,5,3,4,4,4,4,5,3,2,0,0,0,0,0,0,0,0,0,0,0,5,7,7,4,9,7,2,4,1,2,0,0,0,0,0,0,0,0,1,0,5,6,11,4,10,8,8,1,0,2,0,1,0,0,0,0,0,0,0,0,6,6,11,7,3,6,4,8,5,0,0,0,0,0,0,0,0,0,0,1,5,10,10,13,9,5,6,1,3,1,0,0,0,0,0,0,0,0
1708205,Formoso do Araguaia,3,4,47,37,71,68,39,32,21,19,4,8,3,3,0,0,0,0,0,2,3,0,46,35,66,51,34,30,24,21,9,6,4,1,0,0,0,0,0,0,4,3,29,38,61,50,41,52,25,23,5,8,3,2,0,0,1,0,0,1,3,3,38,46,35,44,45,30,25,26,17,5,5,1,0,0,0,0,0,0,4,1,45,36,33,50,33,26,27,15,8,7,0,3,0,0,0,0,0,0,4,3,35,28,53,49,27,47,15,19,14,14,5,4,0,0,0,0,0,0,0,0,30,34,35,42,29,38,20,25,11,13,0,0,0,2,0,0,0,0,0,1,40,43,41,33,28,30,20,18,10,4,2,2,0,1,0,0,0,0,0,2,37,33,60,49,31,29,27,21,12,7,1,1,0,0,0,0,0,0,2,0,38,26,44,22,40,35,24,10,14,15,1,4,0,0,0,0,0,0
1716604,Peixe,2,0,23,24,19,30,15,15,12,6,0,3,0,1,0,0,0,1,5,2,0,1,20,23,21,20,25,21,4,8,3,7,0,0,0,0,0,0,0,1,0,0,23,16,22,30,20,19,13,6,2,2,2,0,1,0,0,0,0,3,0,0,8,19,21,13,16,16,9,10,4,5,2,1,1,0,0,0,0,0,0,0,15,23,19,17,12,14,8,6,3,7,1,1,0,0,0,0,0,0,0,1,18,18,27,12,16,13,8,14,4,4,0,0,0,0,0,0,0,0,0,0,17,13,12,25,8,17,6,11,4,9,0,0,0,0,0,0,2,0,1,1,16,14,15,22,14,14,11,8,0,9,2,3,0,1,0,0,0,0,0,1,14,11,13,23,19,9,14,7,8,3,1,2,0,0,0,0,1,1,2,0,16,19,23,15,16,21,9,6,6,3,0,0,0,0,0,0,1,0
1709500,Gurupi,9,6,112,95,132,129,123,95,55,58,26,23,4,2,0,0,0,0,247,230,13,8,132,131,197,202,157,153,99,83,37,36,15,7,1,0,0,0,23,14,7,7,120,116,206,186,206,146,122,109,35,35,10,11,0,0,0,1,2,6,3,5,137,110,206,200,160,156,118,98,52,47,6,9,2,1,0,0,9,3,6,6,115,125,172,149,171,138,130,108,57,55,9,13,1,1,0,0,5,6,4,8,130,112,216,184,164,154,105,130,50,52,11,6,1,0,0,0,7,3,11,3,115,129,178,173,178,185,131,134,54,52,4,14,0,0,0,0,7,15,8,7,107,105,167,170,171,153,113,109,54,51,14,10,0,0,0,0,26,17,9,6,107,110,168,186,148,159,115,121,66,69,13,10,1,1,0,0,14,7,8,3,101,95,195,156,153,176,141,121,79,79,16,17,1,0,0,1,30,11
1718006,Porto Alegre do Tocantins,1,2,7,6,5,6,5,3,3,6,1,1,1,1,0,0,0,0,0,1,1,0,4,4,11,4,6,7,1,4,2,2,1,1,1,0,0,0,0,0,2,0,6,4,6,4,5,8,2,2,5,1,1,0,0,0,0,0,0,0,1,0,7,4,10,10,5,6,2,2,1,0,0,1,0,0,0,0,0,0,0,1,10,7,6,3,5,4,0,5,2,2,0,0,0,0,0,0,0,0,0,0,2,6,6,4,4,9,2,9,1,5,0,0,0,1,0,0,0,0,0,0,7,5,7,3,7,6,2,5,1,0,0,0,0,0,0,0,0,0,0,0,5,4,7,9,9,6,4,3,2,4,1,0,0,0,0,0,0,0,0,1,7,1,7,4,5,1,4,4,1,1,1,2,0,0,0,0,0,0,0,0,10,7,8,10,5,9,3,6,0,3,0,0,0,0,0,0,0,0
1720499,São Valério da Natividade,1,1,19,12,12,14,12,6,4,4,1,3,1,1,0,0,0,0,0,1,0,2,9,6,10,7,17,8,9,8,2,2,1,1,0,0,0,0,0,0,2,3,7,6,12,8,5,8,7,6,4,2,0,0,0,0,0,0,0,0,1,1,14,11,5,5,8,5,7,2,3,2,1,1,0,0,0,0,0,0,1,0,11,10,10,14,7,5,2,6,0,2,0,1,0,0,0,0,0,0,1,1,4,12,9,8,7,3,4,5,1,4,1,1,0,0,0,0,0,0,0,0,13,11,8,11,7,6,2,3,2,1,1,0,0,0,0,0,0,0,0,0,8,8,6,10,3,3,1,2,2,2,0,0,0,0,0,0,0,0,0,0,1,6,6,8,11,5,5,4,6,3,2,1,0,0,0,0,0,0,0,0,7,10,12,11,5,11,6,4,3,2,0,0,0,0,0,0,0,0
1705102,Chapada da Natividade,0,0,8,1,8,8,4,10,8,0,2,1,0,0,0,0,0,0,0,0,2,0,9,11,12,12,4,4,2,3,2,3,0,0,0,0,0,0,0,0,1,0,7,5,8,9,4,5,2,2,3,2,1,1,0,0,0,0,0,0,0,1,17,7,5,6,1,8,4,1,0,2,0,1,0,1,0,0,0,1,0,0,2,7,6,6,7,6,2,7,2,2,1,1,0,0,0,0,0,0,0,0,7,4,11,5,4,6,5,2,1,1,0,0,0,0,0,0,0,0,0,0,5,5,13,3,2,5,1,0,1,2,1,0,0,0,0,0,0,0,0,0,4,3,7,11,5,6,0,5,0,1,0,0,0,0,0,0,0,0,0,0,8,3,3,10,2,1,1,3,1,2,0,0,0,0,0,0,1,0,0,0,2,4,6,7,5,10,3,2,1,1,0,1,0,0,0,0,0,0
1714203,Natividade,2,2,19,21,29,22,28,18,8,9,7,4,2,1,0,0,0,0,0,2,2,3,24,19,26,22,18,13,15,12,2,4,2,1,0,0,0,0,0,0,1,2,12,15,17,14,18,13,6,10,6,2,1,1,0,0,0,0,0,0,0,1,25,15,12,19,16,10,11,12,4,8,1,1,0,0,0,0,1,0,2,0,17,18,18,25,13,19,9,8,1,4,1,1,0,1,0,0,0,0,3,1,16,15,17,15,13,9,7,7,4,6,0,1,0,1,0,0,1,2,1,0,17,17,13,18,9,12,12,14,1,6,3,2,0,0,0,0,1,0,0,1,15,9,21,24,15,13,4,12,4,8,1,0,0,0,0,0,0,0,1,0,19,14,18,19,9,13,13,8,3,5,2,5,0,0,0,0,0,0,1,1,18,11,18,20,16,17,13,10,8,7,3,3,1,0,0,0,0,0
1718907,Santa Rosa do Tocantins,0,0,8,10,16,11,9,8,0,8,3,1,2,0,0,0,0,0,5,6,3,2,8,7,11,10,7,8,4,7,0,3,1,0,0,0,0,0,5,4,2,1,10,11,11,13,10,14,7,4,1,1,2,1,0,0,0,0,6,4,0,2,9,10,11,13,7,6,5,7,3,1,0,0,0,0,0,0,0,2,1,1,8,12,8,7,9,8,8,1,3,2,0,1,0,0,0,0,1,1,0,0,14,9,11,11,9,3,4,4,2,4,1,0,0,0,0,0,3,0,0,0,19,16,13,10,7,8,5,2,2,4,0,1,0,0,0,0,5,1,0,3,13,9,11,5,9,13,7,5,4,2,0,1,0,0,0,0,1,3,0,0,8,7,13,9,9,11,7,11,2,2,1,0,0,0,0,0,2,0,0,0,10,8,9,7,5,19,9,7,5,4,0,0,0,0,0,0,1,2
1700350,Aliança do Tocantins,0,1,8,4,13,13,8,11,5,6,1,1,0,0,0,0,1,0,1,1,1,3,8,12,8,4,8,10,5,6,2,2,0,3,0,0,0,0,0,0,0,1,10,9,8,16,11,8,8,1,6,1,0,0,0,0,0,0,2,0,0,0,10,10,12,12,9,9,7,5,2,1,0,2,0,0,0,0,1,0,0,0,12,9,12,14,10,9,7,7,3,8,0,0,0,1,0,0,0,0,0,0,14,15,10,7,8,10,4,6,3,5,0,0,0,0,0,0,0,0,0,2,14,10,15,7,10,9,6,5,8,2,1,0,0,0,0,0,0,1,0,1,6,7,6,10,10,8,8,6,5,2,1,2,0,1,0,0,0,0,0,0,8,7,16,15,12,12,8,7,4,4,0,1,0,0,1,0,0,0,1,0,10,6,16,16,8,12,5,3,7,6,0,3,0,0,0,0,1,0
1706258,Crixás do Tocantins,0,0,0,2,3,2,3,6,3,1,1,0,0,0,0,0,0,0,0,0,0,0,4,4,1,5,5,0,0,0,1,1,0,0,0,0,0,0,0,0,0,0,4,3,7,7,5,2,4,3,2,2,0,0,0,0,0,0,0,0,0,0,2,4,2,3,4,7,2,2,1,0,0,0,0,0,0,0,0,0,0,0,2,3,3,4,4,2,3,2,0,0,0,0,0,0,0,0,1,0,0,0,2,0,3,2,5,3,1,1,0,0,1,0,0,0,0,0,0,0,0,0,1,2,2,4,4,3,2,3,0,1,0,0,0,0,0,0,0,0,0,0,3,4,4,2,2,1,0,2,0,2,0,1,0,0,0,0,1,0,0,0,1,5,4,5,3,1,3,2,0,0,1,1,0,0,0,0,0,0,0,0,4,2,2,2,1,0,1,5,0,0,1,0,0,0,0,0,0,0
1707306,Dueré,2,0,8,10,16,4,9,13,3,1,1,2,0,0,0,0,0,0,4,1,0,1,12,8,8,3,4,4,4,2,0,1,0,0,0,0,0,0,2,0,0,1,13,12,10,4,9,8,5,1,3,1,0,0,0,0,0,0,0,1,3,1,7,13,11,8,8,10,6,5,3,1,0,0,0,0,0,0,0,0,2,1,10,11,6,7,9,3,3,2,2,1,0,0,0,0,0,0,0,0,2,0,10,7,8,8,5,9,4,3,4,2,0,0,0,0,0,0,0,0,0,1,4,11,10,9,9,8,5,5,2,0,0,1,0,0,0,0,0,1,1,0,11,7,12,6,6,5,2,4,1,1,2,0,0,0,0,0,0,1,0,0,12,3,14,2,3,5,6,2,3,0,1,0,0,0,0,0,1,0,0,0,3,3,10,7,8,3,3,8,1,1,0,0,0,0,0,0,0,0
1700400,Almas,2,3,16,21,27,14,9,19,6,5,2,1,4,3,0,0,0,0,2,5,2,1,25,25,23,23,16,14,5,4,5,5,1,2,0,0,0,0,2,0,0,2,16,29,25,21,14,16,9,5,3,3,2,0,2,0,0,0,0,0,3,6,21,21,21,21,13,13,12,6,6,4,3,0,0,0,0,0,1,2,1,1,11,27,20,24,13,10,6,12,3,5,0,0,1,0,0,0,1,3,2,3,16,16,24,20,14,7,11,8,5,1,1,1,0,0,0,0,0,0,1,1,14,16,10,11,5,11,9,7,6,3,3,0,0,0,0,0,0,0,1,1,16,17,16,19,8,8,11,5,3,1,0,2,0,0,0,0,0,0,1,3,12,21,18,14,20,23,12,4,7,1,0,0,0,0,0,0,0,0,0,2,22,16,15,17,13,10,5,7,6,4,0,1,0,0,1,0,0,0
1717008,Pindorama do Tocantins,0,1,14,10,7,16,11,7,2,6,5,1,1,0,0,0,0,0,0,0,2,1,8,14,15,14,10,10,7,6,4,0,1,2,0,0,0,0,0,1,1,0,9,7,5,18,20,12,4,3,0,3,0,0,0,0,0,0,0,1,1,0,10,6,21,10,11,13,4,3,0,2,0,0,0,0,0,0,0,0,0,0,6,8,11,9,7,11,4,3,2,1,0,0,0,0,0,0,0,0,0,0,8,9,10,8,9,15,6,3,4,1,0,1,0,0,0,0,0,0,0,0,3,9,18,12,9,8,6,5,0,4,1,2,0,0,0,0,0,0,0,0,14,1,6,4,4,5,6,4,4,1,0,0,0,0,0,0,0,0,0,0,5,5,7,8,10,12,5,11,1,2,1,0,0,0,0,0,0,0,2,1,7,7,7,8,10,4,8,4,4,3,2,0,0,0,0,0,0,0
1709807,Ipueiras,0,0,5,2,7,3,0,4,1,0,0,0,0,0,0,0,0,0,0,0,0,0,1,5,6,8,2,2,0,2,1,0,0,0,0,0,0,0,0,0,0,0,1,1,0,3,1,4,1,0,0,0,0,0,0,0,0,0,0,0,0,1,2,1,4,4,1,2,1,0,0,1,0,0,0,0,0,0,0,0,0,0,1,2,5,2,2,2,3,1,0,0,0,0,1,0,0,0,0,0,0,0,0,1,3,2,2,5,1,0,0,0,0,0,0,0,0,0,0,0,0,0,0,2,2,1,3,0,2,0,1,0,0,1,0,0,0,0,0,0,0,0,2,2,5,2,2,2,2,1,0,1,0,0,0,0,0,0,1,0,0,0,3,2,4,2,8,1,2,0,0,0,0,0,0,0,0,0,0,0,0,0,1,2,0,5,7,1,3,1,1,1,1,0,0,0,0,0,0,0
1720655,Silvanópolis,0,1,19,18,23,22,13,13,7,8,5,2,0,1,0,0,0,0,0,0,0,0,16,13,14,14,5,13,4,8,0,3,1,0,0,0,0,0,0,0,2,1,19,13,24,13,9,8,7,5,4,1,0,1,0,0,0,0,0,0,3,1,8,14,11,13,14,11,10,13,2,7,0,0,0,0,0,0,2,0,0,0,17,11,14,5,11,8,8,7,3,3,0,0,0,0,0,0,0,0,1,2,9,16,11,15,14,4,2,12,1,1,0,1,0,0,0,0,0,1,0,0,12,3,10,14,6,9,5,11,0,2,0,1,0,0,0,0,0,0,1,0,10,6,13,6,8,6,6,7,4,1,2,1,0,0,0,0,1,0,0,2,5,10,16,10,8,13,5,7,3,5,0,2,0,0,0,0,0,0,0,0,7,11,16,13,11,7,12,6,10,3,0,1,0,0,0,0,0,0
1703701,Brejinho de Nazaré,0,0,10,13,13,13,10,6,1,5,3,1,0,1,0,0,0,0,0,0,1,2,6,9,11,14,8,7,11,5,0,1,0,2,0,0,0,0,0,0,1,0,9,14,17,15,13,16,7,5,1,3,0,0,0,0,0,0,1,0,0,1,12,5,15,16,14,11,5,3,2,0,0,1,0,0,0,0,0,0,0,0,14,16,9,11,16,8,7,8,3,5,0,0,0,0,0,0,0,0,2,0,12,13,17,16,8,5,4,6,2,1,1,1,0,0,0,0,0,0,2,0,7,16,13,12,10,17,8,5,2,2,0,0,0,0,0,0,1,0,0,1,4,7,8,13,12,12,8,5,1,7,0,0,0,0,0,0,0,0,1,0,3,8,7,10,11,11,12,7,4,2,1,1,0,0,0,0,0,0,1,0,6,4,7,8,7,5,3,12,5,2,2,0,1,0,0,0,0,0
1718899,Santa Rita do Tocantins,0,0,2,5,7,3,0,3,2,1,0,0,0,0,0,0,0,0,1,0,0,0,4,4,2,3,1,2,2,2,0,0,0,0,0,0,0,0,1,0,1,0,4,1,2,2,3,2,0,1,1,1,0,0,0,0,0,0,0,0,0,0,4,3,3,6,4,1,1,0,0,0,0,0,1,0,0,0,0,0,0,0,4,5,5,4,1,0,2,1,0,0,0,0,0,0,0,0,0,0,0,0,2,4,4,2,4,1,1,2,1,0,0,0,0,0,0,0,0,0,0,0,0,1,3,2,0,3,2,2,1,1,0,0,0,0,0,0,0,0,0,0,1,3,3,1,3,0,1,1,1,0,0,0,0,0,0,0,0,0,0,0,3,4,2,3,2,0,2,0,0,3,1,0,0,0,0,0,0,0,0,0,2,1,2,4,1,1,1,2,0,0,0,0,0,0,0,0,1,0
1707553,Fátima,0,0,7,4,13,10,8,9,5,1,2,0,0,0,0,0,0,0,0,0,0,0,5,6,8,9,9,7,2,6,0,3,0,2,0,0,0,0,0,0,1,0,10,5,9,10,10,11,7,5,1,2,0,0,0,0,0,0,0,0,0,1,7,10,10,5,13,6,8,6,1,2,0,0,0,0,0,0,3,0,0,1,8,4,4,4,7,9,5,3,3,1,1,0,0,0,0,0,0,0,0,0,6,8,10,6,4,9,8,6,2,2,1,0,0,0,0,0,0,0,1,0,3,6,5,3,8,3,4,6,3,0,0,0,0,0,0,0,0,1,0,0,5,8,15,8,6,3,13,3,5,2,0,1,0,1,0,0,0,1,0,0,5,5,10,13,9,10,6,8,3,5,2,0,0,0,0,0,0,0,0,2,6,4,7,4,5,5,3,3,5,5,1,0,0,0,0,0,0,0
1715507,Oliveira de Fátima,0,0,5,1,3,6,3,4,2,0,2,0,0,0,0,0,0,0,0,0,0,0,0,0,3,4,5,1,1,0,0,1,0,0,0,0,0,0,0,0,2,0,1,0,1,1,6,4,1,2,1,1,0,0,0,0,0,0,0,0,0,0,2,2,2,2,4,2,1,0,2,0,0,0,0,0,0,0,0,0,0,0,5,2,3,0,5,0,1,2,0,0,1,0,0,0,0,0,0,0,0,0,2,2,2,3,2,1,0,4,1,0,0,0,0,0,0,0,0,0,0,0,1,5,1,1,2,3,0,3,1,1,0,0,0,0,0,0,0,0,0,1,3,1,1,3,1,2,2,0,1,1,2,0,0,0,0,0,0,0,0,0,3,4,3,4,4,0,2,5,1,2,0,0,0,0,0,0,0,0,0,0,3,2,1,3,4,3,1,3,2,0,0,0,0,0,0,0,0,0
1711902,Lagoa da Confusão,6,2,41,36,31,34,23,22,18,17,4,4,0,2,0,0,0,0,13,17,1,1,32,21,31,29,33,20,15,14,6,7,2,4,0,1,0,0,9,5,1,4,38,30,47,38,33,32,24,27,11,10,3,3,0,0,0,0,27,33,2,1,43,28,35,36,38,30,23,25,11,14,5,4,0,0,0,0,1,3,0,2,32,35,41,30,29,26,12,22,8,6,3,0,0,1,0,0,8,9,3,1,27,29,26,37,35,25,10,15,8,9,4,0,0,0,0,0,2,0,5,0,31,26,37,43,35,18,18,17,7,5,0,1,0,0,0,0,0,2,6,1,31,35,35,30,28,23,20,14,7,10,1,2,0,0,0,0,1,0,6,2,33,28,39,42,32,23,19,14,10,10,7,1,0,0,0,0,0,0,3,4,25,42,37,46,31,22,25,20,13,12,1,2,0,1,0,0,0,0
1706100,Cristalândia,3,1,10,6,20,17,17,10,2,7,3,1,1,1,0,0,0,0,0,0,0,0,10,15,20,11,16,8,10,5,3,3,2,2,0,0,0,0,1,0,0,0,7,4,14,12,15,10,6,8,6,2,0,0,0,1,0,0,0,0,1,1,11,14,12,13,11,6,9,5,2,3,1,0,0,0,0,0,0,1,1,0,9,7,14,16,8,12,7,4,2,1,1,1,0,0,0,0,0,0,1,0,7,10,12,11,13,18,8,7,4,3,2,1,0,0,0,0,0,0,1,0,6,7,11,6,5,6,4,6,3,3,0,1,0,0,0,0,0,0,0,0,9,10,11,6,7,6,10,3,1,4,0,1,0,0,0,0,0,0,0,2,13,8,13,11,10,10,7,14,3,4,1,1,0,0,0,0,0,2,0,1,8,5,6,9,11,11,7,8,4,4,0,1,0,0,0,0,1,1
1715002,Nova Rosalândia,0,1,4,7,11,7,6,9,1,6,4,0,1,1,0,0,0,0,0,0,0,1,12,1,5,4,2,6,4,8,1,0,0,1,0,0,0,0,0,0,1,0,6,7,11,12,8,7,2,5,3,1,0,0,0,0,0,0,0,0,0,0,4,8,11,4,5,9,0,5,0,3,0,0,0,0,0,0,0,0,0,1,4,10,11,11,9,5,5,3,0,1,0,0,0,0,0,0,1,0,0,1,15,4,10,9,11,8,4,2,1,0,0,0,0,0,0,0,0,0,0,1,12,5,8,6,2,6,5,6,2,3,0,1,0,0,0,0,0,1,0,0,8,8,5,9,10,5,3,1,1,0,0,1,0,0,0,0,0,0,0,0,5,5,6,7,11,7,8,5,7,1,0,1,0,0,0,0,0,0,0,0,3,6,3,8,5,5,5,3,1,3,0,1,0,0,0,0,0,0
1717909,Ponte Alta do Tocantins,0,3,22,15,20,25,11,17,11,10,1,4,0,4,0,0,0,0,9,9,1,0,12,19,19,22,19,18,8,6,4,5,1,1,0,0,0,0,2,6,0,2,12,8,14,22,12,14,9,9,2,2,0,2,0,0,0,0,2,1,0,2,16,11,23,20,13,14,10,11,7,4,1,0,0,1,0,0,0,0,3,1,10,12,10,11,12,12,2,5,5,1,0,0,0,0,0,0,1,2,0,0,15,9,29,13,15,14,13,10,3,4,0,0,0,0,0,0,1,0,0,0,6,7,16,11,15,8,15,14,2,3,1,0,0,0,0,0,0,0,1,0,27,12,18,12,14,13,9,7,2,3,0,2,0,0,0,0,0,0,0,0,15,14,13,18,11,11,9,11,5,4,1,2,0,0,0,0,0,0,2,0,15,10,15,8,12,11,11,10,5,2,0,1,0,0,0,0,0,0
1718451,Pugmil,1,0,7,8,10,12,9,8,3,4,1,0,0,0,0,0,0,0,1,1,1,0,13,12,5,4,3,3,2,2,0,2,0,0,0,0,0,0,0,1,1,0,4,9,5,9,2,4,1,3,1,1,0,0,0,0,0,0,0,0,0,1,4,7,8,6,2,2,1,1,0,0,0,1,0,1,0,0,0,0,0,0,5,5,3,6,7,4,2,3,0,0,0,0,0,0,0,0,1,0,1,0,7,6,6,4,3,3,3,1,1,1,1,2,0,0,0,0,0,0,0,0,7,6,2,4,5,1,3,2,4,1,0,0,0,0,0,0,0,0,2,0,6,2,8,5,5,5,1,5,1,1,1,0,0,0,0,0,0,0,1,0,4,3,5,2,5,3,0,6,1,1,0,0,0,0,0,0,0,1,0,1,2,2,3,2,4,4,2,3,1,1,0,0,0,0,0,0,0,0
1713601,Monte do Carmo,0,1,16,12,24,18,17,18,4,6,2,2,1,1,0,1,0,0,0,0,1,0,18,16,18,12,23,16,8,8,1,3,0,0,0,0,0,0,0,1,1,1,18,20,11,15,14,14,1,7,1,3,0,0,0,0,0,0,0,0,0,1,12,16,19,17,13,21,2,8,2,3,1,1,0,0,0,0,0,0,0,0,14,18,18,19,11,18,4,3,5,4,0,1,0,0,0,0,0,0,0,1,10,13,22,11,5,15,9,8,1,4,2,1,0,0,0,0,0,0,2,0,11,8,11,14,12,10,6,10,2,2,0,0,0,0,0,0,0,0,0,0,13,12,23,12,9,8,6,9,3,1,0,1,0,0,0,0,0,0,1,0,11,13,22,20,11,18,12,12,3,6,1,0,0,0,0,0,0,0,0,1,14,15,17,12,11,13,8,7,4,5,1,1,0,0,0,0,0,0
1719004,Santa Tereza do Tocantins,0,1,5,3,6,8,5,4,2,5,0,4,0,1,0,0,0,0,0,0,0,1,2,9,10,6,6,3,5,6,1,0,1,1,0,0,0,0,0,0,0,0,7,10,9,6,4,6,6,3,3,2,0,2,0,0,0,0,0,0,0,0,9,3,8,9,6,3,6,2,1,4,0,0,0,0,0,0,0,0,2,1,9,7,7,4,9,9,5,8,2,1,0,2,0,0,0,0,0,0,0,1,7,15,8,4,4,2,3,0,2,0,0,0,0,0,0,0,0,0,0,0,6,4,8,6,2,3,3,3,0,2,0,0,0,0,0,0,0,0,0,0,5,9,5,9,0,5,5,0,3,2,0,0,0,0,0,0,0,0,0,0,6,9,8,11,6,8,1,3,2,2,0,0,0,0,0,0,0,0,1,0,5,3,5,11,4,6,3,2,4,0,3,4,0,1,0,0,0,1
1711951,Lagoa do Tocantins,0,0,13,14,10,14,8,10,8,8,2,1,1,1,1,2,0,0,1,0,1,0,8,12,13,10,4,8,3,7,4,2,1,0,0,0,0,0,0,0,0,0,12,7,9,11,13,7,6,6,2,3,0,0,0,0,0,0,3,3,0,0,7,7,6,4,9,5,7,10,0,3,1,0,0,0,0,0,0,0,0,1,7,9,7,6,7,5,5,4,4,3,1,0,0,0,0,0,0,0,1,0,10,10,11,8,9,4,5,5,6,1,0,2,0,1,0,0,0,0,0,1,10,5,6,8,4,10,6,5,4,3,1,1,0,0,0,0,0,0,0,0,3,7,7,9,8,5,9,8,4,4,2,1,0,1,0,0,0,0,1,1,8,4,7,6,6,4,3,2,3,4,0,0,0,0,0,0,0,0,0,1,4,5,6,13,5,9,9,4,6,4,0,1,0,0,0,0,0,0
1716109,Paraíso do Tocantins,5,5,100,79,135,124,100,95,67,45,31,15,5,5,0,0,0,0,4,2,2,4,87,75,132,128,106,111,67,59,28,21,3,1,0,0,0,0,4,3,3,5,83,100,118,122,97,106,64,56,30,19,4,4,0,0,0,0,0,0,6,4,84,72,122,120,119,104,68,71,33,25,8,5,1,1,2,0,2,1,3,5,85,62,120,121,108,81,68,79,38,22,10,5,1,3,0,0,0,0,8,6,90,80,121,130,102,99,90,76,25,25,4,7,1,1,0,0,2,1,8,3,81,90,112,120,109,116,72,63,37,37,7,11,0,0,0,0,0,0,5,2,81,82,115,102,115,115,68,81,47,23,10,4,0,1,0,0,0,1,5,1,73,68,105,107,137,104,100,67,34,28,9,9,0,0,0,0,2,0,6,0,57,66,131,114,111,102,100,80,48,42,10,9,1,2,0,1,0,1
1718204,Porto Nacional,6,3,100,128,167,146,110,102,72,65,23,27,9,7,1,1,0,1,5,5,4,6,117,101,149,132,97,131,65,57,25,24,1,11,0,0,0,1,1,2,4,8,105,112,149,150,114,99,75,70,43,31,13,9,1,0,0,0,1,0,8,9,112,108,128,136,113,137,77,71,25,27,9,8,2,1,0,1,0,0,5,4,109,96,120,137,112,122,72,73,37,33,4,6,1,2,0,0,2,3,5,4,126,109,137,125,106,114,85,77,37,35,11,7,2,2,0,0,2,0,5,7,109,106,170,157,121,133,108,79,41,49,6,6,0,1,1,0,0,0,6,2,81,98,129,127,141,97,92,83,37,42,9,12,1,0,0,0,1,2,4,7,92,101,165,142,144,119,120,108,43,53,15,9,0,1,1,0,1,1,1,3,85,77,167,150,150,136,109,96,56,45,18,8,0,2,1,0,0,2
1704600,Chapada de Areia,0,0,3,1,3,0,0,1,1,1,0,1,0,0,0,0,0,0,0,0,0,0,2,6,2,1,0,3,0,3,0,0,0,0,0,0,0,0,0,0,0,0,5,2,5,4,2,1,2,0,0,0,0,0,0,0,0,0,0,0,1,0,4,3,1,4,0,3,2,0,0,1,0,0,0,0,0,0,0,0,0,0,1,4,2,1,3,1,0,3,0,0,0,0,0,0,0,0,0,0,0,0,2,2,2,3,3,2,1,1,1,1,0,0,0,0,0,0,0,0,0,0,6,0,1,1,2,3,1,2,2,0,0,0,0,0,0,0,0,0,0,0,2,1,0,4,2,1,0,1,0,0,0,0,0,0,0,0,0,0,0,0,1,1,2,4,0,1,2,2,1,0,0,0,0,0,0,0,0,0,0,0,5,3,4,3,1,1,0,2,0,1,1,0,0,0,0,0,0,0
1721000,Palmas,13,7,394,365,674,588,620,577,382,377,173,156,34,42,3,1,1,4,45,42,17,9,368,356,643,647,627,604,409,372,159,189,34,37,3,2,0,1,15,15,12,19,354,351,699,659,699,619,445,460,176,178,34,37,4,6,1,1,22,17,17,14,360,370,689,630,670,607,453,453,208,211,42,44,4,6,1,3,13,16,22,17,361,323,641,590,678,638,523,510,213,207,43,46,3,2,2,0,16,13,17,13,372,388,677,640,681,627,589,522,283,244,46,57,2,1,2,1,4,3,20,11,378,373,664,645,676,628,567,545,275,275,51,59,4,0,0,0,9,9,7,11,301,285,575,504,606,560,471,471,227,235,56,45,4,7,0,0,3,4,12,10,321,325,642,652,721,667,580,579,321,306,59,66,5,2,1,1,21,10,14,7,316,293,656,620,679,663,607,608,370,351,92,81,4,5,1,0,16,16
1715101,Novo Acordo,1,1,16,12,12,15,11,8,9,4,3,1,0,1,0,0,0,0,0,1,1,2,11,16,11,11,8,9,4,3,0,3,0,1,0,0,0,0,0,0,0,1,7,13,10,14,17,12,9,0,0,1,0,0,0,0,0,0,0,0,1,1,10,11,13,12,6,6,5,14,3,1,0,2,0,0,0,0,0,0,0,0,16,17,8,8,7,9,8,6,2,1,2,0,0,0,0,0,0,0,0,0,7,11,10,14,4,11,9,5,0,4,1,1,0,0,0,0,1,0,1,2,10,10,16,9,9,10,8,7,3,2,1,0,0,0,0,0,0,0,1,1,4,13,8,15,9,9,3,6,3,1,0,0,0,1,0,0,0,0,1,0,9,11,7,11,9,7,10,5,4,2,2,2,0,1,0,0,0,0,1,0,6,14,8,11,9,4,6,5,5,2,1,2,0,0,0,0,1,0
1720150,São Félix do Tocantins,1,0,4,5,9,4,2,5,1,1,0,2,0,0,0,0,0,0,1,1,0,0,5,0,5,4,2,2,2,3,1,0,0,0,0,0,0,0,0,0,0,0,3,11,7,1,2,4,4,2,1,1,0,0,0,1,0,0,0,0,1,0,2,2,6,5,5,3,1,3,0,0,0,1,1,0,0,0,0,0,0,0,2,2,5,3,3,2,1,2,3,1,1,3,0,0,0,0,0,0,0,0,1,8,3,3,3,1,2,3,0,1,0,0,0,0,0,0,0,0,0,0,1,4,4,0,3,1,2,0,0,0,0,1,0,0,0,0,1,1,0,0,4,1,4,2,2,3,0,2,2,1,0,1,0,0,0,0,0,0,0,0,1,1,4,2,1,3,1,0,2,0,1,0,0,0,0,0,0,0,0,0,4,4,4,3,1,5,4,6,1,1,1,1,0,0,0,0,0,0
1713700,Monte Santo do Tocantins,0,0,4,5,3,8,6,3,1,1,0,1,0,0,0,0,0,0,1,0,0,0,1,5,4,6,5,2,2,3,0,0,0,0,0,0,0,0,0,0,0,0,6,2,6,5,2,6,1,3,3,1,0,0,0,0,0,0,0,0,0,0,7,3,3,7,3,4,1,2,0,0,0,0,0,0,0,0,0,0,0,0,2,3,1,6,3,6,1,2,0,0,0,0,0,0,0,0,0,0,0,0,4,2,4,9,6,7,6,2,2,1,0,0,0,0,0,0,0,0,0,0,5,1,8,2,3,5,2,4,1,1,0,0,0,0,0,0,0,1,1,0,1,4,7,4,1,4,5,1,1,2,0,0,0,0,0,0,0,0,0,0,9,2,6,3,5,4,1,1,3,0,0,0,0,0,0,0,0,0,1,0,6,2,9,5,4,4,4,4,0,1,0,0,0,0,0,0,0,0
1701101,Aparecida do Rio Negro,0,1,19,8,21,12,5,7,3,2,2,2,0,0,0,0,0,0,1,3,1,0,13,13,11,11,10,14,7,5,0,4,1,2,0,0,0,0,0,0,1,0,7,6,13,18,7,7,1,3,4,2,0,0,0,1,0,0,0,0,1,2,8,9,9,9,10,5,4,6,2,2,0,1,0,1,0,0,0,0,2,0,10,11,13,13,5,14,5,5,5,2,0,0,0,0,0,0,0,0,0,0,11,16,7,14,8,5,7,8,5,0,0,0,0,0,0,0,0,0,2,0,17,11,14,8,8,7,3,10,4,2,2,0,1,0,0,0,0,0,0,0,11,13,9,6,6,10,4,5,2,2,0,3,0,0,0,0,0,0,1,0,7,10,12,22,15,4,7,4,2,2,1,1,0,0,0,0,0,1,0,1,7,7,13,15,20,6,4,9,5,4,1,0,0,0,1,0,0,0
1703107,Barrolândia,0,1,20,11,15,18,15,13,5,5,2,1,0,1,0,0,0,0,0,0,0,0,11,9,13,20,4,12,3,1,2,2,0,0,0,0,0,0,0,0,0,2,16,11,17,16,4,9,5,6,1,1,0,2,0,0,0,0,0,0,2,0,12,10,15,13,7,10,5,7,4,3,0,0,0,0,0,0,0,0,0,1,18,10,14,12,14,13,1,3,3,2,0,0,0,0,0,0,0,0,2,1,12,11,21,8,8,9,12,12,3,0,1,0,0,0,0,0,0,0,1,2,9,7,15,8,7,15,6,3,3,3,0,0,0,0,0,0,0,0,0,2,9,7,21,11,13,11,7,4,2,1,1,0,0,0,0,0,0,0,1,0,7,8,7,13,7,6,10,5,1,3,1,0,0,0,0,0,0,1,0,2,12,7,12,12,8,14,5,4,3,0,0,0,0,0,0,0,0,0
1712009,Lajeado,1,1,5,10,10,9,7,6,5,3,0,0,0,0,0,0,0,0,2,0,1,1,6,4,9,7,8,5,3,3,1,2,0,0,0,0,0,0,0,0,0,0,9,14,13,5,7,2,3,1,1,1,0,0,0,0,0,0,0,0,1,0,9,5,7,12,7,5,2,8,0,3,0,0,0,1,0,0,1,0,2,1,8,11,6,9,4,5,3,4,1,1,1,0,0,0,0,0,0,0,1,0,7,8,10,9,10,7,2,2,2,0,0,0,0,0,0,0,0,0,1,0,3,2,8,4,7,8,5,5,1,1,0,1,0,0,0,0,0,0,0,0,6,5,12,4,6,5,5,6,0,3,2,0,0,0,0,1,0,0,0,1,9,6,10,7,3,9,5,3,2,1,1,0,0,0,0,0,0,0,0,0,7,4,6,8,5,9,3,6,5,2,0,0,0,0,0,0,0,0
1712504,Marianópolis do Tocantins,3,0,16,10,17,20,9,9,2,6,2,1,0,0,1,0,0,0,2,3,1,1,5,7,13,14,13,5,6,2,3,2,0,0,0,0,0,0,0,1,0,0,8,3,6,11,8,10,3,3,3,4,2,0,0,0,0,0,1,0,0,1,7,5,9,8,6,9,5,7,5,1,0,0,0,0,0,0,1,0,1,0,9,3,9,6,7,9,5,5,1,3,0,0,0,0,0,0,0,0,1,1,4,9,11,8,1,10,4,3,4,0,1,1,0,0,0,0,0,0,1,0,11,8,6,13,9,11,4,6,1,2,3,1,0,0,0,0,1,2,1,1,10,13,7,8,6,5,5,2,1,1,1,1,0,0,0,0,0,3,0,0,19,8,4,6,11,11,10,3,1,2,0,1,0,0,0,0,1,0,0,0,10,11,15,9,5,6,6,4,2,1,2,1,0,0,0,0,0,0
1713205,Miracema do Tocantins,4,4,46,49,46,73,39,31,19,24,7,7,4,3,0,0,0,0,1,0,1,3,70,53,63,51,42,46,25,17,8,8,1,1,1,0,1,0,1,1,1,3,53,57,56,56,43,30,28,17,5,12,1,2,0,0,0,0,0,0,3,2,41,40,45,53,33,39,22,24,12,6,1,1,0,0,0,0,0,0,7,3,44,43,42,50,36,52,28,19,16,8,3,1,0,1,0,0,2,4,1,2,38,38,40,35,36,36,18,25,10,13,2,3,0,0,0,0,0,2,3,2,35,39,55,51,37,33,30,23,15,9,1,2,0,0,0,0,1,1,1,5,39,34,45,43,27,33,20,16,14,8,2,0,0,0,0,0,0,2,2,2,28,25,32,41,35,35,26,17,10,9,4,0,1,0,0,0,1,3,3,0,45,39,37,42,37,36,20,20,14,15,4,1,0,1,0,0,0,0
1707108,Divinópolis do Tocantins,2,2,14,16,24,12,12,16,3,4,3,4,1,1,0,0,0,0,0,0,2,1,14,12,17,18,14,11,3,7,1,2,0,0,0,0,0,0,2,1,1,0,18,10,15,20,17,13,13,11,2,2,2,2,0,0,0,0,1,0,0,0,14,14,12,21,15,12,7,8,4,4,0,1,0,0,0,0,1,0,0,1,14,10,12,22,11,6,8,12,4,3,0,0,0,0,0,0,0,0,1,1,13,12,16,9,10,6,8,13,4,0,1,2,0,0,0,0,0,0,1,1,13,13,18,13,10,10,9,8,2,2,0,1,0,0,0,0,0,0,1,0,9,13,12,24,16,15,8,7,3,2,2,0,0,0,0,0,0,0,1,1,15,12,15,14,12,8,7,6,7,4,1,0,0,0,0,0,0,0,0,1,19,11,14,20,13,10,6,9,3,3,2,1,0,0,0,0,1,0
1721109,Tocantínia,1,1,33,22,26,28,23,23,13,12,6,4,0,3,0,0,0,0,7,10,3,1,21,26,27,20,20,14,17,9,6,1,1,0,1,0,0,0,0,4,2,2,39,34,32,30,17,18,10,8,12,3,2,1,0,0,0,0,2,5,4,3,22,11,17,23,19,21,6,10,2,4,1,1,0,0,2,0,5,7,4,1,37,18,29,34,22,31,15,8,2,7,1,2,1,1,0,0,0,0,3,4,24,20,36,42,26,20,12,11,5,2,1,1,0,0,0,0,5,2,1,3,28,40,32,27,27,22,10,15,7,2,3,1,0,0,0,0,0,1,3,2,26,16,25,31,11,21,9,12,5,5,0,0,0,0,0,0,1,0,2,1,14,29,39,30,16,14,17,15,4,3,1,1,0,0,0,0,0,0,1,1,22,34,28,31,31,26,17,13,7,8,0,1,0,0,0,0,0,0
1718758,Rio Sono,1,0,10,11,13,16,7,13,1,1,4,2,0,0,0,1,0,0,1,1,3,0,8,11,9,12,7,8,6,3,1,1,2,0,0,0,0,0,1,0,0,1,6,15,7,15,7,11,2,1,0,0,1,1,0,0,0,0,0,1,0,1,11,10,9,10,9,7,6,2,4,1,0,0,0,0,0,0,0,0,0,1,11,9,6,4,12,9,2,4,2,1,0,1,0,0,0,0,0,0,0,0,9,11,10,10,2,8,4,1,1,0,0,1,0,0,0,0,0,0,1,0,9,7,5,8,7,7,3,2,2,1,0,1,0,0,0,0,0,0,0,0,3,1,7,3,4,3,3,2,0,2,1,1,0,0,0,0,9,9,0,0,8,6,10,7,11,6,6,6,3,0,0,0,0,0,0,0,0,0,0,2,15,12,8,5,7,4,5,7,2,2,0,0,0,0,0,0,1,0
1717503,Pium,0,0,11,10,16,22,7,15,1,5,1,2,1,0,0,0,0,0,1,2,2,1,13,13,11,12,10,8,4,8,2,0,0,0,0,0,0,0,0,0,2,0,21,14,14,13,13,14,1,5,3,3,0,0,0,0,0,0,0,1,3,1,11,16,13,19,8,8,6,6,1,2,1,1,0,0,0,0,0,1,2,1,15,13,10,6,11,17,4,5,1,1,1,0,0,0,0,0,0,1,0,2,19,11,16,14,7,13,8,8,3,0,0,1,0,0,0,0,0,0,0,0,7,4,10,15,11,5,8,5,1,1,0,0,0,0,0,0,0,0,1,0,7,9,3,16,10,8,8,6,1,8,1,1,0,0,0,0,0,0,0,0,6,9,10,19,10,14,4,8,3,6,0,0,0,0,0,0,0,0,0,0,14,6,13,7,14,8,4,5,2,3,3,1,0,0,0,0,0,0
1713304,Miranorte,2,0,28,23,48,31,19,22,9,5,5,8,0,1,0,0,0,0,0,0,1,2,30,31,35,25,20,19,8,10,7,6,0,1,0,0,0,0,0,0,0,0,21,23,33,19,23,22,9,15,2,5,0,2,0,1,0,0,1,0,1,0,19,28,40,31,29,21,10,6,5,1,1,0,0,0,0,0,0,0,0,2,31,17,28,24,20,27,12,18,4,5,2,0,0,0,0,0,0,0,1,1,23,20,20,34,13,24,15,11,4,6,2,0,0,0,0,0,0,0,2,0,22,21,30,20,19,15,14,13,4,6,2,1,0,0,0,0,0,1,2,0,22,15,32,18,21,20,16,13,9,5,2,1,0,0,0,0,0,0,1,0,17,16,24,28,26,22,12,16,5,4,0,0,0,0,0,0,0,0,2,1,16,13,23,29,21,26,15,24,6,4,1,0,0,1,0,0,0,0
1700251,Abreulândia,1,0,4,9,7,4,4,3,0,3,1,1,0,0,0,0,0,0,1,0,1,1,4,5,6,14,5,6,3,3,1,0,0,0,0,0,0,0,0,0,1,1,5,3,8,5,5,6,2,3,0,0,0,0,0,0,0,0,0,0,0,0,6,1,4,6,8,3,1,1,1,0,0,0,0,0,0,0,0,0,0,0,3,6,5,5,6,6,1,0,0,0,0,0,0,0,0,0,0,0,1,0,7,3,5,5,7,4,1,3,1,1,2,0,0,0,0,0,0,0,1,0,3,4,6,5,2,2,2,2,1,1,0,0,0,0,0,0,0,0,0,1,5,0,8,5,4,3,5,3,1,0,0,0,0,0,0,0,0,0,0,0,1,1,3,4,4,0,4,3,0,2,0,0,0,0,0,0,0,0,0,0,7,3,9,11,0,5,3,5,2,1,0,1,0,0,0,0,0,0
1703909,Caseara,0,0,12,16,11,14,8,6,4,2,1,2,2,1,0,0,0,0,0,1,1,3,11,8,10,16,7,10,4,4,4,0,0,0,0,0,0,0,0,1,0,0,12,9,16,16,5,12,0,6,3,1,0,0,0,0,0,0,0,0,0,0,10,12,14,19,8,8,6,3,3,1,0,1,0,1,0,0,0,0,0,0,8,7,16,6,13,13,7,5,1,0,1,0,0,0,0,0,0,0,1,0,7,5,15,7,8,9,3,3,2,2,0,1,0,0,0,0,1,1,1,0,7,8,12,11,8,10,9,2,2,6,0,0,0,0,1,0,0,1,0,0,15,5,12,13,8,10,7,4,4,0,0,2,2,0,0,0,1,0,0,0,11,11,7,7,11,12,4,5,3,1,1,1,0,0,0,0,0,0,1,1,8,13,16,8,14,10,5,9,3,1,0,0,0,0,0,0,0,0
1718709,Rio dos Bois,0,0,3,7,10,5,3,8,2,3,0,0,0,0,0,0,0,0,1,0,1,0,5,6,5,8,8,2,2,2,0,1,0,0,0,0,0,0,2,0,0,2,7,5,6,12,1,3,2,2,0,0,0,0,0,0,0,0,0,1,0,1,8,4,6,5,1,2,0,2,0,1,1,0,0,0,0,0,0,1,1,0,6,5,3,6,0,4,0,2,0,1,1,0,0,0,0,0,2,0,0,0,7,5,8,3,4,4,3,4,2,3,0,0,0,0,0,0,0,0,0,0,3,4,2,6,3,3,2,4,1,1,0,0,0,0,0,0,0,0,2,1,6,4,8,6,1,4,1,2,0,2,0,0,0,0,0,0,0,0,0,0,3,10,10,4,2,2,5,3,0,0,0,1,0,0,0,0,0,0,0,1,5,9,8,8,2,5,0,1,0,1,0,0,0,0,0,0,0,0
1716505,Pedro Afonso,2,5,39,28,30,25,22,27,9,9,3,4,0,1,0,0,0,0,6,3,4,1,20,33,29,34,14,26,9,14,0,3,0,1,0,0,0,0,1,1,3,1,37,32,40,45,29,33,17,13,3,4,0,0,0,1,0,0,1,0,0,0,29,36,38,44,21,37,22,8,7,4,0,0,0,0,0,0,1,0,1,0,38,36,42,30,38,19,23,18,10,7,0,0,0,0,0,0,0,0,1,0,35,26,33,46,22,31,14,27,9,13,1,2,0,0,0,0,1,2,4,1,37,24,42,35,28,30,23,21,9,7,1,4,0,0,0,0,0,0,1,0,33,29,32,25,24,25,18,13,13,4,1,1,1,0,0,0,0,0,2,1,31,30,40,41,26,25,20,19,4,8,1,2,0,0,0,0,0,0,4,1,28,23,36,35,25,19,25,21,12,10,1,2,0,0,0,0,0,0
1708254,Tabocão,1,0,7,9,10,10,4,1,1,0,0,0,0,0,0,0,0,0,0,0,1,0,10,7,3,9,6,3,0,2,0,1,0,0,0,0,0,0,0,0,0,0,5,8,4,7,9,12,3,4,3,1,0,0,0,0,0,0,0,1,0,0,8,2,8,11,7,8,2,2,0,1,0,1,0,0,0,0,0,0,0,0,2,6,5,9,5,6,5,1,0,1,0,0,0,0,0,0,0,0,1,1,7,8,8,11,10,7,6,3,0,0,0,0,1,0,0,0,0,0,1,0,10,9,11,15,3,5,1,4,2,1,0,0,0,0,0,0,0,1,1,0,7,8,10,8,3,6,2,3,1,3,1,0,0,0,0,0,0,0,0,1,7,6,13,8,5,11,4,2,0,1,0,0,0,0,0,0,0,0,0,1,6,4,11,11,7,10,3,1,2,2,0,1,0,0,0,0,0,0
1712405,Lizarda,0,0,7,4,11,14,7,5,1,2,1,2,0,0,0,1,0,1,1,4,1,0,10,9,16,11,4,3,4,3,1,3,0,0,0,0,0,0,3,3,0,0,8,8,6,9,10,2,2,3,4,1,0,0,1,0,0,0,2,3,0,1,3,6,6,3,4,8,0,2,0,4,1,1,0,0,0,0,1,1,0,0,10,10,10,6,2,2,1,7,1,0,2,1,0,0,0,0,0,0,0,3,12,4,13,8,7,4,4,3,2,0,0,0,0,0,0,0,1,1,0,0,3,2,11,4,6,6,6,3,2,3,0,0,0,0,0,0,0,0,0,0,6,4,9,2,8,4,2,2,2,0,0,0,0,0,0,0,0,0,1,0,18,6,7,3,8,3,3,2,0,2,1,1,0,0,0,0,0,0,0,3,6,6,5,13,6,5,4,2,0,2,1,0,0,0,0,0,0,0
1707207,Dois Irmãos do Tocantins,0,1,7,10,12,19,9,14,8,5,6,0,1,3,0,0,0,0,2,0,3,0,14,11,17,9,15,9,5,3,1,3,1,0,0,0,0,0,0,0,0,0,6,13,16,12,9,10,5,5,1,4,2,0,0,0,0,0,0,0,0,1,9,12,10,17,11,5,3,7,0,1,1,0,0,0,0,0,0,0,1,1,4,7,9,8,11,8,7,5,2,2,2,1,0,0,0,0,1,0,0,1,13,9,7,11,14,9,6,6,1,2,1,1,0,0,0,0,0,0,0,1,8,6,12,4,7,7,8,4,5,0,0,0,0,0,0,0,0,1,0,0,5,5,8,9,12,8,3,7,6,0,0,1,0,0,0,0,0,1,2,0,8,5,11,8,5,5,6,2,4,3,0,0,0,0,0,0,1,0,0,0,6,8,8,12,7,7,4,5,5,3,0,1,1,0,0,0,0,0
1703305,Bom Jesus do Tocantins,0,2,12,10,11,11,8,8,1,2,1,0,0,0,0,0,0,0,0,1,1,0,14,13,6,14,12,3,2,2,0,1,1,0,0,0,0,0,2,0,2,2,16,9,10,7,4,5,4,2,0,2,0,0,0,1,0,0,0,1,0,1,13,11,11,13,9,9,2,6,0,1,1,0,0,0,0,0,0,0,1,2,19,11,10,17,6,5,2,1,1,0,0,0,0,0,0,0,1,0,2,0,7,7,15,9,14,3,3,1,1,0,0,1,0,0,0,0,0,0,1,0,17,10,8,10,6,4,4,1,1,0,0,0,0,0,0,0,0,0,1,1,10,6,9,4,4,8,9,7,4,3,0,0,0,0,0,0,0,0,0,0,8,8,6,12,11,9,8,5,2,5,0,0,0,0,0,0,0,0,2,0,15,12,18,9,5,4,5,3,1,1,0,1,0,0,0,0,0,0
1704105,Centenário,0,0,8,7,5,4,5,5,3,1,3,1,0,1,0,1,0,0,0,0,0,1,7,6,8,7,3,3,2,1,1,1,0,0,0,0,0,1,0,0,2,0,4,7,8,4,7,2,1,1,0,0,0,0,0,0,0,1,0,0,0,0,4,7,11,7,9,6,1,1,0,1,0,1,0,0,0,0,1,0,1,0,4,4,7,3,5,1,0,1,3,0,0,0,0,0,0,0,0,0,0,0,1,9,7,5,3,6,0,2,1,1,0,0,0,0,0,0,0,0,0,0,7,6,4,4,5,1,3,2,0,2,0,0,0,0,0,0,0,0,0,0,2,4,7,7,5,1,4,1,1,0,1,0,0,0,0,0,0,0,0,0,6,5,3,4,3,6,3,1,1,1,1,0,0,0,0,0,0,0,0,0,2,5,4,2,4,4,1,1,1,1,0,0,0,0,0,0,0,0
1721257,Tupirama,2,1,6,4,6,1,3,5,4,0,2,1,1,0,0,0,0,0,0,0,0,0,2,4,6,4,4,2,2,2,2,0,0,0,0,0,0,0,0,0,1,0,0,4,7,3,2,7,2,2,1,0,0,0,0,0,0,0,0,0,0,0,1,6,3,3,2,2,1,0,0,0,0,0,0,0,0,0,0,1,0,0,5,4,5,1,6,3,2,3,0,1,0,0,0,0,0,0,0,0,0,0,2,2,5,2,1,2,1,1,0,1,0,0,0,0,0,0,2,1,0,0,4,4,6,2,2,6,3,2,1,0,1,0,0,0,0,0,0,2,0,0,4,4,1,5,3,3,2,2,0,1,0,1,0,0,0,0,0,0,0,0,2,3,7,3,7,0,1,0,0,1,0,0,0,0,0,0,0,0,0,0,3,4,6,3,2,2,2,1,0,0,0,0,0,0,0,0,0,0
1708304,Goianorte,1,1,6,18,6,10,6,9,1,4,2,1,1,0,0,0,0,0,1,0,0,1,7,7,14,10,8,2,5,3,3,1,1,1,0,0,0,0,0,0,2,1,11,9,10,6,5,3,2,4,0,0,0,0,0,0,0,0,1,0,0,0,12,11,12,7,5,6,5,5,1,1,1,1,0,0,0,0,0,0,0,1,8,10,10,6,7,3,4,5,1,1,0,0,0,0,0,0,0,1,0,0,9,10,10,7,5,3,5,6,0,0,1,0,0,0,0,0,0,0,1,1,14,12,11,9,12,8,3,4,0,0,0,0,0,0,0,0,0,0,1,1,7,4,10,6,1,6,3,0,2,0,0,0,0,0,0,0,1,0,2,0,10,7,12,13,10,4,7,6,1,1,1,0,0,0,0,0,0,0,0,0,11,11,15,8,8,10,2,2,1,1,1,0,0,0,0,0,0,0
1718881,Santa Maria do Tocantins,1,2,7,10,15,12,7,3,3,0,0,0,1,0,0,0,0,0,4,4,1,1,7,6,2,3,5,0,1,1,1,0,0,0,0,0,0,0,2,0,0,3,8,5,5,3,5,3,2,0,1,0,0,1,0,0,0,0,2,0,1,0,7,10,9,6,5,6,2,8,1,0,0,1,0,0,0,0,0,0,0,0,9,7,6,6,7,3,1,2,1,1,0,0,0,0,0,0,0,0,0,1,1,3,5,7,2,6,1,1,0,0,0,0,0,0,0,0,0,1,0,3,3,3,4,5,5,5,1,3,1,1,0,0,0,0,0,0,0,0,0,0,5,7,3,6,6,4,2,2,0,2,0,0,0,0,0,0,0,0,1,2,6,3,6,2,5,5,0,5,1,1,0,0,0,0,0,0,0,0,0,0,6,8,7,5,3,3,6,4,2,0,0,0,0,0,0,0,0,0
1716703,Colméia,1,0,33,18,36,39,19,17,7,9,2,2,0,0,0,0,0,0,2,1,1,1,22,19,21,21,14,18,7,6,1,1,0,1,0,0,0,0,0,0,0,0,23,9,20,26,12,11,8,1,1,3,0,0,0,0,0,0,0,0,0,0,17,13,22,21,16,8,7,3,2,2,0,1,0,0,0,0,0,0,1,0,19,9,18,32,20,20,7,7,1,4,1,0,0,0,0,0,0,0,1,0,23,19,27,25,7,11,6,8,4,5,2,0,0,0,0,0,0,0,0,1,17,13,23,19,13,18,2,5,4,6,1,0,0,0,0,0,0,0,0,0,12,10,22,14,17,8,7,5,6,6,1,4,0,1,0,1,0,0,1,0,26,11,19,16,10,6,11,8,3,3,1,0,0,0,0,0,0,0,0,0,11,16,19,15,18,11,8,10,5,4,1,1,0,0,0,1,0,0
1701903,Araguacema,1,0,21,16,13,17,9,10,4,5,2,3,1,1,0,0,0,0,3,2,3,2,18,13,19,13,11,9,6,5,2,2,0,0,0,0,0,0,1,0,0,1,12,9,11,6,6,11,10,5,1,3,1,0,0,0,0,0,0,0,1,1,13,14,16,29,7,16,2,7,1,1,3,1,0,0,0,0,0,0,1,0,10,15,13,27,13,11,6,5,3,5,0,0,0,0,0,0,2,4,1,1,15,5,17,11,8,7,7,7,2,0,0,1,0,0,0,0,1,1,0,1,14,10,17,14,9,8,2,7,2,6,0,0,0,0,0,0,0,0,0,1,10,10,15,13,7,7,10,10,6,2,0,0,0,0,0,0,0,0,0,0,9,8,14,13,13,22,11,11,1,2,2,2,0,0,0,1,1,1,1,0,9,10,13,12,16,14,10,6,3,6,1,0,0,0,0,0,1,3
1718501,Recursolândia,2,3,17,11,12,24,6,6,2,4,1,1,1,1,0,1,0,0,20,13,0,0,12,9,15,21,6,5,5,4,0,0,0,0,0,0,0,0,4,1,3,1,19,7,15,7,9,12,3,5,2,2,1,0,0,0,0,0,3,1,1,0,21,15,18,12,9,7,3,8,2,2,0,0,0,0,0,0,0,1,1,2,11,12,15,11,6,12,3,3,3,3,0,0,0,0,0,0,0,1,1,0,15,16,9,9,3,4,4,3,2,2,1,0,0,1,0,0,0,0,0,2,14,14,11,12,7,2,2,5,1,1,0,2,0,0,0,0,1,0,2,1,10,10,9,10,6,4,0,4,1,3,0,0,0,0,0,0,0,0,3,2,9,8,9,7,4,7,5,1,1,4,1,1,0,0,0,0,0,0,1,0,5,9,7,11,6,6,4,4,1,1,0,1,0,0,0,0,1,0
1718402,Presidente Kennedy,0,0,8,6,11,8,8,7,3,1,0,0,1,1,0,0,0,0,1,0,0,1,9,4,7,5,4,2,3,2,1,3,0,2,0,0,0,0,0,0,1,1,6,6,9,6,3,11,0,3,0,0,0,0,0,0,0,0,0,0,0,0,11,7,2,7,7,2,3,1,1,1,0,0,0,0,0,0,0,0,1,0,3,7,6,9,3,6,2,8,1,0,1,0,0,0,0,0,0,0,1,1,6,8,12,4,2,3,1,4,1,1,0,0,0,0,0,0,0,0,2,1,7,4,7,12,6,3,1,2,0,1,0,0,0,1,0,0,0,1,0,1,5,7,8,8,5,2,3,1,0,2,0,1,0,0,0,0,1,0,0,0,9,4,2,6,5,5,2,0,0,0,0,0,0,0,0,0,0,0,0,3,8,8,10,3,5,9,2,5,2,0,0,1,0,0,0,0,0,0
1706001,Couto de Magalhães,2,1,16,11,10,17,11,9,6,2,0,1,1,2,0,0,0,0,13,12,3,0,13,10,15,11,11,7,4,3,1,0,0,1,0,0,0,1,4,8,0,0,10,12,17,13,10,11,4,6,1,2,0,0,0,0,0,0,0,1,2,0,10,15,13,18,13,14,1,7,0,1,0,0,0,0,0,0,3,6,2,2,19,12,16,15,8,3,4,4,1,1,3,0,0,1,0,0,2,1,1,3,13,15,24,14,11,13,9,6,0,1,0,1,0,0,0,0,0,1,0,0,9,10,14,11,16,12,9,6,4,2,3,1,0,0,0,0,2,1,1,2,15,9,15,10,12,7,3,7,2,3,1,2,1,1,0,1,1,0,0,1,11,9,15,10,8,13,6,6,2,1,3,0,2,1,1,1,3,2,0,0,10,10,26,18,9,8,13,6,0,1,9,3,3,3,3,2,0,1
1711100,Itaporã do Tocantins,0,2,3,4,5,8,4,3,1,4,0,2,1,0,0,0,0,0,0,0,0,0,7,6,7,8,2,2,3,3,0,0,0,0,0,0,0,0,0,1,0,0,4,6,5,6,8,5,3,3,0,0,1,0,0,0,0,0,1,0,0,0,3,3,4,4,6,4,3,1,0,0,0,0,0,0,0,0,0,0,0,0,7,4,7,3,6,7,4,3,1,0,0,1,0,0,0,0,0,1,0,0,3,2,1,5,6,5,3,3,2,1,0,0,0,0,0,0,0,0,1,0,4,1,5,10,6,1,0,2,1,0,0,1,0,0,0,0,0,0,0,0,6,5,5,8,4,6,1,0,1,1,1,0,0,0,0,0,0,0,2,0,6,5,6,1,4,4,4,2,1,1,0,0,0,0,0,0,0,0,0,0,5,3,8,5,2,0,4,2,1,0,0,0,0,0,0,0,0,0
1710508,Itacajá,3,5,21,18,17,21,15,11,14,7,1,1,1,0,0,0,0,0,80,94,0,1,9,21,14,12,15,14,5,6,7,3,0,1,0,0,0,0,25,26,4,3,30,22,30,19,14,21,8,17,4,4,2,0,1,0,0,0,6,9,4,2,21,27,14,17,8,16,12,14,5,4,0,0,0,1,0,0,18,14,7,2,17,31,19,12,21,18,11,5,4,6,0,1,0,0,0,0,6,4,3,4,16,28,25,22,13,17,10,14,6,4,0,0,1,0,0,0,1,2,3,8,16,14,24,20,13,10,12,12,6,10,0,2,0,0,0,0,1,2,3,0,17,25,13,10,9,12,11,6,2,6,0,0,0,1,0,0,3,1,2,4,22,26,20,16,8,5,10,11,8,4,1,1,0,0,0,0,0,0,8,1,24,16,27,17,17,11,8,7,3,7,2,1,0,0,0,0,2,0
1703602,Brasilândia do Tocantins,0,0,3,2,1,7,2,5,2,3,2,1,0,1,0,0,0,0,0,0,0,0,8,4,7,9,6,5,3,1,2,0,0,1,0,0,0,0,0,0,0,0,2,4,6,3,4,2,4,2,2,2,0,1,0,0,0,0,0,0,1,0,3,6,5,6,3,12,4,6,0,0,1,0,0,0,0,0,0,0,1,0,7,3,0,4,6,2,2,1,0,0,1,0,0,0,0,0,4,1,0,0,3,2,8,5,6,2,3,1,0,0,0,0,0,0,0,0,0,0,0,0,2,7,6,4,3,4,3,2,0,2,0,0,0,0,0,0,0,0,0,0,5,5,5,5,2,7,0,3,0,1,0,0,0,0,0,0,0,0,0,0,3,6,2,6,2,2,3,0,0,2,0,0,0,0,0,0,0,1,0,1,4,1,2,3,4,6,1,1,1,1,0,0,0,0,0,0,0,0
1721307,Tupiratins,1,0,5,3,1,3,4,1,3,1,0,1,1,0,0,0,0,0,0,0,0,0,2,4,5,5,2,2,4,1,1,0,0,0,0,0,0,0,0,0,1,1,6,10,3,3,2,1,1,2,0,0,0,0,0,0,0,0,0,0,0,0,5,6,4,3,7,4,2,2,0,1,0,1,0,0,0,0,0,0,0,0,3,2,3,3,4,3,3,2,0,0,0,0,0,0,0,0,0,0,0,0,5,2,3,2,2,4,2,1,0,1,0,0,0,0,0,0,0,0,0,1,2,2,2,3,0,3,2,0,0,1,0,0,0,0,0,0,0,1,0,0,3,6,4,2,5,3,1,0,1,0,0,1,0,0,0,0,0,0,0,0,4,2,2,5,2,2,1,2,1,0,0,0,0,0,0,0,0,0,0,0,3,3,0,3,2,1,3,2,1,1,0,0,0,0,0,0,1,0
1716653,Pequizeiro,1,0,8,10,15,13,2,6,1,6,1,0,0,0,0,0,0,0,2,1,2,0,10,10,10,15,14,8,2,2,0,1,0,0,0,0,0,0,1,0,0,0,5,8,19,9,7,10,1,2,0,2,1,0,0,0,0,0,1,2,1,0,6,5,17,14,9,6,3,0,2,4,0,0,0,0,0,0,0,0,0,0,12,9,14,10,5,10,3,3,0,1,0,0,0,0,0,0,0,1,0,0,9,7,18,17,4,9,1,5,1,2,1,0,0,1,0,0,0,2,1,0,10,5,8,11,6,3,7,5,2,0,0,0,0,0,1,0,2,1,1,0,4,7,10,8,11,5,4,5,2,0,0,0,0,0,0,0,0,0,0,0,9,5,13,10,3,10,4,2,1,0,0,0,0,0,0,0,0,0,0,0,9,4,12,7,7,9,11,5,3,3,0,0,0,0,0,0,0,0
1711803,Juarina,0,0,7,8,9,18,4,2,2,1,2,0,1,0,0,0,0,0,0,0,0,0,5,5,3,9,6,4,2,1,1,0,0,0,0,0,0,0,0,0,0,1,5,6,6,4,5,10,2,3,0,0,0,0,0,0,0,0,0,0,0,0,2,6,5,5,4,4,5,2,2,0,0,0,0,0,0,0,0,1,0,0,6,7,7,4,7,9,2,4,0,1,0,0,0,0,0,0,0,0,0,0,3,5,5,6,7,4,5,3,0,0,0,1,0,0,0,0,1,0,0,1,6,4,7,6,0,1,3,2,0,0,0,1,0,0,0,0,1,0,1,0,7,3,6,11,5,4,3,4,1,0,0,0,0,0,0,0,0,0,0,0,1,5,4,9,2,4,3,2,0,0,0,0,0,0,0,0,0,0,0,0,4,8,7,5,6,1,5,1,0,3,0,0,0,0,0,0,0,0
1710904,Itapiratins,1,3,6,7,10,7,6,5,4,6,0,1,0,0,0,1,0,0,4,2,1,1,7,15,12,5,3,4,2,5,1,1,0,0,0,0,0,0,0,1,0,0,5,10,10,8,10,10,1,3,3,2,0,0,0,0,0,0,0,0,1,0,12,11,5,12,5,6,4,2,2,3,0,0,0,0,0,0,0,0,2,0,5,9,3,8,8,3,2,2,0,4,0,0,0,0,0,0,0,0,0,2,4,5,11,7,7,3,2,4,2,2,1,0,0,0,0,0,0,0,0,0,7,4,11,8,0,5,5,6,0,1,0,2,0,0,0,0,0,0,0,1,5,6,10,9,7,4,5,2,3,1,1,1,0,0,0,0,0,0,2,1,9,6,9,6,7,11,4,1,2,4,1,1,0,0,0,0,0,0,0,0,10,9,8,9,11,6,3,4,1,2,0,1,0,0,0,0,0,0
1703842,Campos Lindos,3,3,35,26,35,27,23,14,12,9,4,8,4,1,0,0,0,0,0,1,0,1,31,35,40,34,27,25,17,14,11,8,3,3,1,0,0,0,1,0,2,1,35,28,35,37,26,18,15,12,8,6,5,1,0,1,0,0,11,6,0,2,33,38,30,30,14,21,17,7,7,4,2,4,0,0,0,0,0,2,3,1,35,26,27,21,7,27,13,11,3,7,1,0,0,1,0,0,2,1,1,1,31,29,40,14,28,20,19,15,5,6,2,0,0,0,0,0,0,0,1,1,31,31,34,21,21,15,8,19,8,4,2,6,1,0,0,0,1,0,1,2,36,24,38,20,16,16,11,15,3,3,1,3,0,0,0,0,0,1,3,0,28,27,28,21,22,16,13,6,4,4,1,0,0,0,0,0,0,0,0,1,24,25,33,42,28,15,17,12,8,8,1,3,0,0,0,0,0,1
1705508,Colinas do Tocantins,4,3,83,76,114,113,72,67,38,35,15,11,6,4,1,0,0,0,4,0,6,6,102,72,87,73,72,64,40,32,10,19,2,2,0,0,0,0,2,1,5,9,83,63,116,101,77,63,43,35,12,9,5,3,0,0,0,0,0,0,4,2,66,74,89,72,68,57,35,34,14,13,4,1,0,0,0,0,0,1,1,2,70,76,79,68,69,51,32,34,16,18,5,5,0,0,0,0,0,2,4,1,62,80,100,73,59,71,42,37,22,17,1,3,1,0,0,0,0,0,4,1,59,61,108,93,67,74,39,29,20,15,1,4,0,0,1,1,0,1,4,5,67,63,81,81,68,55,49,42,25,20,8,3,0,0,0,0,1,1,8,4,61,64,75,82,74,73,62,39,20,23,6,4,1,0,0,0,0,1,1,1,57,49,100,88,71,62,49,46,17,24,5,8,0,0,0,1,2,0
1703206,Bernardo Sayão,1,0,12,13,11,6,10,5,8,6,3,4,0,1,0,0,0,0,0,0,0,0,8,10,13,19,10,14,2,6,1,1,0,0,0,0,0,0,1,0,0,1,11,9,11,12,5,7,3,9,1,1,0,1,0,1,0,0,0,0,0,0,8,12,15,13,6,7,4,5,5,1,1,0,0,0,0,0,0,2,0,1,12,6,13,10,3,3,6,2,1,2,1,0,0,0,0,0,1,0,1,0,11,7,10,10,3,9,5,2,0,3,3,0,0,1,0,0,0,1,0,0,12,14,4,5,6,5,3,4,2,2,0,3,0,0,0,0,0,0,1,1,11,10,11,15,4,12,3,3,3,1,0,2,0,0,0,0,0,0,1,0,6,8,18,10,6,6,4,1,0,2,1,0,0,0,0,0,0,0,0,0,8,8,7,7,7,10,3,3,1,3,0,0,0,0,0,0,0,0
1703057,Bandeirantes do Tocantins,1,1,5,10,11,11,4,5,3,5,1,0,0,0,0,0,0,0,0,0,0,0,1,5,6,7,8,8,2,2,0,0,0,1,0,0,0,0,2,0,0,0,5,3,5,8,9,5,5,1,0,1,1,0,0,0,0,0,0,0,0,0,3,5,13,11,5,6,4,3,0,2,0,0,0,0,0,0,0,0,0,0,8,4,12,9,5,11,4,4,1,1,1,1,0,0,0,0,1,0,1,0,5,1,7,8,5,8,3,2,0,0,0,0,0,0,0,0,0,0,1,0,6,5,8,6,5,3,5,2,1,3,0,0,0,0,0,0,0,0,0,0,7,1,4,4,1,5,4,5,1,2,1,0,0,0,0,0,0,0,0,0,6,7,7,3,3,11,4,5,1,1,1,0,0,0,0,0,0,0,0,0,5,5,6,4,7,7,7,3,4,3,0,0,0,0,0,0,0,0
1702307,Arapoema,2,0,29,17,25,12,25,16,5,4,0,1,1,1,0,0,0,0,0,2,2,0,17,14,13,22,10,11,10,5,4,3,2,1,0,0,1,0,2,0,0,0,13,7,9,16,15,13,7,5,0,3,0,0,0,0,0,0,0,0,0,0,13,14,11,10,10,7,4,9,2,1,0,0,0,0,0,0,0,0,2,1,16,18,18,10,9,7,6,7,0,5,1,0,0,0,0,0,0,0,1,0,17,16,13,16,8,6,8,5,1,2,0,0,0,0,0,0,0,0,0,2,7,19,13,21,8,13,7,5,3,2,1,1,0,0,0,0,0,0,0,2,15,13,13,13,12,13,7,5,2,5,0,0,0,0,0,0,0,0,1,0,20,15,20,12,15,11,3,4,3,1,1,0,0,0,0,0,1,0,0,0,17,12,14,12,9,14,8,3,2,4,2,0,0,0,0,0,1,1
1709005,Goiatins,11,7,48,47,49,54,22,23,13,13,5,6,4,2,0,1,0,0,48,46,5,2,46,46,39,48,30,21,13,17,6,7,0,4,0,0,0,0,72,74,8,7,43,35,62,50,32,30,18,21,11,6,2,3,1,1,0,0,23,37,6,5,40,43,49,35,38,33,19,18,6,6,4,1,1,0,0,0,58,37,6,7,44,53,33,41,29,25,17,15,10,7,2,6,0,1,0,0,20,29,12,7,44,49,35,46,31,28,23,18,5,9,1,1,1,0,0,0,14,13,5,6,42,31,33,27,21,27,9,16,12,5,1,4,0,0,0,1,11,9,10,5,46,37,36,34,24,28,19,22,9,10,2,1,0,0,1,1,2,0,2,6,41,34,41,32,32,16,18,13,6,14,3,1,0,1,0,0,2,1,6,6,43,45,41,38,32,23,19,25,6,8,3,2,1,0,0,1,4,3
1715705,Palmeirante,1,4,17,11,15,23,13,13,9,7,2,2,0,1,1,0,0,0,1,1,1,0,11,8,13,12,11,12,6,5,3,0,1,1,0,0,0,0,2,0,1,1,17,10,14,19,11,10,1,2,1,1,1,0,0,0,0,0,0,1,1,0,16,9,8,15,6,5,6,3,1,2,0,1,0,1,0,0,0,0,1,1,10,4,10,13,7,4,4,5,2,1,0,1,0,1,0,0,0,2,0,0,5,7,12,11,4,9,3,5,2,0,0,0,0,1,0,0,1,0,0,0,9,10,7,8,5,4,4,4,3,0,2,1,0,0,0,0,0,0,0,0,8,10,13,8,8,11,4,9,3,2,1,0,0,0,0,0,0,0,0,0,11,7,8,7,5,8,9,5,2,4,1,1,0,0,0,0,0,0,0,1,8,4,9,4,5,9,6,8,2,3,0,1,0,0,0,0,0,0
1714880,Nova Olinda,3,1,47,37,51,50,33,26,16,10,5,3,0,1,0,0,0,0,11,10,5,3,31,28,28,44,25,16,7,17,2,6,4,1,0,0,0,0,4,2,3,1,38,32,41,45,25,30,11,15,5,5,2,1,0,0,0,0,0,3,2,3,31,23,28,29,24,30,7,9,7,3,2,1,0,0,0,0,2,0,0,0,25,19,37,29,25,15,11,9,1,2,1,0,0,0,0,0,1,1,1,3,33,35,26,34,19,23,21,11,6,5,0,0,0,0,0,0,0,1,1,5,25,24,40,21,27,26,16,9,15,5,3,1,0,0,0,0,0,0,1,1,13,18,33,27,26,19,15,17,6,6,3,0,0,0,0,0,2,0,2,1,23,28,33,28,21,21,15,13,7,1,0,3,0,0,0,0,0,0,2,0,25,18,26,38,25,29,16,13,6,4,1,3,0,0,0,0,0,0
1703073,Barra do Ouro,3,2,14,13,11,15,8,4,4,7,6,1,0,0,0,0,0,0,1,0,1,3,12,8,10,8,14,8,3,5,2,2,1,1,0,0,0,0,1,2,3,0,9,7,11,10,7,5,7,4,2,1,0,0,0,0,0,0,0,0,0,1,8,10,14,10,5,9,5,4,1,1,0,0,0,0,0,0,0,2,2,2,11,14,11,10,4,9,5,5,1,1,0,2,1,0,0,0,0,0,3,2,10,7,6,8,9,2,3,2,3,1,1,2,0,0,0,0,0,0,2,1,14,13,11,13,9,12,6,8,2,2,0,1,0,0,0,0,0,0,2,1,14,16,10,14,13,8,6,8,0,3,0,1,0,0,0,0,0,0,2,1,11,14,14,14,9,13,4,5,1,5,0,1,0,0,0,0,0,0,0,1,13,7,12,13,10,9,11,4,3,3,0,0,1,0,0,0,0,0
1716307,Pau d'Arco,0,0,13,7,14,13,13,13,4,3,1,1,1,1,1,0,0,0,0,0,0,0,17,10,13,15,17,8,5,3,0,3,2,0,0,0,0,0,2,0,0,1,18,18,16,19,10,5,2,7,1,2,0,0,0,0,0,0,0,0,1,2,15,16,14,13,6,9,8,8,1,0,0,1,0,0,0,0,0,0,1,0,11,10,18,18,8,5,4,3,2,0,1,1,0,0,0,0,0,0,2,0,14,10,8,18,7,5,7,5,1,1,2,1,0,0,0,0,0,0,0,0,7,7,14,7,10,3,6,5,1,1,0,1,0,0,0,0,0,0,0,0,12,7,12,7,7,8,8,4,4,2,0,1,0,0,0,0,0,0,0,0,6,7,10,9,4,5,2,2,1,1,1,0,1,0,0,0,0,0,1,0,12,6,18,5,7,9,5,0,2,5,1,0,0,0,0,0,0,0
1707702,Filadélfia,1,0,21,18,20,31,22,13,7,13,4,3,2,0,0,0,0,0,2,3,0,1,23,26,24,18,16,14,9,11,3,1,5,2,0,0,0,0,3,6,0,2,20,12,14,16,14,14,2,7,0,2,1,2,0,1,0,0,4,3,0,2,19,15,19,17,23,17,9,4,2,3,2,1,0,0,0,0,2,4,0,0,19,12,29,16,18,9,6,9,2,3,3,2,0,0,0,0,1,2,2,0,8,15,22,17,12,16,9,5,3,6,3,0,0,0,0,0,0,0,0,1,8,17,16,14,10,7,11,8,6,2,2,1,0,0,0,0,1,2,1,0,11,16,22,15,11,17,8,5,3,3,2,1,0,0,0,0,0,0,1,0,12,17,24,14,7,9,8,4,4,4,2,1,0,2,0,0,1,0,0,1,20,12,17,15,16,8,8,7,2,1,0,1,1,1,0,0,0,0
1702109,Araguaína,20,23,365,342,545,495,401,356,212,226,71,76,22,27,2,3,0,0,49,55,18,19,350,309,499,502,397,364,242,224,81,62,18,15,3,1,0,0,26,43,11,22,333,345,474,496,387,373,221,207,81,97,20,20,3,2,0,1,21,25,18,13,322,307,457,456,464,395,266,249,109,84,18,26,3,0,2,0,25,20,17,18,312,300,466,434,386,415,272,255,104,77,24,17,1,0,1,0,25,32,21,16,346,290,457,421,371,370,245,253,104,81,26,21,2,1,0,0,134,125,21,17,282,277,415,391,388,373,262,262,104,110,15,28,0,1,0,0,93,68,12,18,256,262,389,417,387,351,257,264,112,114,23,21,0,2,0,0,26,28,10,8,253,250,435,399,414,385,314,310,146,128,22,28,1,1,0,1,24,27,17,16,258,253,464,442,421,428,327,327,154,148,36,40,0,3,0,0,9,10
1703883,Carmolândia,1,0,8,3,5,9,6,4,1,1,1,1,0,0,0,0,0,0,0,0,1,0,4,2,4,3,3,3,2,1,0,0,0,0,0,0,0,0,0,0,0,0,3,4,5,0,3,4,4,1,2,0,0,0,0,0,0,0,0,0,0,0,1,2,2,2,2,1,1,1,2,2,1,0,0,1,0,0,0,0,0,0,4,4,6,8,5,6,2,2,1,0,0,0,0,0,0,0,0,0,0,0,3,4,3,6,5,3,4,3,1,3,0,0,0,0,0,0,0,0,0,0,2,2,3,7,2,3,2,2,1,0,0,0,0,0,0,0,1,0,0,1,1,2,4,6,3,1,0,1,1,2,0,2,0,0,0,0,0,0,0,1,7,7,4,7,2,5,1,5,2,3,0,0,0,0,0,0,0,0,0,0,5,6,7,1,4,4,4,1,1,3,0,0,0,0,0,0,0,0
1703008,Babaçulândia,3,0,14,14,25,20,14,11,8,7,2,0,0,0,0,1,0,0,2,1,0,0,14,19,19,22,16,17,5,9,1,2,0,0,0,0,0,0,0,0,3,1,22,24,36,25,16,16,5,8,2,2,1,0,0,0,0,0,3,5,0,2,15,15,26,22,21,12,15,7,1,1,2,0,0,0,0,0,0,1,1,2,15,25,17,15,15,13,3,4,1,1,1,2,0,0,0,0,0,1,2,0,18,20,19,15,13,9,9,7,3,2,0,2,0,0,0,0,2,2,4,5,23,16,16,14,9,8,5,4,0,4,0,0,0,0,0,0,1,0,0,2,17,17,10,14,9,7,7,8,5,3,1,0,0,0,0,0,0,2,0,0,15,12,14,19,7,13,9,9,3,3,2,1,0,0,0,0,1,0,3,2,20,9,17,14,6,7,12,6,1,7,2,0,0,0,0,0,0,1
1718865,Santa Fé do Araguaia,1,3,28,32,30,27,13,16,6,8,2,3,1,1,0,0,0,0,5,4,0,0,15,30,22,33,17,14,4,7,1,5,2,0,0,0,0,0,1,0,1,3,14,21,28,26,22,13,8,9,2,6,0,2,0,0,0,0,2,1,1,1,26,12,18,19,10,10,4,7,2,1,0,0,0,0,0,0,3,1,2,1,22,24,21,26,14,14,8,7,6,1,0,0,0,0,0,0,0,1,2,0,20,21,21,19,12,9,10,6,1,7,1,0,0,0,0,0,0,0,2,1,21,18,13,18,20,19,7,4,3,2,0,0,0,0,0,0,1,0,1,0,16,19,24,15,17,11,10,3,4,2,0,0,0,0,0,0,1,0,1,0,18,18,11,15,8,11,7,8,3,2,0,1,1,0,0,0,0,0,0,0,13,12,25,19,24,9,13,6,3,2,1,1,0,0,0,0,0,0
1713957,Muricilândia,0,0,6,8,11,12,5,8,1,2,1,1,0,1,0,0,0,0,0,1,1,0,9,10,3,13,4,8,7,2,0,1,0,0,0,0,0,0,1,0,0,1,12,7,10,12,6,3,4,3,0,3,0,0,0,0,0,0,2,1,0,0,11,9,7,7,3,9,0,2,0,0,0,0,0,0,0,0,2,0,0,1,7,6,10,7,0,4,2,2,0,1,0,0,0,0,0,0,0,1,0,1,6,5,3,7,3,3,6,5,3,2,0,0,0,0,0,0,0,0,3,1,9,6,8,4,1,6,3,5,1,2,0,0,0,0,0,0,0,0,0,0,7,5,8,10,5,6,3,3,0,2,0,0,0,0,0,0,0,0,0,1,7,7,9,15,1,9,8,7,1,0,0,0,0,0,0,0,0,0,0,0,9,9,9,8,8,2,6,2,1,0,0,1,0,0,0,0,0,0
1701309,Aragominas,0,0,7,8,9,11,10,7,3,6,0,1,2,0,0,0,0,0,0,0,1,1,12,10,10,12,11,5,1,5,3,2,1,1,0,0,0,0,0,0,2,2,13,10,13,6,9,6,3,4,2,1,2,0,1,0,0,0,0,1,0,1,7,5,9,10,8,6,2,4,2,1,0,1,0,0,0,0,1,0,1,0,8,6,7,7,7,11,6,3,0,3,1,2,0,0,0,0,1,0,1,0,6,8,4,9,10,11,6,3,0,2,1,0,0,0,0,0,0,0,0,0,7,5,9,17,8,7,10,5,1,5,0,0,0,0,0,0,0,0,1,1,13,11,8,6,3,4,10,8,2,0,0,1,0,0,0,0,1,0,0,2,10,9,15,12,13,10,5,4,2,0,0,0,0,0,0,0,0,1,0,0,5,11,9,13,10,7,6,4,2,6,2,0,0,0,0,0,1,0
1722081,Wanderlândia,0,1,21,27,31,29,19,18,15,2,2,1,1,2,0,1,0,0,2,2,2,1,15,23,24,17,21,14,9,5,5,2,0,2,0,1,0,0,4,2,2,0,14,21,24,22,28,21,8,8,6,1,0,1,0,0,0,0,3,2,2,3,17,8,18,26,23,17,8,8,4,3,0,0,0,0,0,0,0,0,1,0,25,15,16,26,14,14,11,10,2,2,0,0,0,0,0,0,1,1,0,0,22,14,24,21,16,25,14,12,9,3,0,2,0,0,0,0,0,2,2,0,16,15,23,15,18,11,15,9,4,3,1,0,0,0,0,0,1,3,1,0,26,13,11,18,14,14,13,4,8,6,0,0,0,0,0,0,0,1,1,4,14,11,14,27,10,11,7,13,2,5,3,2,0,0,0,0,0,0,2,0,25,18,22,16,19,16,14,8,3,6,1,1,0,0,0,0,0,0
1706506,Darcinópolis,1,1,20,18,22,23,14,12,3,5,3,1,0,0,0,0,0,0,2,1,1,1,14,12,7,11,8,7,2,4,2,2,0,1,0,0,0,0,1,3,0,1,18,8,23,22,11,10,3,3,2,3,1,0,0,0,0,0,0,2,5,2,21,11,18,18,6,6,9,5,0,3,0,2,0,0,0,0,2,0,1,2,14,10,21,24,8,10,5,3,2,5,1,1,0,1,0,0,2,0,2,1,16,24,18,15,15,14,2,8,5,2,0,1,0,0,0,0,0,0,2,2,16,15,15,21,18,12,6,7,1,3,1,0,0,0,0,0,0,0,1,0,15,21,10,17,9,7,7,4,2,0,2,0,0,0,0,0,1,1,0,0,16,15,13,10,19,22,9,6,1,5,0,1,0,0,0,0,0,0,1,2,14,14,15,16,19,31,8,14,2,4,0,0,0,1,0,0,0,0
1702158,Araguanã,0,0,31,19,18,19,13,8,4,3,2,1,0,0,0,0,0,0,0,0,2,1,24,19,27,25,13,4,7,1,0,1,0,0,0,0,0,0,2,1,2,0,18,15,25,21,15,10,5,4,1,2,1,1,0,1,0,0,1,0,3,1,15,23,19,10,3,6,4,5,1,3,0,1,0,0,0,0,2,1,0,0,14,10,15,11,12,8,3,3,1,0,1,0,0,0,0,0,0,0,1,2,10,9,17,7,7,6,3,2,2,0,0,0,0,0,0,0,0,0,0,1,7,10,11,12,7,10,7,6,1,5,0,0,0,0,0,0,0,0,0,0,12,16,14,13,9,15,4,3,0,0,0,0,0,0,0,0,0,0,1,1,15,12,11,11,8,8,6,11,1,3,0,0,0,0,0,0,1,0,1,1,12,6,16,14,14,9,5,8,2,2,0,0,0,0,0,0,0,0
1713809,Palmeiras do Tocantins,4,2,16,13,25,14,13,15,3,6,0,1,0,0,0,0,0,0,0,2,4,1,13,25,27,12,11,9,4,7,0,1,0,0,0,0,0,0,0,3,1,0,15,8,23,13,10,15,5,3,3,0,0,0,0,0,0,0,2,2,0,4,15,16,16,23,9,10,2,6,0,2,1,0,0,0,0,0,0,0,1,1,15,13,14,13,4,10,3,4,0,3,0,0,0,0,0,0,0,0,1,0,12,7,10,9,13,7,3,4,0,4,1,0,0,0,0,0,2,1,0,2,12,12,12,14,9,14,3,11,1,1,1,0,0,0,0,0,0,0,2,0,13,6,18,7,10,11,9,5,1,3,1,0,0,0,0,0,0,0,0,2,9,13,9,10,15,6,7,2,0,4,0,0,0,0,0,0,0,0,0,1,14,7,12,15,21,13,5,6,2,2,1,0,0,0,0,0,0,0
1717206,Piraquê,1,1,6,10,4,8,2,2,0,1,0,2,0,1,0,0,0,0,1,4,0,0,6,7,9,9,3,7,4,0,0,0,0,0,0,0,0,0,1,0,0,0,7,2,10,8,3,3,1,2,1,0,0,0,0,0,0,0,2,2,0,0,8,4,9,8,4,6,0,1,0,0,0,0,0,0,0,0,2,1,0,0,6,2,7,8,3,4,3,1,0,0,0,0,0,0,0,0,0,0,0,0,4,7,5,10,3,4,1,2,0,1,0,0,0,0,0,0,0,1,0,0,6,5,5,8,5,1,2,2,1,2,0,0,0,0,0,0,0,0,0,0,3,6,2,4,6,4,3,5,0,1,0,0,0,0,0,0,0,0,0,0,4,3,6,6,6,9,4,3,2,0,1,0,0,0,0,0,0,0,0,0,5,2,3,2,6,4,1,5,2,1,0,0,0,0,0,0,0,0
1700301,Aguiarnópolis,0,2,34,28,36,36,28,23,7,8,1,0,2,3,0,0,0,0,0,0,1,2,30,28,25,27,19,13,5,8,2,2,0,1,0,0,0,0,1,0,3,0,16,12,19,22,19,15,7,11,2,0,0,1,0,0,0,0,0,0,1,0,16,11,21,15,12,15,11,8,3,2,1,1,0,0,0,0,0,1,2,0,15,10,17,14,10,13,11,3,1,2,1,0,0,0,0,0,1,1,0,0,17,12,15,17,10,7,8,7,0,3,0,1,0,0,0,0,1,1,0,0,15,10,13,17,9,6,9,10,2,4,0,0,0,0,0,0,0,0,0,0,16,10,23,14,13,13,7,7,1,1,1,0,0,0,0,1,0,0,1,2,12,8,21,16,6,9,10,9,2,2,1,0,0,0,0,0,0,0,1,0,12,14,13,14,8,13,6,9,4,5,0,0,0,0,0,0,0,0
1720002,Santa Terezinha do Tocantins,1,0,3,8,7,5,4,3,2,4,1,0,0,1,0,0,0,0,0,0,0,1,6,3,12,6,6,1,1,1,1,0,0,0,0,0,0,0,0,0,0,1,4,4,7,8,5,3,2,2,0,2,0,0,0,0,0,0,0,0,0,0,7,4,7,5,4,7,1,7,0,2,0,0,0,0,0,0,0,1,0,0,4,5,13,7,5,7,0,3,1,1,0,0,0,0,0,0,0,0,0,0,3,2,4,5,6,10,4,3,0,1,0,0,0,0,0,0,1,2,0,0,4,3,9,6,5,9,0,3,2,2,1,0,0,0,0,0,1,1,1,0,5,6,5,5,6,4,5,4,1,0,0,1,0,0,0,0,0,0,2,0,4,1,3,7,4,5,1,7,3,0,0,0,0,0,0,0,0,0,0,0,2,3,3,3,6,6,4,2,0,2,0,1,0,0,0,0,1,0
1718550,Riachinho,0,0,12,8,18,10,7,9,3,4,0,2,0,0,0,0,0,0,2,0,0,1,5,10,13,14,4,2,5,2,1,0,0,1,0,0,0,0,2,1,0,0,16,5,11,11,3,7,0,1,0,2,0,0,0,0,0,0,3,0,0,0,10,9,16,13,8,6,4,5,1,2,0,2,0,0,0,0,1,1,0,0,8,4,9,12,8,7,1,5,4,1,0,0,0,0,0,0,0,0,0,0,14,8,6,5,5,9,4,4,2,0,1,0,0,0,0,0,0,1,0,0,5,6,6,4,6,5,11,5,0,1,0,0,0,0,0,0,0,0,1,0,8,6,10,7,10,9,5,1,4,1,1,0,0,0,0,0,0,0,1,2,12,6,7,12,7,1,4,5,3,2,0,0,0,0,0,0,0,0,1,0,7,9,4,6,15,5,2,6,2,0,0,0,0,0,0,0,0,0
1722107,Xambioá,1,1,52,46,57,38,27,22,12,7,8,4,1,2,0,0,0,0,0,3,2,0,34,44,38,48,31,23,19,13,2,6,1,2,0,0,0,0,1,0,4,1,35,41,45,43,34,30,11,9,6,3,0,2,1,1,0,0,1,4,2,3,32,27,33,52,24,28,13,15,9,1,4,1,0,0,0,0,0,1,1,0,27,22,44,38,27,25,8,9,6,6,3,2,0,0,0,0,2,1,0,2,21,27,33,32,20,20,15,9,3,7,3,1,0,0,0,0,0,1,1,2,36,23,32,44,23,19,10,14,5,4,1,3,0,1,0,0,1,0,3,0,23,30,24,21,26,20,5,13,4,4,0,0,0,0,0,0,0,0,1,2,28,22,33,37,24,16,21,11,5,3,1,2,0,0,0,0,1,0,2,3,21,22,34,42,25,28,21,18,7,14,5,1,0,0,0,0,0,1
1701051,Angico,0,0,8,6,10,11,10,4,5,1,2,2,0,0,0,0,0,0,0,0,1,1,7,4,10,10,12,6,6,4,2,0,1,0,0,0,0,0,0,0,1,0,6,6,17,11,10,4,2,2,1,2,0,0,0,0,0,0,0,0,0,1,13,11,8,9,6,4,5,2,1,1,1,0,0,0,0,0,0,0,0,0,5,6,8,7,9,6,2,5,1,2,1,0,0,0,0,0,0,1,0,0,4,3,5,4,9,7,3,5,2,3,2,0,0,0,0,0,0,0,0,0,4,7,6,4,12,8,3,5,1,5,0,0,0,0,0,0,1,0,0,0,6,6,9,8,6,9,2,3,2,1,0,0,0,0,0,0,0,0,1,0,4,8,6,8,5,4,3,5,1,3,0,0,0,0,0,0,0,0,0,1,2,3,10,5,6,3,5,4,0,1,1,0,0,0,0,0,0,0
1714302,Nazaré,1,1,8,13,10,10,8,12,6,2,1,2,3,1,0,0,0,0,1,1,1,3,8,14,16,12,7,5,5,3,4,1,0,1,0,0,0,0,0,0,1,1,4,6,17,13,8,10,10,9,3,4,0,0,0,0,0,0,0,0,0,0,8,8,13,12,11,9,4,4,2,3,0,1,1,1,0,0,0,0,0,0,6,7,10,10,9,13,4,4,0,0,0,0,0,0,0,0,0,0,1,0,3,6,10,9,10,6,5,6,2,1,0,0,0,0,0,0,0,1,1,0,6,5,8,8,5,5,5,3,2,2,0,1,0,0,0,0,0,1,1,0,5,4,5,5,7,7,3,4,2,1,0,0,0,0,0,0,0,0,0,0,10,6,7,11,5,9,9,2,4,3,0,1,0,0,0,0,0,0,1,0,8,6,10,9,7,10,7,8,6,6,2,0,0,0,0,0,0,0
1712454,Luzinópolis,0,0,12,9,10,4,7,10,3,1,0,3,0,0,0,0,0,0,0,0,0,0,5,7,9,15,7,5,4,3,3,3,0,0,0,0,0,0,0,1,0,0,7,5,11,8,8,6,2,1,1,0,0,0,0,0,0,0,1,0,0,0,5,3,5,4,4,5,2,9,0,1,0,0,0,0,0,0,0,0,0,0,3,5,13,7,5,7,4,3,1,1,1,0,0,0,0,0,0,0,0,0,0,8,10,7,4,8,3,2,2,1,0,0,0,0,0,0,0,0,1,0,4,4,8,4,5,3,1,3,0,0,0,0,0,0,0,0,0,0,0,0,8,7,11,7,10,2,8,2,1,2,0,0,0,0,0,0,0,0,1,0,5,3,2,7,7,4,1,4,3,1,0,0,0,0,0,0,0,0,0,0,2,7,7,7,6,10,4,7,2,1,1,1,0,0,0,0,0,0
1721208,Tocantinópolis,7,3,61,63,79,82,53,39,20,33,8,5,2,3,0,0,1,0,2,4,9,6,64,60,78,76,53,35,20,16,5,10,5,5,0,0,0,0,1,3,8,7,54,65,77,71,54,45,31,28,7,11,4,2,0,1,0,0,2,1,5,4,61,56,74,67,52,31,28,21,14,14,2,3,0,0,0,0,0,1,14,5,55,44,59,73,39,42,34,35,8,12,3,2,0,0,0,0,2,2,12,7,82,65,71,68,52,46,26,27,10,13,0,4,0,0,0,0,3,2,6,8,72,58,60,55,49,49,21,32,18,16,4,5,0,1,0,0,2,3,6,5,43,44,65,56,45,36,21,27,20,12,2,3,0,0,0,0,2,0,6,5,59,50,66,70,48,54,40,40,16,16,4,6,0,2,0,0,13,3,2,4,46,38,59,61,44,38,26,26,22,16,1,1,1,1,0,0,1,2
1703826,Cachoeirinha,1,0,11,7,6,7,3,3,0,2,1,1,1,0,0,0,0,0,0,0,0,0,9,9,2,10,4,7,5,4,2,0,2,0,0,0,0,0,1,0,0,0,9,6,6,5,9,5,0,4,2,2,2,0,0,0,0,0,0,0,0,0,5,5,4,6,3,2,1,0,1,1,0,0,0,0,0,0,0,0,0,0,4,3,7,5,2,2,2,0,2,2,0,0,0,0,0,0,0,0,0,1,4,7,8,12,4,3,3,4,1,0,0,1,0,0,0,0,0,0,0,0,7,2,3,4,4,2,2,1,3,2,0,0,0,0,0,0,0,0,0,1,1,2,5,5,1,0,3,1,1,4,0,0,0,0,0,0,0,0,0,0,6,8,3,3,2,2,2,2,0,1,0,0,0,0,0,0,0,0,0,0,4,4,6,8,5,4,1,0,3,0,0,0,0,0,0,0,0,0
1701002,Ananás,2,1,30,16,39,48,30,32,9,12,4,4,0,0,0,0,0,0,7,10,0,0,32,23,31,43,28,23,5,2,3,4,0,0,0,0,0,0,1,1,0,0,23,24,43,35,20,23,8,7,2,3,1,0,0,0,0,0,0,1,1,1,24,26,30,29,24,22,11,13,6,6,1,0,0,0,0,0,0,5,2,2,22,24,21,25,27,22,15,13,11,5,0,0,0,0,0,0,1,0,2,1,30,34,25,30,18,22,12,6,2,5,0,2,0,0,0,0,1,0,2,1,29,24,26,24,21,13,11,11,5,4,2,1,2,1,0,1,1,1,1,1,24,21,20,15,19,19,19,6,1,3,0,0,1,0,1,0,0,0,1,0,21,26,28,21,22,21,15,12,3,6,2,0,0,0,0,0,0,0,2,0,18,19,34,31,18,22,15,8,6,5,1,2,0,0,1,1,0,0
1712801,Maurilândia do Tocantins,2,0,7,8,12,5,2,4,2,5,1,1,0,0,0,0,0,0,0,0,0,1,12,9,13,10,9,3,3,3,1,1,0,0,0,0,0,0,0,0,2,1,10,5,10,14,7,4,3,1,0,3,0,0,0,0,0,0,0,1,1,1,7,10,7,10,7,4,2,2,1,3,0,1,0,0,0,0,1,0,1,0,9,10,9,8,3,3,2,3,2,2,0,1,0,0,0,0,0,3,0,3,9,6,9,4,9,10,1,0,3,2,0,0,0,0,0,0,1,0,1,0,4,6,6,8,6,2,2,3,0,2,1,0,0,0,0,0,0,0,1,0,7,1,5,4,5,3,1,3,1,1,0,1,0,0,0,0,0,0,0,1,3,8,6,7,6,6,2,4,2,1,1,0,0,0,0,0,0,0,1,2,5,7,6,7,3,3,5,4,0,1,1,0,0,0,0,0,0,0
1720101,São Bento do Tocantins,0,1,12,8,23,15,9,9,7,5,1,0,0,0,1,0,0,0,1,1,0,0,13,13,19,19,9,11,5,5,0,2,0,0,0,0,0,0,1,0,0,2,17,10,11,20,10,7,5,9,1,2,0,0,0,0,0,0,0,2,2,1,10,13,9,17,11,12,6,12,1,2,0,1,0,0,0,0,0,1,2,0,18,22,9,13,14,10,6,7,5,1,0,1,0,0,0,0,0,0,1,0,12,7,19,15,7,10,10,7,3,2,0,0,0,0,0,0,0,0,0,0,15,22,17,19,16,4,14,2,1,1,0,1,0,0,0,0,1,0,0,1,10,16,16,10,11,8,4,9,2,0,0,0,0,0,0,0,0,0,0,0,14,6,11,11,9,12,7,2,3,4,2,1,0,0,0,0,0,0,0,2,10,10,10,18,15,10,5,11,3,3,0,0,0,0,0,0,0,0
1710706,Itaguatins,0,2,15,10,28,20,8,13,6,5,3,6,0,0,1,0,0,0,0,0,1,0,15,21,15,24,13,15,7,8,2,2,1,0,0,1,0,0,0,0,1,0,13,13,14,16,13,11,9,3,1,1,0,0,0,0,0,0,0,0,0,0,9,12,17,11,10,11,5,4,6,3,0,0,0,0,0,0,0,1,0,0,12,13,17,15,12,10,9,10,2,1,0,2,0,0,0,0,0,0,2,0,10,7,10,15,9,11,5,5,0,3,0,1,0,0,0,0,0,0,1,0,11,15,7,14,13,10,4,6,2,1,0,2,0,0,0,0,0,0,0,0,11,12,10,15,4,9,6,5,3,2,1,0,0,0,0,0,0,0,1,0,4,13,13,9,7,4,12,8,3,3,1,0,0,0,0,0,0,0,2,0,8,4,7,9,8,2,3,6,1,1,0,0,0,0,0,0,0,1
1702901,Axixá do Tocantins,0,2,45,32,48,43,34,34,21,10,6,4,3,3,0,0,0,0,7,11,2,1,31,32,35,46,25,31,15,12,6,7,5,2,0,0,0,0,7,5,0,1,28,40,39,32,27,24,16,15,8,3,0,2,0,0,0,0,3,1,3,3,23,31,43,35,28,29,15,12,5,1,5,2,0,0,0,1,4,0,1,1,21,28,20,13,18,18,7,8,1,2,1,0,0,0,1,0,22,32,0,0,15,19,37,25,26,21,16,15,5,8,1,2,0,0,0,0,0,0,1,0,24,28,30,28,20,26,11,21,4,8,1,2,0,1,0,0,3,1,4,1,14,17,28,32,20,28,11,17,6,5,1,2,0,0,0,0,1,0,0,2,21,15,20,19,21,26,11,12,6,5,1,0,0,0,0,0,0,0,0,2,24,15,36,24,31,20,15,15,11,10,1,1,0,0,0,0,2,0
1720804,Sítio Novo do Tocantins,1,0,16,15,21,17,11,19,10,5,0,2,0,1,0,1,0,0,5,4,0,0,15,13,25,17,15,21,4,4,2,1,0,0,0,0,0,0,3,4,0,1,14,16,27,18,17,16,6,7,3,4,0,1,1,0,0,0,1,0,0,0,12,14,17,17,16,22,11,10,2,2,4,0,0,0,0,0,2,1,0,0,17,13,22,26,14,18,6,6,2,2,1,0,0,0,0,0,1,0,2,0,15,18,24,20,14,19,11,21,2,2,0,0,0,1,0,0,0,0,1,0,17,15,18,22,12,14,7,11,4,2,0,0,0,0,0,0,0,0,1,0,20,19,13,18,12,11,8,10,3,3,1,2,0,0,0,0,0,0,4,0,10,14,13,11,19,17,9,9,3,5,0,0,0,0,0,0,2,0,2,0,17,18,12,19,15,14,5,18,6,9,1,1,0,0,0,0,0,0
1720200,São Miguel do Tocantins,1,1,23,19,23,25,24,18,5,5,1,4,0,1,0,0,0,0,0,0,2,3,17,14,25,19,18,19,10,10,3,4,0,1,0,0,0,0,0,0,2,3,16,18,28,23,18,26,13,11,8,1,1,2,0,0,0,0,0,0,0,1,21,15,15,17,16,17,12,6,3,6,0,0,0,0,0,0,0,0,1,3,37,24,29,26,21,18,9,9,2,2,0,0,0,1,0,0,1,0,1,2,30,14,29,23,15,23,12,12,9,9,2,0,0,0,0,0,0,0,2,1,30,25,32,25,20,26,24,27,5,5,2,0,1,0,0,1,0,0,2,2,31,25,24,31,30,30,16,15,5,2,1,3,0,0,0,0,0,0,1,1,32,30,32,26,29,26,22,12,6,4,1,2,0,0,0,0,0,0,2,0,28,24,20,38,24,19,16,12,6,7,0,4,0,0,0,0,0,0
1702554,Augustinópolis,3,7,48,48,59,54,35,48,19,24,5,5,2,2,0,0,0,0,5,5,3,1,46,38,53,65,42,32,25,18,7,8,3,0,0,0,0,0,2,2,3,1,40,45,62,44,46,32,21,22,10,6,4,1,0,0,0,1,1,1,4,2,39,36,58,54,55,45,20,24,9,1,2,3,0,0,0,0,2,2,0,1,47,32,55,49,30,46,19,24,9,6,3,1,0,0,0,0,2,0,0,2,40,31,47,40,30,43,33,23,7,14,0,2,0,0,0,0,0,0,3,2,49,36,44,44,37,27,20,24,12,7,1,1,0,0,0,0,1,0,2,0,31,41,40,48,47,45,24,25,7,7,0,0,0,0,0,0,0,0,0,2,44,31,48,35,29,39,23,27,15,13,2,2,1,0,0,0,0,0,2,3,37,49,64,50,43,34,38,22,11,13,1,2,1,0,0,0,0,0
1718303,Praia Norte,2,0,14,20,32,22,20,14,10,8,3,6,1,2,0,0,0,0,4,5,3,2,25,23,20,26,24,24,10,7,4,4,2,1,0,0,0,0,1,0,1,0,14,25,26,19,26,18,13,10,3,0,2,3,0,0,0,0,1,0,0,2,18,23,25,21,10,20,15,10,6,6,1,1,0,0,0,0,0,0,3,2,19,13,21,12,8,11,9,9,2,3,2,0,0,0,0,0,0,0,2,1,20,16,17,17,17,13,6,14,7,7,0,1,0,0,0,0,0,0,1,1,18,18,19,14,16,14,14,13,5,3,1,0,1,0,0,0,0,0,0,1,15,19,22,24,19,19,10,8,0,4,2,0,0,0,0,0,0,0,0,0,13,19,13,11,11,11,7,8,3,4,2,2,0,1,0,0,0,0,1,0,16,20,13,11,14,11,9,8,2,7,1,2,0,0,0,0,0,0
1702208,Araguatins,10,3,91,88,107,95,63,65,38,27,13,12,5,3,0,0,0,0,9,5,6,9,89,77,110,89,70,71,52,30,19,18,5,4,1,0,0,0,9,2,3,8,102,86,110,99,80,68,39,38,13,16,6,5,0,0,0,1,9,7,5,4,82,93,91,85,65,57,37,35,9,24,1,6,0,1,0,0,6,3,1,7,76,68,86,80,61,64,39,31,5,10,2,4,0,0,0,0,2,6,8,4,90,91,94,101,87,66,43,42,24,13,1,2,0,0,0,0,4,5,6,2,76,73,95,82,63,58,39,48,26,15,0,2,0,0,0,0,2,10,4,4,53,70,82,80,50,54,32,28,14,15,5,3,0,0,0,0,2,3,1,6,75,68,82,87,69,65,35,38,20,16,2,1,0,0,0,0,3,2,6,6,50,47,66,87,48,63,34,42,17,17,9,2,0,0,0,0,1,0
1703800,Buriti do Tocantins,2,1,39,28,34,23,22,23,12,15,3,4,1,1,0,0,0,0,1,1,2,3,20,29,38,27,18,22,7,8,5,1,4,0,0,0,0,0,1,0,3,1,27,30,39,14,25,18,10,13,1,2,1,0,0,1,0,0,3,1,0,1,22,20,26,24,24,21,12,7,1,9,2,0,0,0,0,0,0,0,1,1,21,19,26,21,20,22,6,14,4,3,1,1,0,0,0,0,0,1,3,0,13,16,21,20,19,15,11,11,3,4,2,0,0,0,0,0,0,0,0,0,21,10,20,27,31,7,17,13,7,6,1,0,0,0,0,0,1,0,0,0,17,12,21,19,15,17,10,17,2,4,1,1,0,0,0,0,0,0,0,1,20,14,17,23,15,21,20,11,3,5,1,1,0,0,0,0,0,0,0,1,14,18,18,17,16,13,12,16,5,5,0,0,0,0,0,0,0,0
1703891,Carrasco Bonito,3,2,15,15,13,15,10,5,7,3,1,1,1,2,0,0,0,0,0,0,2,1,13,14,16,13,7,14,2,3,4,1,0,1,0,0,0,0,1,1,0,1,11,21,11,14,8,7,6,4,4,0,1,1,0,0,0,0,1,2,0,0,11,14,11,12,11,10,5,0,1,0,1,0,0,0,0,0,0,0,0,0,10,11,13,17,9,3,2,5,2,0,1,0,0,0,0,0,0,0,1,0,8,11,14,13,9,8,3,2,1,0,0,1,0,0,0,0,0,1,1,0,6,7,7,7,3,8,2,5,3,2,0,0,0,0,0,0,0,0,2,1,9,9,7,7,9,6,7,4,0,1,1,0,0,0,0,0,0,0,2,0,12,10,11,10,8,12,2,6,1,2,1,1,0,0,0,0,0,0,0,0,12,7,13,11,8,6,6,4,0,2,0,0,0,0,0,0,0,0
1718808,Sampaio,1,1,14,12,22,13,7,8,8,3,2,1,2,0,0,1,0,0,0,0,0,1,25,15,19,15,11,14,8,2,3,5,0,0,0,0,1,0,0,1,2,0,11,13,14,14,5,18,16,3,4,1,1,0,0,0,0,0,0,0,0,1,17,9,17,19,12,10,2,7,2,5,1,0,0,0,0,0,0,0,0,0,13,9,9,6,14,6,5,5,3,2,1,0,0,0,0,0,0,0,0,2,15,14,7,14,6,15,5,6,3,3,1,1,0,0,0,0,0,0,1,0,13,11,13,23,10,5,6,5,4,4,0,0,0,0,0,0,0,0,1,0,14,15,12,10,12,8,5,10,1,2,0,1,0,0,0,0,0,0,0,1,12,12,9,8,9,8,6,6,7,2,1,0,0,0,0,0,0,0,1,0,18,12,15,18,11,8,6,3,6,1,2,0,0,0,0,0,0,0
1707405,Esperantina,0,2,29,27,23,32,15,20,18,9,5,2,0,3,1,0,0,0,1,1,1,0,28,22,29,33,23,21,15,7,6,3,2,0,0,0,0,0,0,2,2,1,17,21,27,25,27,25,5,14,5,4,0,1,0,0,0,0,0,2,2,0,24,24,20,31,20,17,10,10,8,2,2,0,0,0,0,1,0,1,2,0,16,23,24,23,24,9,9,7,6,5,2,2,0,0,0,0,1,1,1,2,27,18,24,21,18,19,10,5,6,5,2,1,0,0,0,0,0,0,1,2,17,17,25,29,18,15,8,15,4,6,2,2,1,0,0,0,0,0,0,2,18,15,27,20,23,17,9,9,2,1,1,1,0,0,0,0,1,0,3,1,26,26,23,14,21,24,7,3,4,7,0,1,0,1,0,0,0,0,0,0,19,10,32,15,14,20,14,12,4,6,0,3,0,0,0,0,0,0
1720309,São Sebastião do Tocantins,1,2,11,10,11,21,9,3,3,2,2,1,0,0,0,0,0,0,2,2,3,0,14,18,14,17,10,2,3,5,2,1,0,0,0,0,0,0,1,1,1,2,13,9,15,12,10,16,3,5,3,2,1,0,0,0,0,0,1,2,0,0,12,8,12,10,23,13,3,6,1,1,0,0,0,0,0,0,0,0,1,1,13,6,18,13,9,8,5,3,2,0,0,1,0,0,0,0,0,3,0,1,12,7,14,12,3,9,4,6,1,0,0,0,0,0,0,0,0,0,0,0,10,9,10,10,10,8,11,4,1,0,0,0,0,0,0,0,1,0,1,0,9,9,12,6,12,8,7,8,2,2,0,0,0,0,0,0,0,0,1,0,4,6,12,7,10,4,6,5,2,2,0,0,0,0,0,0,0,1,1,1,7,8,7,10,5,1,7,7,6,1,2,0,0,0,0,0,0,0
1712157,Lavandeira,0,0,4,1,4,1,2,4,1,3,0,1,0,1,0,0,0,0,0,0,0,0,2,3,1,0,4,0,0,1,1,0,0,0,0,0,0,0,0,0,1,0,1,2,7,5,7,1,1,4,0,2,0,0,0,0,0,0,0,0,2,0,5,5,2,1,3,1,3,1,0,1,0,0,0,0,0,0,0,0,0,0,5,6,4,1,1,6,1,1,0,0,0,0,0,0,0,0,0,0,1,0,3,0,2,7,0,1,1,1,0,1,0,0,0,0,0,0,0,0,1,1,3,1,2,3,1,1,3,1,1,0,0,0,0,0,0,0,0,0,0,0,1,1,1,3,3,2,2,2,0,1,0,0,0,0,0,0,0,0,0,0,1,3,2,6,1,2,1,1,0,0,0,0,0,0,0,0,0,0,1,0,3,0,3,1,1,2,2,0,0,1,0,0,0,0,0,0,0,0
1702703,Aurora do Tocantins,0,0,5,9,9,10,7,1,1,3,1,0,0,0,0,0,0,0,0,0,1,1,4,7,3,8,4,3,0,2,3,0,0,0,0,0,0,0,0,0,0,0,8,2,6,2,7,7,5,4,1,0,1,0,0,0,0,0,0,0,0,0,7,2,7,4,4,7,4,7,2,3,0,0,1,1,0,0,0,1,0,0,3,6,5,4,3,4,6,3,2,1,1,0,0,0,0,0,0,0,0,2,10,6,2,2,4,4,5,2,0,1,0,0,0,0,0,0,0,0,0,0,5,3,5,6,6,3,2,2,0,2,1,0,0,0,0,0,0,0,1,0,4,3,4,9,2,1,2,6,2,2,0,1,0,0,0,0,0,0,0,0,5,3,4,8,7,3,4,6,3,1,0,1,0,0,0,0,0,0,0,0,5,5,3,5,2,3,1,1,4,2,0,1,0,0,0,0,0,0
1717800,Ponte Alta do Bom Jesus,0,0,9,12,7,10,12,12,5,4,1,2,0,0,0,0,0,0,1,0,1,1,12,9,11,9,15,3,3,8,0,7,0,1,0,0,0,0,1,0,2,0,10,8,15,10,7,10,3,3,1,3,0,1,0,0,0,0,0,0,0,1,12,6,9,6,6,7,8,7,1,4,0,0,0,0,0,0,2,1,3,0,8,13,7,14,10,17,7,6,5,3,1,2,0,0,0,0,1,0,0,0,8,4,5,8,4,3,2,8,2,3,0,0,0,0,0,0,0,1,1,0,8,5,5,6,4,3,4,3,2,2,0,0,0,0,0,0,1,0,0,0,9,4,8,10,4,5,3,0,0,0,2,0,0,0,0,0,0,0,1,0,9,2,11,10,1,7,2,3,4,1,0,1,0,0,0,0,0,0,0,0,9,9,9,7,7,3,4,3,1,1,0,0,0,0,0,0,0,0
1715259,Novo Jardim,0,2,5,10,12,9,0,6,4,4,1,0,2,1,0,0,0,0,1,0,0,3,5,7,7,7,3,8,3,4,1,0,1,1,0,0,0,0,0,1,0,0,4,6,4,3,3,2,2,1,1,0,1,1,0,0,0,0,0,0,1,0,6,2,9,2,3,7,0,3,0,1,0,0,0,1,0,0,0,0,0,1,7,5,7,2,2,4,0,4,2,1,0,0,0,0,0,0,0,0,0,1,4,4,5,4,4,4,3,1,0,0,0,1,0,0,0,0,0,0,2,0,6,5,2,5,2,1,2,0,1,1,0,1,0,0,0,0,0,0,1,1,5,2,9,6,3,4,1,5,1,0,0,0,0,0,0,0,0,0,0,0,2,3,7,7,4,6,1,4,0,2,0,0,0,0,0,0,0,0,1,0,6,1,8,4,3,6,2,3,2,0,0,0,0,0,0,0,0,0
1707009,Dianópolis,1,4,40,43,52,56,34,27,23,25,6,6,3,1,0,1,0,0,8,5,4,4,51,25,66,43,43,33,17,14,12,3,4,2,0,0,0,0,0,5,1,2,42,51,56,44,40,29,31,21,11,11,3,2,1,0,0,0,0,3,1,1,50,47,33,48,26,34,19,15,9,6,1,2,0,0,0,0,0,1,3,4,60,38,44,45,41,31,29,30,8,8,4,4,0,0,0,0,2,0,5,1,50,48,63,45,50,29,31,23,12,13,2,0,1,0,0,0,0,2,1,4,46,50,51,44,39,45,38,33,17,6,3,5,0,0,0,0,2,0,2,3,38,29,47,36,32,34,20,25,12,7,2,4,0,0,0,0,3,2,3,0,26,32,27,55,33,36,22,39,13,8,3,7,1,0,0,0,1,5,3,1,49,46,57,44,38,28,29,25,22,11,4,6,0,0,0,0,0,0
1718659,Rio da Conceição,0,1,6,6,4,8,3,1,1,1,0,0,0,0,0,0,0,0,0,0,0,1,11,4,6,5,3,1,2,0,0,1,0,0,0,0,0,0,0,0,0,0,9,4,2,9,4,2,1,4,0,1,0,0,0,0,0,0,0,1,0,0,9,7,9,7,5,2,1,2,0,0,0,0,0,0,0,0,0,0,0,1,10,5,9,4,2,2,3,2,0,1,0,0,0,0,0,0,0,0,0,0,6,10,9,4,3,3,2,1,0,0,0,0,0,0,0,0,1,0,0,0,7,9,5,5,1,3,2,2,2,1,0,0,0,0,0,0,0,0,0,0,6,8,11,4,6,4,2,1,0,1,0,1,0,0,0,0,0,0,0,0,10,5,8,9,6,6,0,3,0,0,0,0,0,0,0,0,0,0,0,0,4,5,9,8,7,5,2,2,2,0,0,1,0,0,0,0,0,0
1712702,Mateiros,0,1,9,12,10,12,7,5,3,3,4,1,1,2,0,0,0,0,1,1,0,0,4,5,7,12,2,5,2,1,2,1,1,0,0,0,0,0,0,0,1,2,4,6,5,8,6,5,0,4,1,4,1,0,0,1,0,0,0,0,0,0,4,2,5,5,6,8,6,2,2,0,0,0,0,0,0,0,0,0,0,0,6,7,13,11,4,5,1,4,3,0,0,1,0,0,0,0,0,0,0,1,9,4,2,5,6,7,4,4,5,0,1,1,0,0,0,0,0,0,0,0,2,4,5,2,2,2,2,2,1,2,1,1,0,0,0,0,0,0,0,1,2,6,5,5,3,6,5,2,1,0,1,0,0,0,0,0,0,0,0,0,5,2,9,2,7,4,2,3,0,1,2,0,0,1,0,0,0,0,2,0,3,7,6,6,2,3,2,2,2,3,1,0,0,0,0,0,0,0
1709302,Guaraí,6,5,49,42,73,59,52,39,21,17,8,6,2,3,0,0,0,0,2,4,3,3,51,43,67,57,54,49,33,27,11,8,5,0,1,0,0,0,0,0,1,5,61,58,64,54,45,43,29,38,16,9,1,5,1,0,0,0,0,0,5,3,41,28,37,28,26,33,20,19,5,9,1,1,0,0,0,0,0,0,1,1,55,45,57,46,46,45,21,31,15,6,5,1,0,0,0,0,0,0,2,6,49,44,55,55,52,33,23,23,12,12,1,1,0,0,0,0,0,1,3,4,56,49,45,52,51,44,23,19,15,9,3,3,0,0,0,0,0,0,6,0,34,39,56,69,44,30,31,30,16,14,4,2,1,0,0,0,2,1,2,4,40,39,52,52,40,46,34,31,11,17,1,2,0,0,0,0,0,0,2,1,32,33,63,48,44,36,35,29,16,16,0,1,0,1,1,0,0,0
