cod_ibge,nome,basic_2009,ambu_2009,consu_2009,hosp_2009,poli_2009,posto_2009,apoio_2009,vigil_2009,basic_2010,ambu_2010,consu_2010,hosp_2010,poli_2010,posto_2010,apoio_2010,vigil_2010,basic_2011,ambu_2011,consu_2011,hosp_2011,poli_2011,posto_2011,apoio_2011,vigil_2011,basic_2012,ambu_2012,consu_2012,hosp_2012,poli_2012,posto_2012,apoio_2012,vigil_2012,basic_2013,ambu_2013,consu_2013,hosp_2013,poli_2013,posto_2013,apoio_2013,vigil_2013,basic_2014,ambu_2014,consu_2014,hosp_2014,poli_2014,posto_2014,apoio_2014,vigil_2014,basic_2015,ambu_2015,consu_2015,hosp_2015,poli_2015,posto_2015,apoio_2015,vigil_2015,basic_2016,ambu_2016,consu_2016,hosp_2016,poli_2016,apoio_2016,vigil_2016,basic_2017,ambu_2017,consu_2017,hosp_2017,poli_2017,posto_2017,apoio_2017,vigil_2017,basic_2018,ambu_2018,consu_2018,hosp_2018,poli_2018,posto_2018,apoio_2018,vigil_2018,basic_2019,ambu_2019,consu_2019,hosp_2019,poli_2019,posto_2019,apoio_2019,vigil_2019,posto_2016
1715150,Novo Alegre,1,0,0,0,0,0,0,1,1,0,0,0,0,0,0,1,1,0,0,0,0,0,0,1,1,0,0,0,0,0,0,1,1,0,0,0,0,0,0,1,1,0,0,0,0,0,0,1,1,0,0,0,0,0,0,1,1,0,0,0,0,0,1,1,0,0,0,0,0,0,1,1,0,0,0,0,0,0,1,1,0,0,0,0,0,0,1,0
1715754,Palmeirópolis,0,0,0,1,0,3,2,1,3,0,0,1,0,0,2,1,3,0,0,1,0,0,2,1,3,0,0,1,0,0,2,1,3,0,0,1,0,0,1,1,2,0,0,1,0,1,2,1,2,0,0,1,0,1,2,1,2,0,0,1,0,2,1,3,0,0,1,0,0,2,1,3,0,1,1,0,0,3,1,3,0,2,1,0,0,3,1,1
1705557,Combinado,1,0,0,1,0,0,0,1,1,0,0,1,0,0,0,1,1,0,0,1,0,0,0,1,1,0,0,1,0,0,0,1,1,0,0,1,0,0,0,1,1,0,0,0,0,0,0,1,1,0,0,0,0,0,0,1,1,0,0,0,0,0,1,1,0,0,0,0,0,0,1,1,0,0,0,0,0,0,1,1,0,0,0,0,0,1,1,0
1702000,Araguaçu,5,0,0,1,0,0,1,0,5,0,0,1,0,0,1,0,5,0,0,1,0,0,1,0,5,0,0,1,0,0,1,0,4,0,0,1,0,0,1,0,4,0,0,1,0,0,1,0,4,0,2,1,0,0,2,1,4,0,2,1,0,2,1,4,0,2,1,0,0,2,1,4,0,2,1,0,0,2,1,3,0,2,1,0,2,2,1,0
1711506,Jaú do Tocantins,2,0,0,0,0,1,0,0,2,0,0,0,0,1,0,0,2,0,0,0,0,1,0,0,2,0,0,0,0,1,0,0,2,0,0,0,0,1,0,0,2,0,0,0,0,1,0,0,2,0,0,0,0,1,0,1,2,0,0,0,0,0,1,2,0,0,0,0,1,0,1,2,0,0,0,0,1,0,1,2,0,0,0,0,1,0,1,1
1720978,Talismã,1,0,0,0,0,0,0,0,1,0,0,0,0,0,0,0,1,0,0,0,0,0,0,0,1,0,0,0,0,0,0,0,1,0,0,0,0,0,0,0,1,0,0,0,0,0,0,0,1,0,0,0,0,0,0,1,1,0,0,0,0,0,1,1,0,0,0,0,0,0,1,1,0,0,0,0,0,0,1,1,0,0,0,0,0,0,1,0
1702406,Arraias,2,0,0,1,0,0,1,1,2,0,0,1,0,0,1,1,2,0,0,1,0,0,1,1,2,0,0,1,0,0,1,1,2,0,0,1,0,0,1,1,2,0,0,1,0,1,1,1,2,0,0,1,0,1,1,1,2,0,0,1,0,1,1,2,0,0,1,0,1,1,1,4,0,0,1,0,1,1,1,4,0,0,1,0,1,1,1,1
1720259,São Salvador do Tocantins,2,0,0,0,0,0,0,0,2,0,0,0,0,0,0,0,2,0,0,0,0,0,0,0,2,0,0,0,0,0,0,0,2,0,0,0,0,0,0,0,1,0,0,0,0,1,0,0,1,0,0,0,0,1,0,1,1,0,0,0,0,0,1,1,0,0,0,0,1,0,1,1,0,0,0,0,1,0,1,1,0,0,0,0,1,0,1,1
1700707,Alvorada,1,1,0,1,0,0,1,1,1,1,0,1,0,0,1,1,1,1,0,1,0,0,1,1,2,1,0,1,0,0,1,1,2,2,1,1,0,0,1,1,2,2,1,1,0,0,1,1,2,2,2,1,0,0,1,1,2,2,3,1,0,1,1,2,2,3,1,0,0,1,1,4,2,3,1,0,0,1,1,4,3,3,1,0,0,2,1,0
1720903,Taguatinga,2,0,0,1,0,0,0,1,2,0,0,1,0,0,0,1,2,0,0,1,0,0,1,1,2,0,0,1,0,0,1,1,3,0,0,1,0,0,1,1,3,0,0,1,0,0,1,1,3,0,0,1,0,0,1,1,3,0,0,1,0,1,1,3,0,0,1,0,0,1,1,3,0,0,1,0,0,1,1,2,0,0,1,0,1,1,1,0
1718840,Sandolândia,1,0,0,0,0,0,0,1,1,0,0,0,0,0,0,1,1,0,0,0,0,0,0,1,1,0,0,0,0,0,0,1,1,0,0,0,0,0,0,1,1,0,0,0,0,0,0,1,1,0,0,0,0,0,0,1,1,0,0,0,0,0,1,1,0,0,0,0,0,0,1,1,0,0,0,0,0,0,1,1,0,0,0,0,0,0,1,0
1716208,Paranã,0,0,0,1,0,1,0,0,1,0,0,1,0,0,0,0,1,0,0,1,0,0,0,0,1,0,0,1,0,0,0,0,2,0,0,1,0,0,0,1,2,0,0,1,0,0,0,1,2,0,0,1,0,0,0,1,2,0,0,1,0,0,1,2,0,0,1,0,3,0,1,2,0,0,1,0,3,0,1,2,0,0,1,0,3,0,1,0
1707652,Figueirópolis,1,0,0,1,0,0,0,0,1,0,0,1,0,0,0,0,1,0,0,1,0,0,0,0,1,0,0,1,0,0,0,0,1,0,0,1,0,0,0,0,1,0,0,1,0,0,0,0,1,0,0,1,0,0,0,0,1,0,0,1,0,0,0,2,0,0,1,0,0,0,0,2,0,0,1,0,0,0,0,2,0,0,1,0,0,0,0,0
1720937,Taipas do Tocantins,1,0,0,0,0,0,0,0,1,0,0,0,0,0,0,0,1,0,0,0,0,0,0,0,1,0,0,0,0,0,0,0,1,0,0,0,0,0,0,0,1,0,0,0,0,0,0,0,1,0,0,0,0,0,0,0,1,0,0,0,0,0,0,1,0,0,0,0,0,0,0,1,0,0,0,0,0,0,0,1,0,0,0,0,0,0,0,0
1720853,Sucupira,1,0,0,0,0,0,0,0,1,0,0,0,0,0,0,0,1,0,0,0,0,0,0,0,1,0,0,0,0,0,0,0,1,0,0,0,0,0,0,0,1,0,0,0,0,0,0,0,1,0,0,0,0,0,0,0,1,0,0,0,0,0,0,1,0,0,0,0,0,0,0,1,0,0,0,0,0,0,0,1,0,0,0,0,0,0,1,0
1705607,Conceição do Tocantins,2,0,0,0,0,0,0,0,2,0,0,0,0,0,0,0,2,0,0,0,0,0,0,0,2,0,0,0,0,0,0,0,2,0,0,0,0,0,0,0,2,0,0,0,0,0,0,1,2,0,0,0,0,0,1,1,2,0,0,0,0,1,1,2,0,0,0,0,0,1,1,2,0,0,0,0,0,1,1,2,0,0,0,0,0,1,1,0
1703867,Cariri do Tocantins,2,0,0,0,0,0,0,0,1,0,0,0,0,0,0,0,1,0,0,0,0,0,0,0,2,0,0,0,0,0,0,0,3,0,0,0,0,0,0,1,3,0,0,0,0,0,0,1,3,0,0,0,0,0,0,1,3,0,0,0,0,0,1,3,0,0,0,0,0,0,1,3,0,0,0,0,0,1,1,3,0,1,0,0,0,1,1,0
1708205,Formoso do Araguaia,5,1,0,1,0,0,1,0,5,1,1,1,0,0,1,0,5,0,2,1,0,0,1,0,5,0,2,1,0,0,1,0,5,0,2,1,0,0,1,1,5,0,2,1,0,0,1,1,5,0,3,1,0,0,1,1,6,0,3,1,0,1,1,6,0,3,1,0,0,1,1,6,0,3,1,0,0,1,1,6,0,2,1,0,0,0,1,0
1716604,Peixe,3,0,0,1,0,1,1,1,4,0,0,1,0,0,1,1,4,0,0,1,0,0,1,1,4,0,0,1,0,0,1,1,4,0,0,1,0,0,1,1,4,0,0,1,0,0,1,1,4,0,0,1,0,0,1,0,4,0,0,1,0,1,0,4,0,0,1,0,0,1,1,4,0,0,1,0,0,1,1,4,0,0,1,0,0,1,1,0
1709500,Gurupi,0,25,24,4,1,12,25,1,10,27,31,4,1,1,25,1,11,28,35,4,1,1,28,1,12,31,34,4,1,1,28,1,12,38,39,4,1,1,28,1,12,41,40,4,1,1,27,1,12,45,43,4,1,1,24,2,12,51,43,4,1,22,2,14,53,49,4,1,1,23,2,14,57,55,4,1,1,23,2,16,58,62,4,1,1,21,2,1
1718006,Porto Alegre do Tocantins,1,0,0,0,0,0,0,0,1,0,0,0,0,0,0,0,1,0,0,0,0,0,0,0,1,0,0,0,0,0,0,0,1,0,0,0,0,0,0,1,1,0,0,0,0,0,0,1,1,0,0,0,0,0,0,1,1,0,0,0,0,0,1,1,0,0,0,0,0,0,1,1,0,0,0,0,0,0,1,1,0,0,0,0,0,0,1,0
1720499,São Valério da Natividade,1,0,0,1,0,0,0,0,1,0,0,0,0,0,0,0,1,0,0,0,0,0,0,0,1,0,0,0,0,0,0,0,1,0,0,0,0,0,0,0,1,0,0,0,0,0,0,0,1,0,0,0,0,0,0,0,1,0,0,0,0,0,0,1,0,0,0,0,0,0,1,1,0,0,0,0,0,0,1,2,0,0,0,0,0,0,1,0
1705102,Chapada da Natividade,1,0,0,0,0,0,0,0,1,0,0,0,0,0,0,0,1,0,0,0,0,0,0,0,1,0,0,0,0,0,0,0,1,0,0,0,0,0,0,1,1,0,0,0,0,0,0,1,1,0,0,0,0,0,0,1,1,0,0,0,0,0,1,1,0,0,0,0,0,0,1,1,0,0,0,0,0,0,1,1,0,0,0,0,0,0,1,0
1714203,Natividade,2,0,0,1,0,0,1,0,2,0,0,1,0,0,1,0,2,0,0,1,0,0,1,0,2,0,0,1,0,0,1,0,2,0,0,1,0,0,1,0,2,0,0,1,0,0,1,0,2,0,0,1,0,0,1,1,2,0,0,1,0,0,1,6,0,0,1,0,0,1,1,6,0,0,1,0,0,1,1,6,0,0,1,0,0,1,1,0
1718907,Santa Rosa do Tocantins,1,0,0,0,0,2,0,0,1,0,0,0,0,2,0,0,1,0,0,0,0,2,0,0,1,0,0,0,0,2,0,0,1,0,0,0,0,2,0,0,1,0,0,0,0,2,0,0,1,0,0,0,0,2,0,0,1,0,0,0,0,0,0,1,0,0,0,0,2,0,0,1,0,0,0,0,2,0,0,1,0,0,0,0,2,0,0,2
1700350,Aliança do Tocantins,3,0,0,0,0,0,1,1,3,0,0,0,0,0,1,1,2,0,0,0,0,0,1,1,2,0,0,0,0,0,1,1,2,0,0,0,0,0,1,1,2,0,0,0,0,0,1,1,2,0,0,0,0,0,1,1,2,0,0,0,0,1,1,2,0,0,0,0,0,1,1,2,0,0,0,0,0,1,1,2,0,0,0,0,0,1,1,0
1706258,Crixás do Tocantins,1,0,0,0,0,0,0,0,1,0,0,0,0,0,0,0,1,0,0,0,0,0,0,0,1,0,0,0,0,0,0,0,1,0,0,0,0,0,0,0,1,0,0,0,0,0,0,0,1,0,0,0,0,0,0,1,1,0,0,0,0,0,1,1,0,0,0,0,0,0,1,1,0,0,0,0,0,0,1,1,0,0,0,0,0,0,1,0
1707306,Dueré,1,0,0,1,0,0,0,0,1,0,0,1,0,0,0,0,1,0,0,1,0,0,0,0,1,0,0,1,0,0,0,0,1,0,0,1,0,0,0,0,1,0,0,1,0,0,0,0,1,0,0,1,0,0,0,0,1,0,0,1,0,0,0,1,0,0,1,0,0,1,0,2,0,0,1,0,0,1,1,2,0,0,1,0,0,1,1,0
1700400,Almas,2,0,0,0,0,0,0,1,1,0,0,0,0,0,0,1,1,0,0,0,0,0,0,1,1,0,0,0,0,0,0,1,1,0,0,0,0,0,0,1,1,0,0,0,0,0,0,1,1,0,0,0,0,0,0,1,1,0,0,0,0,0,1,1,0,0,0,0,0,1,1,1,0,0,0,0,0,1,1,1,0,0,0,0,0,1,1,0
1717008,Pindorama do Tocantins,1,0,0,1,0,0,0,0,1,0,0,1,0,0,0,0,1,0,0,1,0,0,0,0,1,0,0,1,0,0,0,0,1,0,0,0,0,0,0,0,1,0,0,1,0,0,0,0,1,0,0,1,0,0,0,1,1,0,0,1,0,0,1,1,0,0,1,0,0,0,1,1,0,0,1,0,0,0,1,1,0,0,1,0,0,0,1,0
1709807,Ipueiras,1,0,0,0,0,0,0,0,1,0,0,0,0,0,0,0,1,0,0,0,0,0,0,0,1,0,0,0,0,0,0,0,1,0,0,0,0,0,0,0,1,0,0,0,0,0,0,0,2,0,0,0,0,0,0,0,2,0,0,0,0,0,1,1,0,0,0,0,1,0,1,1,0,0,0,0,1,0,1,1,0,0,0,0,1,0,1,0
1720655,Silvanópolis,2,0,0,1,0,0,0,0,1,0,0,1,0,1,0,0,1,0,0,1,0,1,0,0,1,0,0,1,0,1,1,0,1,0,0,1,0,1,2,0,1,0,0,1,0,0,1,0,1,0,0,1,0,0,0,0,1,0,0,1,0,0,1,2,0,1,1,0,0,1,1,2,0,2,1,0,0,1,1,2,0,2,1,0,0,1,1,0
1703701,Brejinho de Nazaré,2,0,0,1,0,0,1,1,2,0,0,1,0,0,1,1,2,0,0,1,0,0,1,1,2,0,0,1,0,0,1,1,2,0,0,1,0,0,1,1,2,0,0,1,0,0,1,1,2,0,0,1,0,0,1,1,2,0,0,1,0,0,1,2,0,0,1,0,0,0,1,2,0,0,1,0,0,0,1,2,0,0,1,0,0,0,1,0
1718899,Santa Rita do Tocantins,1,0,0,0,0,0,0,0,1,0,0,0,0,0,0,0,1,0,0,0,0,0,0,0,1,0,0,0,0,0,0,0,1,0,0,0,0,0,0,0,1,0,0,0,0,0,0,1,1,0,0,0,0,0,0,1,1,0,0,0,0,0,1,1,0,0,0,0,0,0,1,1,0,0,0,0,0,0,1,1,0,0,0,0,0,0,1,0
1707553,Fátima,2,0,0,0,0,0,0,0,2,0,0,0,0,0,0,0,2,0,0,0,0,0,0,0,2,0,0,0,0,0,0,0,2,0,0,0,0,0,0,0,1,0,0,0,0,0,0,0,2,0,0,0,0,0,0,1,2,0,0,0,0,0,1,3,0,0,0,0,0,0,1,3,0,0,0,0,0,0,1,3,0,0,0,0,0,0,1,0
1715507,Oliveira de Fátima,1,0,0,0,0,0,0,0,1,0,0,0,0,0,0,0,1,0,0,0,0,0,0,0,1,0,0,0,0,0,0,0,1,0,0,0,0,0,0,0,1,0,0,0,0,0,0,0,1,0,0,0,0,0,0,0,1,0,0,0,0,0,0,1,0,0,0,0,0,0,1,1,0,0,0,0,0,0,1,1,0,0,0,0,0,0,1,0
1711902,Lagoa da Confusão,3,0,0,1,0,0,1,0,3,0,0,1,0,0,1,0,3,0,0,1,0,0,1,0,3,0,0,1,0,0,1,0,3,0,0,1,0,0,1,0,3,0,0,1,0,0,1,0,3,0,0,1,0,0,1,1,3,0,0,1,0,1,1,3,0,0,1,0,0,1,1,3,0,0,1,0,0,1,1,3,0,0,1,0,0,1,1,0
1706100,Cristalândia,1,0,0,1,0,0,1,0,1,0,0,1,0,0,1,0,1,0,0,1,0,0,1,0,1,0,0,1,0,0,1,0,1,0,0,1,0,0,1,1,1,0,0,1,0,0,1,1,1,0,0,1,0,0,1,1,2,0,0,1,0,1,1,2,0,0,1,0,0,1,1,2,0,0,1,0,0,1,1,2,0,0,1,0,0,1,1,0
1715002,Nova Rosalândia,2,0,0,0,0,1,0,0,2,0,0,0,0,1,0,0,1,0,0,0,0,1,0,0,1,0,0,0,0,1,0,0,2,0,0,0,0,1,0,0,2,0,0,0,0,1,0,0,2,0,0,0,0,0,0,0,2,0,0,0,0,0,0,2,0,0,0,0,0,0,1,2,0,0,0,0,0,1,1,2,0,0,0,0,0,0,1,0
1717909,Ponte Alta do Tocantins,1,0,0,1,0,0,0,0,1,0,0,1,0,0,0,0,1,0,0,1,0,0,0,0,1,0,0,1,0,0,0,0,1,0,0,1,0,0,0,0,1,0,0,1,0,0,0,0,1,0,0,1,0,0,0,0,1,0,0,1,0,0,0,1,0,0,1,0,0,0,0,1,0,0,1,0,0,0,0,1,0,0,1,0,0,0,0,0
1718451,Pugmil,1,0,0,0,0,0,0,0,1,0,0,0,0,0,0,0,1,0,0,0,0,0,0,0,1,0,0,0,0,0,0,0,1,0,0,0,0,0,0,0,1,0,0,0,0,0,0,0,1,0,0,0,0,0,0,0,1,0,0,0,0,0,1,1,0,0,0,0,0,0,1,1,0,0,0,0,0,0,1,1,0,0,0,0,0,0,1,0
1713601,Monte do Carmo,1,0,0,1,0,0,0,0,1,0,0,1,0,0,0,0,1,0,0,1,0,0,0,0,1,0,0,1,0,0,0,0,1,0,0,1,0,0,0,0,1,0,0,1,0,0,0,0,1,0,0,1,0,0,0,0,2,0,0,1,0,0,1,2,0,0,1,0,0,0,1,2,0,0,1,0,0,0,1,2,0,0,1,0,0,0,1,0
1719004,Santa Tereza do Tocantins,1,0,0,0,0,0,0,0,1,0,0,0,0,0,0,0,1,0,0,0,0,0,0,0,1,0,0,0,0,0,0,1,1,0,0,0,0,0,0,1,1,0,0,0,0,0,0,1,1,0,0,0,0,0,0,1,1,0,0,0,0,0,1,1,0,0,0,0,0,0,1,1,0,0,0,0,0,0,1,1,0,0,0,0,0,0,1,0
1711951,Lagoa do Tocantins,1,0,0,0,0,0,0,0,1,0,0,0,0,0,0,0,1,0,0,0,0,0,0,0,1,0,0,0,0,0,0,0,1,0,0,0,0,0,0,0,1,0,0,0,0,0,0,0,1,0,0,0,0,0,0,1,1,0,0,0,0,0,1,1,0,0,0,0,0,0,1,1,0,0,0,0,0,0,1,2,0,0,0,0,0,0,1,0
1716109,Paraíso do Tocantins,8,6,14,2,1,0,5,0,8,7,15,2,1,0,5,0,8,6,14,2,1,0,5,0,8,10,14,2,1,0,5,0,8,9,15,2,1,0,5,0,9,9,15,2,1,0,5,0,9,11,16,2,1,0,5,0,9,12,17,2,1,5,0,9,12,18,2,1,0,6,0,9,14,20,2,1,0,8,1,9,14,23,2,1,0,11,1,0
1718204,Porto Nacional,14,7,5,2,3,0,7,2,14,7,7,2,3,0,7,2,14,7,8,2,3,1,7,2,14,8,8,2,3,1,7,2,14,11,10,2,2,1,7,2,14,13,13,2,2,1,7,2,15,15,15,2,2,1,8,2,15,11,19,2,2,7,2,15,16,21,2,2,1,8,2,15,17,23,2,3,1,9,3,16,18,26,2,3,1,9,3,1
1704600,Chapada de Areia,0,0,0,0,0,1,0,0,1,0,0,0,0,0,0,1,1,0,0,0,0,0,0,1,1,0,0,0,0,0,0,1,1,0,0,0,0,0,0,1,1,0,0,0,0,0,0,1,1,0,0,0,0,0,0,1,1,0,0,0,0,0,1,1,0,0,0,0,0,0,2,1,0,0,0,0,0,0,2,1,0,0,0,0,0,0,2,0
1721000,Palmas,39,75,112,5,10,11,47,2,40,79,119,5,9,11,50,3,45,84,127,5,8,9,53,3,53,83,147,7,8,9,55,3,52,96,151,8,8,8,58,4,52,105,150,9,8,1,62,4,51,120,154,9,9,1,63,4,51,132,153,9,10,66,5,52,155,170,13,11,0,76,5,53,190,173,15,10,0,84,6,52,203,201,16,10,0,90,6,0
1715101,Novo Acordo,2,0,0,0,0,0,0,0,2,0,0,0,0,0,0,0,1,0,0,0,0,0,0,0,1,0,0,0,0,0,0,0,1,0,0,0,0,0,0,0,2,0,0,0,0,0,0,0,2,0,0,0,0,0,0,1,2,0,0,0,0,0,1,2,0,0,0,0,0,0,1,2,0,0,0,0,0,0,1,2,0,0,0,0,0,0,1,0
1720150,São Félix do Tocantins,0,0,0,0,0,1,0,0,0,0,0,0,0,1,0,0,0,0,0,0,0,1,0,0,0,0,0,0,0,1,0,0,0,0,0,0,0,1,0,0,0,0,0,0,0,1,0,0,0,0,0,0,0,1,0,0,0,0,0,0,0,0,0,1,0,0,0,0,0,0,1,1,0,0,0,0,0,0,1,1,0,0,0,0,0,0,1,1
1713700,Monte Santo do Tocantins,1,0,0,0,0,0,0,0,1,0,0,0,0,0,0,0,1,0,0,0,0,0,0,0,1,0,0,0,0,0,0,0,1,0,0,0,0,0,0,0,1,0,0,0,0,0,0,0,1,0,0,0,0,0,0,0,1,0,0,0,0,0,0,1,0,0,0,0,0,0,1,1,0,0,0,0,0,0,1,1,0,0,0,0,0,0,1,0
1701101,Aparecida do Rio Negro,2,0,0,0,0,0,0,0,1,0,0,0,0,0,0,0,1,0,0,0,0,0,0,0,1,0,0,0,0,0,1,0,2,0,0,0,0,0,1,0,2,0,0,0,0,0,1,0,2,0,0,0,0,0,1,1,2,0,0,0,0,1,1,2,0,0,0,0,0,1,1,2,0,0,0,0,0,1,1,2,0,0,0,0,0,1,1,0
1703107,Barrolândia,1,1,0,0,0,0,0,0,1,1,0,0,0,0,0,0,1,1,0,0,0,0,0,0,1,1,0,0,0,0,0,0,1,1,0,0,0,0,0,0,1,1,0,0,0,0,0,1,1,1,0,0,0,0,0,1,2,1,0,0,0,0,1,2,1,0,0,0,0,0,1,2,1,0,0,0,0,0,1,2,1,0,0,0,0,0,1,0
1712009,Lajeado,1,0,0,0,0,0,0,0,1,0,0,0,0,0,0,0,1,0,0,0,0,0,0,0,1,0,0,0,0,0,0,0,1,0,0,0,0,0,0,0,1,0,0,0,0,0,0,0,1,0,0,0,0,0,0,0,1,0,0,0,0,0,1,1,0,0,0,0,0,0,1,2,0,0,0,0,0,0,1,2,0,0,0,0,0,0,1,0
1712504,Marianópolis do Tocantins,2,0,0,0,0,0,0,1,2,0,0,0,0,0,1,1,2,0,0,0,0,0,1,1,2,0,0,0,0,0,1,1,2,0,0,0,0,0,1,1,2,0,0,0,0,0,1,1,2,0,0,0,0,0,1,1,2,0,0,0,0,1,1,2,0,0,0,0,0,1,1,2,0,0,0,0,0,1,1,1,0,0,0,0,1,1,1,0
1713205,Miracema do Tocantins,5,2,4,1,0,0,2,0,5,2,5,1,0,0,3,0,5,2,5,1,0,0,3,0,5,2,5,1,0,0,3,0,5,2,5,1,0,0,3,0,5,2,5,1,0,0,3,0,5,1,5,1,0,0,3,0,5,1,5,1,0,4,0,8,1,5,1,0,0,4,1,8,1,5,1,0,0,4,1,8,1,6,1,0,0,4,1,0
1707108,Divinópolis do Tocantins,1,0,0,1,0,0,1,1,1,0,0,1,0,0,1,0,1,0,0,1,0,0,1,0,3,0,0,1,0,0,1,0,3,0,0,1,0,0,1,0,3,0,0,1,0,0,1,0,3,0,0,1,0,0,1,1,3,0,0,1,0,0,1,3,0,0,1,0,0,0,1,3,0,0,1,0,0,0,1,3,0,0,1,0,0,0,1,0
1721109,Tocantínia,1,0,0,0,0,0,0,0,1,0,0,0,0,0,0,0,1,0,0,0,0,1,0,0,1,0,0,0,0,1,0,0,1,0,0,0,0,1,0,0,1,0,0,0,0,1,0,0,1,0,0,0,0,1,0,0,1,0,0,0,0,0,0,1,0,0,0,0,1,0,1,1,0,0,0,0,1,0,1,1,0,0,0,0,1,0,1,1
1718758,Rio Sono,4,0,0,0,0,0,0,0,2,0,0,0,0,2,0,0,1,0,0,0,0,2,0,0,1,0,0,0,0,2,0,0,1,0,0,0,0,2,0,0,2,0,0,0,0,2,0,0,3,0,0,0,0,1,0,0,3,0,0,0,0,0,0,2,0,0,0,0,2,0,0,2,0,0,0,0,2,0,0,2,0,0,0,0,3,0,0,1
1717503,Pium,2,0,0,1,0,1,2,1,2,0,0,1,0,1,2,1,2,0,0,1,0,1,2,1,3,0,0,1,0,1,2,1,3,0,0,1,0,1,2,1,3,0,0,1,0,1,2,1,3,0,0,1,0,1,2,1,3,0,0,1,0,2,1,3,0,0,1,0,1,2,1,3,0,0,1,0,1,2,1,3,0,0,1,0,1,2,1,1
1713304,Miranorte,3,1,2,1,0,0,1,0,3,1,2,1,0,0,1,1,3,1,2,1,0,0,1,1,3,1,4,1,0,0,1,1,3,2,4,1,0,0,1,1,3,2,4,1,0,0,1,1,3,2,4,1,0,0,1,1,4,2,4,1,0,1,1,4,2,4,1,0,0,1,1,4,2,4,1,0,0,2,1,4,2,4,1,0,0,2,1,0
1700251,Abreulândia,1,0,0,0,0,0,0,1,1,0,0,0,0,0,0,1,1,0,0,0,0,0,0,1,1,0,0,0,0,0,0,1,1,0,0,0,0,0,0,1,1,0,0,0,0,0,0,1,1,0,0,0,0,0,0,1,1,0,0,0,0,0,1,1,0,0,0,0,0,0,1,1,0,0,0,0,0,0,1,1,0,0,0,0,0,0,1,0
1703909,Caseara,2,0,0,0,0,0,0,0,1,0,0,0,0,0,0,0,1,0,0,0,0,0,0,0,1,0,0,0,0,0,0,0,1,0,0,0,0,0,0,0,1,0,0,0,0,0,0,0,1,0,0,0,0,0,0,0,1,0,0,0,0,0,0,1,0,0,0,0,0,0,0,1,0,0,0,0,0,0,1,1,0,0,0,0,0,0,1,0
1718709,Rio dos Bois,1,0,0,0,0,0,0,0,1,0,0,0,0,0,0,0,1,0,0,0,0,0,0,0,1,0,0,0,0,0,0,0,1,0,0,0,0,0,0,0,1,0,0,0,0,0,0,0,1,0,0,0,0,0,0,0,1,0,0,0,0,0,0,1,0,0,0,0,0,0,1,1,0,0,0,0,0,0,1,2,0,0,0,0,0,0,1,0
1716505,Pedro Afonso,2,0,0,0,0,0,2,0,2,0,1,1,0,0,2,0,2,0,1,1,0,0,1,0,2,0,1,1,0,0,1,0,2,0,1,1,1,0,1,0,2,0,1,1,1,0,1,0,2,0,1,1,1,0,1,0,2,0,2,1,1,1,0,3,0,2,1,1,0,2,1,3,0,2,1,1,0,3,1,4,0,2,1,1,0,2,1,0
1708254,Tabocão,1,0,0,0,0,0,0,0,1,0,0,0,0,0,0,0,1,0,0,0,0,0,0,0,1,0,0,0,0,0,0,0,1,0,0,0,0,0,0,0,1,0,0,0,0,0,0,0,1,0,0,0,0,0,0,0,1,0,0,0,0,0,0,1,0,0,0,0,0,0,1,1,0,0,0,0,0,0,1,1,0,0,0,0,0,0,1,0
1712405,Lizarda,1,0,0,0,0,0,0,0,1,0,0,0,0,0,0,0,1,0,0,0,0,0,0,0,1,0,0,0,0,0,0,0,1,0,0,0,0,0,0,0,1,0,0,0,0,0,0,0,1,0,0,0,0,0,0,0,1,0,0,0,0,0,0,2,0,0,0,0,0,0,1,2,0,0,0,0,0,0,1,2,0,0,0,0,0,0,1,0
1707207,Dois Irmãos do Tocantins,2,0,0,0,0,0,0,0,1,0,0,0,0,0,0,0,1,0,0,0,0,0,0,0,1,0,0,0,0,0,0,0,1,0,0,0,0,0,0,0,1,0,0,0,0,0,0,0,1,0,0,0,0,0,0,1,0,0,0,0,0,0,1,1,0,0,0,0,0,0,1,1,0,0,0,0,0,0,1,1,0,0,0,0,0,0,1,0
1703305,Bom Jesus do Tocantins,1,0,0,0,0,0,0,0,1,0,0,0,0,0,0,0,1,0,0,0,0,0,0,0,1,0,0,0,0,0,0,0,1,0,0,0,0,0,0,0,1,0,0,0,0,0,0,0,2,0,0,0,0,0,0,1,2,0,0,0,0,0,1,2,0,0,0,0,0,0,1,2,0,0,0,0,0,0,1,2,0,0,0,0,0,0,1,0
1704105,Centenário,1,0,0,0,0,0,0,0,1,0,0,0,0,0,0,0,1,0,0,0,0,0,0,0,1,0,0,0,0,0,0,0,1,0,0,0,0,0,0,0,1,0,0,0,0,0,0,0,1,0,0,0,0,0,0,0,1,0,0,0,0,0,0,1,0,0,0,0,0,0,0,1,0,0,0,0,0,0,0,1,0,0,0,0,0,0,0,0
1721257,Tupirama,1,0,0,0,0,0,0,0,1,0,0,0,0,0,0,0,1,0,0,0,0,0,0,0,1,0,0,0,0,0,0,0,1,0,0,0,0,0,0,0,1,0,0,0,0,0,0,0,1,0,0,0,0,0,0,1,1,0,0,0,0,0,1,1,0,0,0,0,0,0,1,1,0,0,0,0,0,0,1,1,0,0,0,0,0,0,1,0
1708304,Goianorte,2,0,0,0,0,0,0,0,2,0,0,0,0,0,0,0,2,0,0,0,0,0,0,0,2,0,0,0,0,0,0,0,2,0,0,0,0,0,0,0,2,0,0,0,0,0,0,0,2,0,0,0,0,0,0,0,2,0,0,0,0,0,0,3,0,0,0,0,0,0,0,2,0,0,0,0,0,1,0,2,0,0,0,0,0,1,1,0
1718881,Santa Maria do Tocantins,1,0,0,0,0,0,0,0,1,0,0,0,0,0,0,0,1,0,0,0,0,0,0,0,1,0,0,0,0,0,0,0,1,0,0,0,0,0,0,0,1,0,0,0,0,0,0,0,1,0,0,0,0,0,0,0,1,0,0,0,0,0,1,1,0,0,0,0,0,0,1,1,0,0,0,0,0,0,1,1,0,0,0,0,0,0,1,0
1716703,Colméia,3,3,0,1,0,0,0,1,3,3,0,1,0,0,0,1,3,1,0,1,0,0,2,1,3,1,0,1,0,0,2,1,3,1,0,1,0,0,2,1,3,1,0,1,0,0,2,1,3,1,0,1,0,0,3,1,3,1,0,1,0,3,1,4,1,0,1,0,0,3,1,4,1,0,1,0,0,2,1,4,1,0,1,0,0,1,1,0
1701903,Araguacema,1,0,0,1,0,0,0,0,1,0,0,1,0,0,0,0,1,0,0,1,0,0,0,0,1,0,0,1,0,0,0,0,1,0,0,1,0,0,0,0,2,0,0,1,0,0,0,0,2,0,0,1,0,0,0,1,2,0,0,1,0,0,1,2,0,0,1,0,0,0,1,2,0,0,1,0,0,0,1,2,0,0,1,0,0,0,1,0
1718501,Recursolândia,1,0,0,0,0,0,0,0,1,0,0,0,0,0,0,0,1,0,0,0,0,0,0,0,1,0,0,0,0,0,0,0,1,0,0,0,0,0,0,0,1,0,0,0,0,0,0,0,1,0,0,0,0,0,0,1,1,0,0,0,0,0,1,1,0,0,0,0,0,0,1,1,0,0,0,0,0,0,1,1,0,0,0,0,0,0,1,0
1718402,Presidente Kennedy,1,0,0,1,0,0,0,1,1,0,0,1,0,0,0,1,1,0,0,1,0,0,0,1,1,0,0,1,0,0,0,1,1,0,0,1,0,0,0,1,1,0,0,0,0,0,0,1,1,0,0,0,0,0,0,1,1,0,0,0,0,0,1,1,0,0,0,0,0,0,1,1,0,0,0,0,0,0,1,1,0,0,0,0,0,0,1,0
1706001,Couto de Magalhães,1,0,0,0,0,0,0,1,1,0,0,0,0,0,0,1,1,0,0,0,0,0,0,1,1,0,0,0,0,0,0,1,2,0,0,0,0,0,0,1,2,0,0,0,0,0,1,1,2,0,0,0,0,0,1,1,2,0,0,0,0,1,1,2,0,0,0,0,0,1,1,2,0,0,0,0,0,1,1,2,0,0,0,0,0,2,1,0
1711100,Itaporã do Tocantins,2,0,0,0,0,0,0,0,1,0,0,0,0,0,0,0,1,0,0,0,0,0,0,0,1,0,0,0,0,0,0,0,1,0,0,0,0,0,0,1,1,0,0,0,0,0,0,1,1,0,0,0,0,0,0,1,1,0,0,0,0,0,1,1,0,0,0,0,0,0,1,1,0,0,0,0,0,0,1,1,0,0,0,0,0,0,1,0
1710508,Itacajá,0,0,1,1,0,1,0,0,1,0,1,1,0,0,0,0,1,0,1,1,0,0,0,0,1,0,1,1,0,0,0,0,1,0,1,1,0,0,0,0,1,0,1,1,0,0,0,0,1,0,1,1,0,0,0,1,2,1,1,1,0,0,1,2,1,1,1,0,0,0,1,2,1,1,1,0,0,0,1,2,1,1,1,0,0,0,1,0
1703602,Brasilândia do Tocantins,1,0,0,0,0,0,0,0,1,0,0,0,0,0,0,0,1,0,0,0,0,0,0,0,1,0,0,0,0,0,0,0,1,0,0,0,0,0,0,0,1,0,0,0,0,0,0,0,1,0,0,0,0,0,0,0,1,0,0,0,0,0,0,1,0,0,0,0,0,0,1,1,0,0,0,0,0,0,1,1,0,0,0,0,0,0,1,0
1721307,Tupiratins,1,0,0,0,0,0,0,0,1,0,0,0,0,0,0,0,1,0,0,0,0,0,0,0,1,0,0,0,0,0,0,0,1,0,0,0,0,0,0,0,1,0,0,0,0,0,0,0,1,0,0,0,0,0,0,0,1,0,0,0,0,0,0,1,0,0,0,0,0,0,0,1,0,0,0,0,0,0,0,1,0,0,0,0,0,0,0,0
1716653,Pequizeiro,1,0,0,0,0,0,0,0,1,0,0,0,0,0,0,0,1,0,0,0,0,0,0,0,2,0,0,0,0,0,0,0,2,0,0,0,0,0,0,0,2,0,0,0,0,0,0,0,2,0,0,0,0,0,0,0,2,0,0,0,0,0,0,2,0,0,0,0,1,0,0,2,0,0,0,0,1,0,0,2,0,0,0,0,1,0,0,0
1711803,Juarina,1,0,0,0,0,0,0,0,1,0,0,0,0,0,0,0,1,0,0,0,0,0,0,0,1,0,0,0,0,0,0,0,1,0,0,0,0,0,0,0,1,0,0,0,0,0,0,0,1,0,0,0,0,0,0,0,1,0,0,0,0,0,0,1,0,0,0,0,0,0,0,1,0,0,0,0,0,0,0,1,0,0,0,0,0,0,0,0
1710904,Itapiratins,1,0,0,1,0,0,0,0,1,0,0,0,0,0,0,0,1,0,0,0,0,0,0,0,1,0,0,0,0,0,0,0,1,0,0,0,0,0,0,0,1,0,0,0,0,0,0,0,1,0,0,0,0,0,0,0,1,0,0,0,0,0,0,1,0,0,0,0,0,0,1,1,0,0,0,0,0,0,1,1,0,0,0,0,0,0,1,0
1703842,Campos Lindos,1,0,0,0,0,0,0,0,1,0,0,0,0,0,0,0,1,0,0,0,0,0,0,0,1,0,0,0,0,0,0,0,1,0,0,0,0,0,0,0,1,0,0,0,0,0,0,0,1,0,0,0,0,0,0,0,1,0,0,0,0,0,0,1,0,0,0,0,0,0,0,1,0,0,0,0,0,0,0,1,0,0,0,0,0,0,0,0
1705508,Colinas do Tocantins,9,2,3,2,0,0,5,1,9,2,3,2,0,0,4,1,9,2,4,2,0,0,5,1,9,2,7,2,0,0,4,1,9,2,8,2,0,0,6,1,9,3,8,2,0,0,7,1,9,3,10,2,0,0,7,1,9,3,14,2,0,7,1,9,6,12,1,0,0,7,1,11,9,9,1,0,0,8,1,12,10,9,1,0,0,8,1,0
1703206,Bernardo Sayão,1,0,0,0,0,0,0,1,1,0,0,0,0,0,0,1,1,0,0,0,0,0,0,1,1,0,0,0,0,0,0,1,1,0,0,0,0,0,0,1,1,0,0,0,0,0,0,1,1,0,0,0,0,0,0,1,1,0,0,0,0,0,1,1,0,0,0,0,0,0,1,1,0,0,0,0,0,0,1,1,0,0,0,0,0,0,1,0
1703057,Bandeirantes do Tocantins,1,0,0,0,0,0,0,0,1,0,0,0,0,0,0,0,1,0,0,0,0,0,0,0,1,0,0,0,0,0,0,0,1,0,0,0,0,0,0,1,1,0,0,0,0,0,0,1,1,0,0,0,0,0,0,1,1,0,0,0,0,0,1,1,0,0,0,0,0,0,1,1,0,0,0,0,0,0,1,1,0,0,0,0,0,0,1,0
1702307,Arapoema,1,0,0,1,0,0,1,0,1,0,0,1,0,0,1,0,1,0,0,1,0,0,1,0,1,0,0,1,0,0,1,0,1,0,0,1,0,0,1,0,1,0,0,1,0,0,1,1,1,0,0,1,0,0,1,1,1,0,0,1,0,1,1,1,0,0,1,0,0,1,1,1,0,0,1,0,0,1,1,1,0,0,1,0,0,1,1,0
1709005,Goiatins,2,0,0,1,0,0,0,0,2,0,0,1,0,0,0,0,2,0,0,1,0,0,0,0,2,0,0,1,0,0,0,0,2,0,0,1,0,0,0,0,3,0,0,1,0,0,0,1,2,0,0,1,0,3,0,1,2,0,0,1,0,0,1,2,0,0,1,0,2,0,1,2,0,0,1,0,3,1,1,2,0,0,1,0,3,1,1,2
1715705,Palmeirante,1,0,0,0,0,0,0,0,1,0,0,0,0,0,0,0,1,0,0,0,0,0,0,0,1,0,0,0,0,0,0,0,1,0,0,0,0,0,0,0,1,0,0,0,0,0,0,0,1,0,0,0,0,0,0,1,1,0,0,0,0,0,1,1,0,0,0,0,0,0,1,1,0,0,0,0,0,0,1,1,0,0,0,0,0,0,1,0
1714880,Nova Olinda,3,1,0,0,0,0,0,1,2,1,0,0,0,0,0,1,2,1,0,0,0,0,0,1,2,1,0,0,0,0,0,1,2,1,0,0,0,0,0,1,2,1,0,0,0,0,1,1,2,1,0,0,0,0,1,1,2,1,0,0,0,2,1,2,1,1,0,0,0,2,1,3,1,1,0,0,0,2,1,3,1,0,0,0,0,2,1,0
1703073,Barra do Ouro,2,0,0,0,0,0,0,0,2,0,0,0,0,0,0,0,2,0,0,0,0,0,0,0,2,0,0,0,0,0,0,0,2,0,0,0,0,0,0,0,2,0,0,0,0,0,0,1,2,0,0,0,0,0,0,1,2,0,0,0,0,0,1,2,0,0,0,0,0,0,1,2,0,0,0,0,0,0,1,2,0,0,0,0,0,0,1,0
1716307,Pau d'Arco,1,0,0,0,0,0,0,1,1,0,0,0,0,0,0,1,1,0,0,0,0,0,0,1,1,0,0,0,0,0,0,1,1,0,0,0,0,0,0,1,1,0,0,0,0,0,0,1,1,0,0,0,0,0,0,1,1,0,0,0,0,0,1,1,0,0,0,0,0,0,1,1,0,0,0,0,0,0,1,1,0,0,0,0,0,1,1,0
1707702,Filadélfia,2,0,0,0,0,0,0,0,2,0,0,0,0,0,0,0,2,0,0,0,0,0,0,0,1,0,0,0,0,0,0,0,1,0,0,0,0,0,0,0,1,0,0,0,0,1,0,0,1,0,0,0,0,1,0,0,1,0,0,0,0,0,0,1,0,0,0,0,1,0,1,1,0,0,0,0,1,0,1,2,0,0,0,0,1,0,1,1
1702109,Araguaína,21,13,52,4,0,0,15,2,18,15,61,4,0,0,15,3,17,16,66,4,0,0,17,3,17,15,75,4,0,0,19,3,17,18,80,4,0,0,20,3,18,20,86,4,0,0,22,3,19,21,91,4,0,0,24,3,19,28,102,4,0,25,3,19,32,120,4,0,0,29,3,20,34,129,4,0,0,30,3,20,35,139,5,0,0,31,3,0
1703883,Carmolândia,1,0,0,0,0,0,0,0,1,0,0,0,0,0,0,0,1,0,0,0,0,0,0,0,1,0,0,0,0,0,0,0,1,0,0,0,0,0,0,0,1,0,0,0,0,0,0,1,1,0,0,0,0,0,0,1,1,0,0,0,0,0,1,1,0,0,0,0,0,0,1,1,0,0,0,0,0,0,1,1,0,0,0,0,0,0,1,0
1703008,Babaçulândia,3,0,0,0,0,0,0,1,3,0,0,0,0,0,0,1,3,0,0,0,0,0,0,1,3,0,0,0,0,0,0,1,3,0,0,0,0,0,0,1,3,0,0,0,0,0,0,1,5,0,0,0,0,0,0,1,6,0,0,0,0,0,1,6,0,0,0,0,0,0,1,6,0,0,0,0,0,0,1,6,0,0,0,0,0,0,1,0
1718865,Santa Fé do Araguaia,2,0,0,1,0,2,1,1,2,0,0,1,0,2,1,1,2,0,0,1,0,2,1,1,2,0,0,1,0,2,1,1,2,0,0,1,0,2,1,1,2,0,0,1,0,2,1,1,2,0,0,1,0,2,2,1,2,0,0,0,0,0,1,2,0,0,0,0,1,0,1,2,0,0,0,0,1,0,1,2,0,0,0,0,1,0,1,1
1713957,Muricilândia,0,0,0,0,0,1,0,0,1,0,0,0,0,0,0,0,1,0,0,0,0,0,0,0,1,0,0,0,0,0,0,0,1,0,0,0,0,0,0,0,1,0,0,0,0,0,0,0,1,0,0,0,0,0,0,1,1,0,0,0,0,0,1,1,0,0,0,0,0,0,1,1,0,0,0,0,0,0,1,1,0,0,0,0,0,0,1,0
1701309,Aragominas,1,0,0,0,0,0,0,0,1,0,0,0,0,0,0,0,1,0,0,0,0,0,0,0,1,0,0,0,0,0,0,0,1,0,0,0,0,0,0,0,1,0,0,0,0,0,0,1,1,0,0,0,0,0,0,1,1,0,0,0,0,0,1,3,0,0,0,0,0,0,1,3,0,0,0,0,0,0,1,3,0,0,0,0,0,0,1,0
1722081,Wanderlândia,2,0,0,0,0,0,0,0,2,0,0,0,0,0,0,0,2,0,0,0,0,0,0,0,3,0,0,0,0,0,0,0,3,0,0,0,0,0,0,0,3,0,0,0,0,0,0,0,3,0,0,0,0,0,1,0,3,0,0,0,0,1,0,3,0,0,0,0,0,1,0,3,0,0,0,0,0,1,0,3,0,0,0,0,0,1,0,0
1706506,Darcinópolis,1,0,0,0,0,0,0,0,1,0,0,0,0,0,0,1,1,0,0,0,0,0,0,1,1,0,0,0,0,0,0,1,1,0,0,0,0,0,0,1,1,0,0,0,0,0,0,1,1,0,0,0,0,0,0,1,1,0,1,0,0,0,1,1,0,1,0,0,0,0,1,1,0,1,0,0,0,0,1,1,0,1,0,0,0,0,1,0
1702158,Araguanã,2,0,0,0,0,1,0,0,2,0,0,0,0,1,0,0,2,0,0,0,0,1,0,0,2,1,0,0,0,1,0,1,2,1,0,0,0,1,0,1,2,1,0,0,0,1,0,1,2,1,0,0,0,1,0,1,2,1,0,0,0,0,1,2,1,0,0,0,1,0,1,4,1,0,0,0,0,0,1,4,1,0,0,0,0,0,1,1
1713809,Palmeiras do Tocantins,1,0,0,0,0,0,0,0,1,0,0,0,0,0,0,0,1,0,0,0,0,0,0,0,1,0,0,0,0,0,0,1,1,0,0,0,0,0,0,1,1,0,0,0,0,0,0,1,1,0,0,0,0,0,0,1,1,0,0,0,0,0,1,1,0,0,0,0,0,0,1,1,0,0,0,0,0,0,1,1,0,0,0,0,0,0,1,0
1717206,Piraquê,2,0,0,0,0,0,0,0,1,0,0,0,0,0,0,0,1,0,0,0,0,0,0,0,1,0,0,0,0,0,0,0,1,0,0,0,0,0,0,0,1,0,0,0,0,0,0,1,1,0,0,0,0,0,0,1,1,0,0,0,0,0,1,1,0,0,0,0,0,0,1,1,0,0,0,0,0,0,1,1,0,0,0,0,0,0,1,0
1700301,Aguiarnópolis,1,0,1,0,0,0,0,2,1,0,1,0,0,0,0,2,1,0,1,0,0,0,0,2,1,0,1,0,0,0,0,2,1,0,1,0,0,0,0,2,1,0,1,0,0,0,0,2,1,0,1,0,0,0,0,2,1,0,0,0,0,0,2,2,0,0,0,0,0,0,2,2,0,0,0,0,0,0,2,2,0,0,0,0,0,0,2,0
1720002,Santa Terezinha do Tocantins,1,0,0,0,0,0,0,0,1,0,0,0,0,0,0,0,1,0,0,0,0,0,0,0,1,0,0,0,0,0,0,0,1,0,0,0,0,0,0,0,1,0,0,0,0,0,0,0,1,0,0,0,0,0,0,0,1,0,0,0,0,0,1,1,0,0,0,0,0,0,1,1,0,0,0,0,0,0,1,1,0,0,0,0,0,0,1,0
1718550,Riachinho,2,0,0,0,0,0,0,0,2,0,0,0,0,0,0,1,2,0,0,0,0,0,0,1,2,0,0,0,0,0,0,1,2,0,0,0,0,0,0,1,2,0,0,0,0,0,0,1,2,0,0,0,0,0,0,1,2,0,0,0,0,0,1,2,0,0,0,0,0,0,1,2,0,0,0,0,0,0,1,2,0,0,0,0,0,0,1,0
1722107,Xambioá,1,0,1,1,0,0,3,1,1,0,1,1,0,0,3,1,1,0,1,1,0,0,3,1,1,0,1,1,0,0,3,1,1,0,1,1,0,3,2,1,1,0,1,1,0,3,2,1,1,0,1,1,0,3,2,1,2,0,1,1,0,4,1,2,0,1,1,0,2,4,1,4,0,1,1,0,0,4,1,4,0,1,1,0,0,4,1,2
1701051,Angico,1,0,0,0,0,0,0,1,1,0,0,0,0,0,0,1,1,0,0,0,0,0,0,1,1,0,0,0,0,0,0,1,1,0,0,0,0,0,0,1,1,0,0,0,0,0,0,1,1,0,0,0,0,0,0,1,1,0,0,0,0,0,1,1,0,0,0,0,0,0,1,1,0,0,0,0,0,0,1,2,0,0,0,0,0,0,1,0
1714302,Nazaré,1,0,0,1,0,0,0,1,1,0,0,1,0,0,0,1,1,0,0,1,0,0,0,1,2,0,0,1,0,0,0,1,3,0,0,1,0,0,0,1,3,0,0,1,0,0,0,1,3,0,0,1,0,0,0,1,3,0,0,1,0,0,1,3,0,0,1,0,0,1,1,2,0,0,1,0,1,1,1,2,0,0,0,0,1,0,1,0
1712454,Luzinópolis,1,0,0,0,0,0,0,0,1,0,0,0,0,0,0,0,1,0,0,0,0,0,0,0,1,0,0,0,0,0,0,0,1,0,0,0,0,0,0,0,1,0,0,0,0,0,0,0,1,0,0,0,0,0,0,0,1,0,0,0,0,0,0,1,0,1,0,0,1,0,0,1,0,1,0,0,1,0,0,1,0,1,0,0,0,0,0,0
1721208,Tocantinópolis,4,1,4,1,0,0,2,0,4,1,4,1,0,0,4,0,4,1,4,1,0,4,4,0,4,0,5,1,0,4,4,0,4,0,5,1,0,4,4,0,5,0,5,1,0,3,4,0,5,0,5,1,0,3,4,0,5,0,3,1,0,4,0,5,0,4,1,0,4,4,0,5,0,4,1,0,4,4,0,5,0,4,1,0,4,5,0,4
1703826,Cachoeirinha,1,0,0,0,0,0,0,1,1,0,0,0,0,0,0,1,1,0,0,0,0,0,0,1,1,0,0,0,0,0,0,1,1,0,0,0,0,0,0,1,1,0,0,0,0,0,0,1,1,0,0,0,0,0,0,1,1,0,0,0,0,0,1,1,0,0,0,0,0,0,1,1,0,0,0,0,0,0,1,1,0,0,0,0,0,0,1,0
1701002,Ananás,2,0,0,1,0,0,0,1,2,0,0,1,0,0,0,1,2,0,0,1,0,0,0,1,2,0,0,1,0,0,0,1,2,0,0,1,0,0,0,1,2,0,0,1,0,0,0,1,3,0,0,1,0,0,0,1,3,0,0,1,0,1,1,3,0,0,1,0,0,1,1,3,0,0,1,0,0,1,1,3,0,0,1,0,0,1,1,0
1712801,Maurilândia do Tocantins,1,0,0,0,0,0,0,0,1,0,0,0,0,0,0,0,1,0,0,0,0,0,0,0,1,0,0,0,0,0,0,0,1,0,0,0,0,0,0,1,1,0,0,0,0,0,0,1,1,0,0,0,0,0,0,0,1,0,0,0,0,0,1,2,0,0,0,0,0,0,1,2,0,0,0,0,0,0,1,3,0,0,0,0,0,0,1,0
1720101,São Bento do Tocantins,2,0,0,0,0,0,0,0,2,0,0,0,0,0,0,0,2,0,0,0,0,0,0,0,2,0,0,0,0,0,0,0,2,0,0,0,0,0,0,0,2,0,0,0,0,0,0,0,2,0,0,0,0,1,0,1,2,0,0,0,0,0,1,2,0,0,0,0,1,0,1,2,0,0,0,0,1,0,1,2,0,0,0,0,1,0,1,1
1710706,Itaguatins,1,0,1,1,0,0,0,0,1,0,1,1,0,0,0,0,1,0,1,1,0,0,0,0,1,0,1,1,0,0,0,0,1,0,1,1,0,0,0,0,1,0,1,1,0,0,0,1,2,0,1,0,0,0,0,1,3,0,1,0,0,0,1,3,0,1,0,0,0,0,1,3,0,1,0,0,0,0,1,3,0,1,0,0,0,0,1,0
1702901,Axixá do Tocantins,2,0,0,0,0,0,0,0,2,0,0,0,0,0,0,0,1,0,0,0,0,0,0,1,1,0,0,0,0,0,0,1,1,0,0,0,0,0,0,1,3,0,0,0,0,1,0,1,3,0,0,0,0,1,0,1,3,0,0,0,0,0,1,3,0,0,0,0,1,0,1,3,0,0,0,0,1,0,1,4,0,0,0,0,1,0,1,1
1720804,Sítio Novo do Tocantins,4,0,0,0,0,0,0,0,4,0,0,0,0,0,0,0,3,0,0,0,0,0,0,0,3,0,0,0,0,0,0,0,5,0,0,0,0,0,0,0,5,0,0,0,0,0,0,0,6,0,0,0,0,0,0,1,6,0,0,0,0,0,1,6,0,0,0,0,0,0,1,6,0,0,0,0,0,0,1,6,0,0,0,0,0,0,1,0
1720200,São Miguel do Tocantins,2,0,0,0,0,1,0,1,2,0,0,0,0,0,0,1,2,0,0,0,0,0,0,1,2,0,0,0,0,0,0,1,2,0,0,0,0,0,0,1,2,0,0,0,0,0,0,1,2,0,0,0,0,0,0,1,2,0,0,0,0,0,1,2,0,0,0,0,0,0,1,2,0,0,0,0,0,0,1,2,0,0,0,0,0,0,1,0
1702554,Augustinópolis,5,0,0,1,0,0,2,1,5,0,0,1,0,0,2,1,5,1,0,1,0,0,2,1,5,1,0,1,0,0,2,1,5,1,0,1,0,0,2,1,5,1,0,1,0,0,2,1,5,1,1,1,0,0,2,1,5,1,1,1,0,2,1,5,1,3,1,0,0,3,1,5,2,3,1,0,0,4,1,5,3,3,1,0,0,4,1,0
1718303,Praia Norte,1,0,0,0,0,0,0,0,1,0,0,0,0,0,0,0,1,0,0,0,0,0,0,0,1,0,0,0,0,0,0,0,2,0,0,0,0,0,0,1,2,0,0,0,0,0,0,1,2,0,0,0,0,0,0,1,3,0,0,0,0,0,1,3,0,0,0,0,0,0,1,3,0,0,0,0,3,0,1,3,0,0,0,0,3,0,1,0
1702208,Araguatins,5,0,0,1,0,0,1,1,5,0,0,1,0,0,2,1,5,0,0,1,0,0,2,1,7,0,0,1,0,0,3,2,7,0,0,1,0,0,3,2,7,0,1,1,0,0,4,2,7,0,1,1,0,1,4,2,7,0,1,1,0,4,2,7,0,2,1,0,1,5,2,7,0,4,1,0,2,5,2,7,0,4,1,0,3,5,2,1
1703800,Buriti do Tocantins,2,0,0,0,0,0,0,1,2,0,0,0,0,1,0,0,2,0,0,0,0,1,0,0,2,0,0,0,0,1,0,0,2,0,0,0,0,1,0,0,4,0,0,0,0,0,0,1,5,0,0,0,0,0,0,1,5,0,0,0,0,0,1,5,0,0,0,0,0,0,1,5,0,0,0,0,0,0,1,5,0,0,0,0,0,0,1,0
1703891,Carrasco Bonito,2,0,0,0,0,0,0,0,2,0,0,0,0,0,0,0,2,0,0,0,0,0,0,0,2,0,0,0,0,0,0,0,2,0,0,0,0,0,0,0,3,0,0,0,0,0,0,0,3,0,0,0,0,0,0,1,2,0,0,0,0,0,1,2,0,0,0,0,0,0,1,2,0,0,0,0,1,0,1,2,0,0,0,0,1,0,1,0
1718808,Sampaio,1,0,0,0,0,0,0,0,1,0,0,0,0,0,0,0,1,0,0,0,0,0,0,1,1,0,0,0,0,0,0,1,1,0,0,0,0,0,0,1,1,0,0,0,0,0,0,1,1,0,0,0,0,0,0,1,1,0,0,0,0,0,1,1,0,0,0,0,0,0,1,1,0,0,0,0,0,0,1,1,0,0,0,0,0,0,1,0
1707405,Esperantina,1,0,0,0,0,0,0,0,1,0,0,0,0,0,0,0,1,0,0,0,0,0,0,0,1,0,0,0,0,0,0,0,1,0,0,0,0,0,0,1,1,0,0,0,0,0,0,1,1,0,0,0,0,0,0,1,1,0,0,0,0,0,1,2,0,0,0,0,0,0,1,2,0,0,0,0,0,1,2,2,0,0,0,0,0,0,2,0
1720309,São Sebastião do Tocantins,1,0,0,0,0,1,0,0,1,0,0,0,0,1,0,0,1,0,0,0,0,1,0,1,1,0,0,0,0,1,0,1,1,0,0,0,0,1,0,1,2,0,0,0,0,0,0,1,2,0,0,0,0,0,0,1,2,0,0,0,0,0,1,2,0,0,0,0,0,0,1,2,0,0,0,0,0,0,1,2,0,0,0,0,0,0,1,0
1712157,Lavandeira,1,0,0,0,0,0,0,0,1,0,0,0,0,0,0,0,1,0,0,0,0,0,0,0,1,0,0,0,0,0,0,0,1,0,0,0,0,0,0,0,1,0,0,0,0,0,0,0,1,0,0,0,0,0,0,0,1,0,0,0,0,0,0,1,0,0,0,0,0,0,0,1,0,0,0,0,0,0,1,1,0,0,0,0,0,0,1,0
1702703,Aurora do Tocantins,2,0,0,0,0,0,0,0,2,0,0,0,0,0,0,0,2,0,0,0,0,0,0,0,2,0,0,0,0,0,0,0,1,0,0,0,0,0,0,0,1,0,0,0,0,0,0,0,1,0,0,0,0,0,0,0,1,0,0,0,0,0,0,1,0,0,0,0,0,0,0,1,0,0,0,0,0,0,0,1,0,0,0,0,0,0,0,0
1717800,Ponte Alta do Bom Jesus,2,0,0,0,0,0,0,0,2,0,0,0,0,0,0,0,1,0,0,0,0,0,0,0,1,0,0,0,0,0,0,0,1,0,0,0,0,0,0,0,1,0,0,0,0,0,0,1,1,0,0,0,0,0,0,1,1,0,0,0,0,0,1,1,0,0,0,0,0,0,1,1,0,0,0,0,0,0,1,1,0,0,0,0,0,0,1,0
1715259,Novo Jardim,1,0,0,0,0,0,0,0,1,0,0,0,0,0,0,0,1,0,0,0,0,0,0,0,1,0,0,0,0,0,0,0,1,0,0,0,0,0,0,0,1,0,0,0,0,0,0,1,1,0,0,0,0,0,0,1,1,0,0,0,0,0,1,1,0,0,0,0,0,0,1,1,0,0,0,0,0,0,1,1,0,0,0,0,0,0,1,0
1707009,Dianópolis,6,0,1,1,1,0,2,1,6,0,1,1,1,0,2,1,6,0,1,1,1,0,3,1,6,0,1,1,1,0,3,1,6,0,1,1,1,0,3,1,6,1,1,1,1,0,3,1,6,1,1,1,1,0,3,1,6,1,1,1,1,3,1,6,1,1,1,1,0,4,1,6,2,1,1,1,0,5,1,6,3,1,0,1,0,5,1,0
1718659,Rio da Conceição,1,0,0,0,0,0,0,0,1,0,0,0,0,0,0,0,1,0,0,0,0,0,0,0,1,0,0,0,0,0,0,0,1,0,0,0,0,0,0,0,1,0,0,0,0,0,0,0,1,0,0,0,0,0,0,0,2,0,0,0,0,0,0,1,0,0,0,0,0,0,1,1,0,0,0,0,0,0,1,1,0,0,0,0,0,0,1,0
1712702,Mateiros,1,0,0,0,0,0,0,0,1,0,0,0,0,0,0,0,1,0,0,0,0,0,0,0,1,0,0,0,0,0,0,0,1,0,0,0,0,0,0,0,1,0,0,0,0,0,0,0,1,0,0,0,0,0,0,0,1,0,0,0,0,0,0,1,0,0,0,0,0,0,0,1,0,0,0,0,0,0,0,1,0,0,0,0,0,0,1,0
1709302,Guaraí,5,1,1,1,1,0,3,1,5,2,2,1,1,0,4,1,5,3,2,1,1,0,4,1,5,3,3,1,1,0,4,1,5,4,3,1,1,0,4,1,5,4,3,1,1,0,5,1,6,4,3,1,1,0,6,2,6,6,3,1,1,6,2,6,6,4,1,1,0,6,2,7,6,3,1,1,0,5,2,8,7,3,1,1,0,8,2,0
