cod_ibge,nome,nume_cid,pgai,tipo_cidd,regiao_num,territ_cid,utr,criacao,area,pop_1996,pop_2000,pop_2007,pop_2008,pop_2009,assoc_mun,reg_pm,art_pm,region_ibg,cod_region,pop_2010,ppa_2012_2,number,regionaliz,areaoficia,reg_tur,nova_regio,nova_reg_o,cultura,area_1989,area_1990,area_1991,area_1992,area_1993,area_1994,area_1995,area_1996,area_1997,area_1998,area_1999,area_2000,area_2001,area_2002,area_2003,area_2004,area_2005,area_2006,area_2007,area_2008,area_2009,area_2010,area_2011,area_2012,area_2013,area_2014,area_2015,area_2016,area_2017,area_2018,colhi_1989,colhi_1990,colhi_1991,colhi_1992,colhi_1993,colhi_1994,colhi_1995,colhi_1996,colhi_1997,colhi_1998,colhi_1999,colhi_2000,colhi_2001,colhi_2002,colhi_2003,colhi_2004,colhi_2005,colhi_2006,colhi_2007,colhi_2008,colhi_2009,colhi_2010,colhi_2011,colhi_2012,colhi_2013,colhi_2014,colhi_2015,colhi_2016,colhi_2017,colhi_2018,produ_1989,produ_1990,produ_1991,produ_1992,produ_1993,produ_1994,produ_1995,produ_1996,produ_1997,produ_1998,produ_1999,produ_2000,produ_2001,produ_2002,produ_2003,produ_2004,produ_2005,produ_2006,produ_2007,produ_2008,produ_2009,produ_2010,produ_2011,produ_2012,produ_2013,produ_2014,produ_2015,produ_2016,produ_2017,produ_2018,rendi_1989,rendi_1990,rendi_1991,rendi_1992,rendi_1993,rendi_1994,rendi_1995,rendi_1996,rendi_1997,rendi_1998,rendi_1999,rendi_2000,rendi_2001,rendi_2002,rendi_2003,rendi_2004,rendi_2005,rendi_2006,rendi_2007,rendi_2008,rendi_2009,rendi_2010,rendi_2011,rendi_2012,rendi_2013,rendi_2014,rendi_2015,rendi_2016,rendi_2017,rendi_2018
1715150,Novo Alegre,135-Novo Alegre,Outros,Menor impacto re,XVII,Sudeste,Regiao Sudeste,1993,200,1981,2274,1801,1848,1802,Portal do Sudeste-Assoc. Municipios do Sudeste,1ª CIPM - Arraias,1ª CIPM,Dianópolis,17008,2286,Dianópolis,139,Região Sudeste,200.105,Sem Região,Área-Programa Sudeste,X,banana,0,0,0,0,20,20,20,3,3,3,3,5,5,5,5,6,6,6,6,6,6,6,6,6,6,6,6,6,5,3,0,0,0,0,20,20,20,3,3,3,3,5,5,5,5,5,6,6,6,6,6,6,6,6,6,6,6,6,5,3,0,0,0,0,20,20,19,2,2,2,2,3,18,18,18,50,60,60,60,60,60,60,54,54,54,54,54,54,48,22,0,0,0,0,1000,1000,950,666,666,666,666,600,3600,3600,3600,10000,10000,10000,10000,10000,10000,10000,9000,9000,9000,9000,9000,9000,9600,7333
1715754,Palmeirópolis,129-Palmerópolis,Outros,Menor impacto re,XVI,Sudeste,Regiao Sudeste,1980,1704,7395,7068,8120,8366,8492,,4º BPM - Gurupi,4º BPM,Gurupi,17005,7342,Dianópolis,119,Região Sudeste,1703.936,Sem Região,Área-Programa Sul,IX,banana,222,182,200,140,90,80,75,98,60,60,60,50,40,50,54,25,26,28,30,32,33,40,100,90,15,24,26,20,26,28,200,160,160,140,90,80,75,98,60,60,60,50,40,50,54,25,26,28,30,32,33,40,100,90,15,24,26,20,26,28,160,125,114,53,59,52,46,42,42,42,39,32,279,348,368,163,170,182,198,208,225,280,830,720,121,192,221,70,80,85,800,781,712,378,655,650,613,428,700,700,650,640,6975,6960,6814,6520,6538,6500,6600,6500,6818,7000,8300,8000,8067,8000,8500,3500,3077,3036
1705557,Combinado,133-Combinado,Outros,Menor impacto re,XVII,Sudeste,Regiao Sudeste,1987,210,4915,4524,4878,5023,5070,Portal do Sudeste-Assoc. Municipios do Sudeste,1ª CIPM - Arraias,1ª CIPM,Dianópolis,17008,4669,Dianópolis,138,Região Sudeste,209.613,Sem Região,Área-Programa Sudeste,X,banana,15,25,20,20,20,25,25,15,15,15,15,15,15,15,15,10,5,10,10,10,10,10,10,10,10,10,10,10,8,8,10,20,20,20,20,15,25,15,15,15,15,15,15,15,15,5,5,10,10,10,10,10,10,10,10,10,10,10,8,8,10,20,18,16,20,15,24,8,8,8,8,8,65,65,65,50,50,100,100,100,100,100,100,100,100,100,100,100,84,58,1000,1000,900,800,1000,1000,960,533,533,533,533,533,4333,4333,4333,10000,10000,10000,10000,10000,10000,10000,10000,10000,10000,10000,10000,10000,10500,7250
1702000,Araguaçu,111-Araguaçu,Outros,Menor impacto re,XIV,,<Null>,1958,5168,9801,9346,8989,9244,9225,AMSUL-Associação  dos Municipios do Sul,4º BPM - Gurupi,4º BPM,Rio Formoso,17004,8789,Gurupi,107,Região Metropolitana de Gurupi,5167.886,Sem Região,Área-Programa  Sudoeste( Ilha do Bananal),VIII,banana,100,100,90,70,40,50,40,28,40,40,50,50,30,20,20,20,18,20,20,19,24,26,28,23,21,21,22,22,23,23,90,80,70,70,40,50,40,28,40,40,50,50,30,20,20,20,18,20,20,19,24,26,28,23,21,21,22,22,23,23,72,64,51,23,25,32,25,9,28,26,34,32,211,141,140,130,122,136,130,125,159,182,224,180,166,167,174,71,69,70,800,800,728,328,625,640,625,321,700,650,680,640,7033,7050,7000,6500,6777,6800,6500,6578,6625,7000,8000,7826,7905,7952,7909,3227,3000,3043
1711506,Jaú do Tocantins,118-Jaú do Tocantins,Outros,Menor impacto re,XIV,,<Null>,1993,2173,3437,3121,3789,3906,3983,AMSUL-Associação  dos Municipios do Sul,4º BPM - Gurupi,4º BPM,Gurupi,17005,3503,Gurupi,117,Região Metropolitana de Gurupi,2173.038,Sem Região,Área-Programa Sul,IX,banana,0,0,0,0,90,90,85,34,80,80,90,100,110,120,130,30,25,20,20,19,26,20,50,10,12,12,15,15,20,100,0,0,0,0,90,90,85,34,80,80,90,100,110,120,130,30,25,20,20,19,26,20,50,10,12,12,15,15,20,100,0,0,0,0,59,60,56,22,56,57,58,64,787,852,910,195,170,132,134,130,195,160,406,81,97,96,121,52,60,300,0,0,0,0,655,666,658,647,700,712,644,640,7154,7100,7000,6500,6800,6600,6700,6842,7500,8000,8120,8100,8083,8000,8067,3467,3000,3000
1720978,Talismã,122-Talismã,Outros,Menor impacto re,XIV,,<Null>,1997,2157,0,2306,2555,2632,2663,AMSUL-Associação  dos Municipios do Sul,4º BPM - Gurupi,4º BPM,Gurupi,17005,2562,Gurupi,116,Região Metropolitana de Gurupi,2156.892,Sem Região,Área-Programa Sul,IX,banana,0,0,0,0,0,0,0,0,10,20,30,25,20,20,22,15,20,15,20,20,24,22,20,15,12,12,14,14,15,15,0,0,0,0,0,0,0,0,10,20,30,25,20,20,22,15,20,15,20,20,24,22,20,15,12,12,14,14,15,15,0,0,0,0,0,0,0,0,7,13,20,17,150,151,165,105,132,98,130,136,168,165,150,114,95,95,110,42,45,44,0,0,0,0,0,0,0,0,700,650,666,680,7500,7550,7500,7000,6600,6533,6500,6800,7000,7500,7500,7600,7917,7917,7857,3000,3000,2933
1702406,Arraias,132-Arraias,Outros,Capital,XVII,Sudeste,Regiao Sudeste,1914,5787,11551,10984,10626,10928,10913,Portal do Sudeste-Assoc. Municipios do Sudeste,1ª CIPM - Arraias,1ª CIPM,Dianópolis,17008,10643,Dianópolis,135,Região Sudeste,5786.844,Serras Gerais,Área-Programa Sudeste,X,banana,40,30,40,40,20,20,20,23,23,23,23,23,23,23,23,25,25,0,25,25,25,25,25,25,25,25,25,25,24,25,30,30,40,40,20,20,12,23,23,23,23,23,23,23,23,25,25,0,25,25,25,25,25,25,25,25,25,25,24,25,30,30,37,32,20,20,11,8,8,8,8,8,60,60,60,250,250,0,250,250,250,250,250,225,225,225,225,225,240,226,1000,1000,925,800,1000,1000,916,347,347,347,347,347,2608,2608,2608,10000,10000,0,10000,10000,10000,10000,10000,9000,9000,9000,9000,9000,10000,9040
1720259,São Salvador do Tocantins,131-São Salvador do Tocantins,Outros,Menor impacto re,XVI,Sudeste,Regiao Sudeste,1993,1422,2229,2740,3012,3102,3136,,4º BPM - Gurupi,4º BPM,Gurupi,17005,2910,Dianópolis,118,Região Sudeste,1422.025,Sem Região,Área-Programa Sul,IX,banana,0,0,0,0,40,50,60,2,60,50,30,40,50,55,50,40,38,35,30,35,38,35,43,20,18,18,22,22,20,22,0,0,0,0,40,50,60,2,60,50,30,40,50,55,50,40,38,35,30,35,38,35,43,20,18,18,22,22,20,22,0,0,0,0,26,34,39,1,38,31,19,26,355,396,365,300,282,259,225,259,277,263,327,152,140,137,167,66,60,66,0,0,0,0,650,680,650,500,633,620,633,650,7100,7200,7300,7500,7421,7400,7500,7400,7289,7514,7605,7600,7778,7611,7591,3000,3000,3000
1700707,Alvorada,110-Alvorada,Outros,Menor impacto re,XIV,,<Null>,1963,1212,10219,8508,7976,8200,8161,AMSUL-Associação  dos Municipios do Sul,4º BPM - Gurupi,4º BPM,Gurupi,17005,8379,Gurupi,115,Região Metropolitana de Gurupi,1212.161,Sem Região,Área-Programa Sul,IX,banana,40,50,40,50,60,40,30,25,20,15,10,10,10,15,15,20,18,20,20,19,29,24,17,20,21,22,23,23,25,24,30,40,30,50,60,40,30,25,20,15,10,10,10,15,15,20,18,20,20,19,26,24,17,20,21,22,23,23,25,24,27,36,25,16,38,26,19,9,13,10,6,7,77,114,120,150,134,150,152,141,192,178,128,150,151,154,172,70,75,72,900,900,833,320,633,650,633,360,650,666,600,700,7700,7600,8000,7500,7444,7500,7600,7421,7384,7416,7529,7500,7190,7000,7478,3043,3000,3000
1720903,Taguatinga,139-Taguatinga,Outros,Capital,XVIII,Sudeste,Regiao Sudeste,1868,2437,13711,13169,14110,14528,14655,Portal do Sudeste-Assoc. Municipios do Sudeste,1ª CIPM - Arraias,1ª CIPM,Dianópolis,17008,15048,Dianópolis,134,Região Sudeste,2437.386,Serras Gerais,Área-Programa Sudeste,X,banana,35,30,50,50,50,45,45,23,23,23,23,23,20,20,20,20,20,20,20,20,20,20,20,20,20,20,30,30,15,20,20,30,50,50,40,40,35,23,23,23,23,23,20,20,20,20,20,20,20,20,20,20,20,20,20,20,30,30,15,20,20,30,46,33,40,40,35,11,11,12,12,12,80,80,80,200,200,200,200,200,200,200,200,200,200,200,300,300,145,159,1000,1000,920,660,1000,1000,1000,478,478,521,521,521,4000,4000,4000,10000,10000,10000,10000,10000,10000,10000,10000,10000,10000,10000,10000,10000,9667,7950
1718840,Sandolândia,120-Sandolândia,Javaés,Menor impacto re,XIV,,<Null>,1993,3529,3495,3332,3443,3543,3562,AMSUL-Associação  dos Municipios do Sul,4º BPM - Gurupi,4º BPM,Rio Formoso,17004,3326,Gurupi,106,Região Metropolitana de Gurupi,3528.609,Sem Região,Área-Programa  Sudoeste( Ilha do Bananal),VIII,banana,0,0,0,0,15,20,25,41,20,30,30,35,40,45,40,20,15,10,15,14,12,10,15,10,10,11,15,15,13,14,0,0,0,0,15,20,25,41,20,30,30,35,40,45,40,20,15,10,15,14,12,10,15,10,10,11,15,15,13,14,0,0,0,0,10,14,16,17,12,19,20,23,289,324,280,150,108,73,112,105,96,78,120,80,81,88,121,45,39,42,0,0,0,0,666,700,640,414,600,633,666,657,7225,7200,7000,7500,7200,7300,7466,7500,8000,7800,8000,8000,8100,8000,8067,3000,3000,3000
1716208,Paranã,130-Paranã,Outros,Menor impacto re,XVI,Sudeste,Regiao Sudeste,1857,11260,9270,10416,10491,10794,10824,Portal do Sudeste-Assoc. Municipios do Sudeste,1ª CIPM - Arraias,1ª CIPM,Dianópolis,17008,10316,Dianópolis,128,Região Sudeste,11260.151,Serras Gerais,Área-Programa Sudeste,X,banana,40,50,40,40,50,60,60,25,60,50,50,60,70,75,150,100,110,100,100,110,120,110,115,60,58,58,62,62,57,60,30,40,40,40,50,40,50,25,60,50,50,60,70,75,150,100,110,100,100,110,120,110,115,60,58,58,62,62,57,60,30,40,37,27,40,32,40,12,50,40,33,39,497,540,1080,700,759,680,700,748,840,825,920,474,435,441,471,186,171,180,1000,1000,925,675,800,800,800,480,833,800,660,650,7100,7200,7200,7000,6900,6800,7000,6800,7000,7500,8000,7900,7500,7603,7597,3000,3000,3000
1707652,Figueirópolis,115-Figueirópolis,Outros,Menor impacto re,XIV,,<Null>,1980,1930,6084,5562,4820,4950,4883,AMSUL-Associação  dos Municipios do Sul,4º BPM - Gurupi,4º BPM,Gurupi,17005,5340,Gurupi,114,Região Metropolitana de Gurupi,1930.064,Sem Região,Área-Programa Sul,IX,banana,108,90,90,70,40,40,20,12,20,25,20,30,40,45,40,30,25,20,20,25,25,18,15,10,10,9,10,10,15,13,80,70,70,70,40,40,20,12,20,25,20,30,40,45,40,30,25,20,20,25,20,18,15,10,10,9,10,10,15,13,50,44,45,25,28,26,12,3,12,15,14,19,279,310,270,195,170,138,140,180,150,133,113,75,80,73,80,35,45,39,625,628,642,357,700,650,600,250,600,600,700,633,6975,6888,6750,6500,6800,6900,7000,7200,7500,7388,7533,7500,8000,8111,8000,3500,3000,3000
1720937,Taipas do Tocantins,128-Taipas do Tocantins,Outros,Menor impacto re,XV,Sudeste,Regiao Sudeste,1993,1167,1722,1713,1916,1974,1999,Portal do Sudeste-Assoc. Municipios do Sudeste,2ª CIPM - Dianópolis,2ª CIPM,Dianópolis,17008,1945,Dianópolis,131,Região Sudeste,1116.195,Sem Região,Área-Programa Sudeste,X,banana,0,0,0,0,10,15,15,5,5,5,5,5,5,5,5,5,5,5,5,5,5,5,5,5,5,35,30,30,3,5,0,0,0,0,10,10,15,5,5,5,5,5,5,5,5,5,5,5,5,5,5,5,5,5,5,5,30,30,3,5,0,0,0,0,8,8,12,1,1,2,2,2,10,10,10,30,30,30,30,30,30,30,33,33,33,35,210,210,22,32,0,0,0,0,800,800,800,200,200,400,400,400,2000,2000,2000,6000,6000,6000,6000,6000,6000,6000,6600,6600,6600,7000,7000,7000,7333,6400
1720853,Sucupira,121-Sucupira,Outros,Menor impacto re,XIV,,<Null>,1993,1026,1303,1476,1667,1718,1741,AMSUL-Associação  dos Municipios do Sul,4º BPM - Gurupi,4º BPM,Gurupi,17005,1734,Gurupi,112,Região Metropolitana de Gurupi,1025.515,Sem Região,Área-Programa Sul,IX,banana,0,0,0,0,35,40,40,0,40,35,30,30,35,30,35,30,40,20,20,25,22,28,25,25,22,21,23,23,21,22,0,0,0,0,35,40,40,0,40,35,30,30,35,30,35,30,40,20,20,25,22,28,25,25,22,21,23,23,21,22,0,0,0,0,21,26,25,0,30,25,19,20,254,219,250,216,300,150,150,190,172,213,193,195,176,170,186,69,63,66,0,0,0,0,600,650,625,0,750,714,633,666,7257,7300,7142,7200,7500,7500,7500,7600,7818,7607,7720,7800,8000,8095,8087,3000,3000,3000
1705607,Conceição do Tocantins,134-Conceição do Tocantins,Outros,Menor impacto re,XVII,Sudeste,Regiao Sudeste,1963,2501,4393,4371,4402,4529,4541,Portal do Sudeste-Assoc. Municipios do Sudeste,2ª CIPM - Dianópolis,2ª CIPM,Dianópolis,17008,4182,Dianópolis,129,Região Sudeste,2500.733,Sem Região,Área-Programa Sudeste,X,banana,30,25,20,25,10,15,15,12,12,12,12,12,10,10,10,8,8,8,8,8,8,8,8,8,8,8,12,12,10,5,20,20,20,25,10,10,15,12,12,12,12,12,10,10,10,8,8,8,8,8,8,8,8,8,8,8,12,12,10,5,20,20,18,23,8,8,12,4,4,5,5,5,30,30,30,56,56,56,56,56,60,60,60,56,56,60,90,90,85,36,1000,1000,900,920,800,800,800,333,333,416,416,416,3000,3000,3000,7000,7000,7000,7000,7000,7500,7500,7500,7000,7000,7500,7500,7500,8500,7200
1703867,Cariri do Tocantins,112-Cariri do Tocantins,Outros,Menor impacto re,XIV,,<Null>,1993,1129,2473,2990,3562,3672,3738,AMSUL-Associação  dos Municipios do Sul,4º BPM - Gurupi,4º BPM,Gurupi,17005,3753,Gurupi,111,Região Metropolitana de Gurupi,1128.596,Sem Região,Área-Programa Sul,IX,banana,0,0,0,0,40,45,50,12,50,45,40,40,50,75,45,40,35,30,30,25,25,14,17,35,33,35,35,35,37,37,0,0,0,0,40,45,50,12,50,45,40,40,50,75,45,40,35,30,30,25,15,14,17,35,33,35,35,35,37,37,0,0,0,0,30,30,33,5,33,29,26,26,358,540,351,304,263,225,228,183,113,105,128,283,267,280,283,110,111,105,0,0,0,0,750,666,660,416,660,644,650,650,7160,7200,7800,7600,7514,7500,7600,7320,7533,7500,7529,8086,8091,8000,8086,3143,3000,2838
1708205,Formoso do Araguaia,116-Formoso do Araguaia,Javaés,Capital,XIV,,<Null>,1963,13423,18385,18817,18225,18743,18719,AMSUL-Associação  dos Municipios do Sul,4º BPM - Gurupi,4º BPM,Rio Formoso,17004,18251,Gurupi,104,Região Metropolitana de Gurupi,13423.256,Ilha do Bananal,Área-Programa  Sudoeste( Ilha do Bananal),VIII,banana,110,80,80,50,40,50,50,100,50,50,60,70,60,60,60,35,30,35,35,30,50,35,50,50,49,51,55,55,50,57,90,70,60,50,40,50,50,100,50,50,60,70,60,60,60,35,30,35,35,30,25,35,50,50,49,51,55,55,50,57,63,48,38,21,25,32,31,54,30,33,40,46,429,426,420,230,204,245,252,219,188,263,375,385,392,413,446,193,152,172,700,685,633,420,625,640,620,540,600,660,666,657,7150,7100,7000,6571,6800,7000,7200,7300,7520,7514,7500,7700,8000,8098,8109,3509,3040,3018
1716604,Peixe,119-Peixe,Outros,Menor impacto re,XIV,,<Null>,1895,5291,8740,8763,8750,9002,9018,AMSUL-Associação  dos Municipios do Sul,4º BPM - Gurupi,4º BPM,Gurupi,17005,10364,Gurupi,113,Região Metropolitana de Gurupi,5291.182,Ilha do Bananal,Área-Programa Sul,IX,banana,196,200,210,190,70,70,80,15,70,80,100,100,110,120,100,25,20,25,15,20,23,22,25,30,28,30,35,35,35,39,180,180,180,190,70,70,80,15,70,80,100,100,110,120,100,25,20,25,15,20,23,22,25,30,28,30,35,35,35,39,108,126,115,71,44,46,52,5,50,56,65,66,786,864,710,175,136,165,98,132,157,154,188,225,204,213,287,123,35,117,600,700,638,373,628,657,650,333,714,700,650,660,7145,7200,7100,7000,6800,6600,6533,6600,6826,7000,7520,7500,7286,7100,8200,3514,1000,3000
1709500,Gurupi,117-Gurupi,Outros,Capital,XIV,,<Null>,1958,1836,64725,65034,71413,73548,74357,,4º BPM - Gurupi,4º BPM,Gurupi,17005,76275,Gurupi,110,Região Metropolitana de Gurupi,1836.081,Ilha do Bananal,Área-Programa Sul,IX,banana,90,100,80,40,30,40,55,23,80,80,40,30,35,35,30,35,30,32,30,28,30,24,25,20,19,10,10,10,11,20,70,60,60,40,30,40,55,23,80,80,40,30,35,35,30,35,30,32,30,28,26,24,25,20,19,10,10,10,11,20,42,42,38,20,18,26,36,17,53,53,26,19,245,245,207,240,201,224,216,207,195,192,188,150,152,79,79,35,33,60,600,700,633,500,600,650,654,739,662,662,650,633,7000,7000,6900,6857,6700,7000,7200,7392,7500,8000,7520,7500,8000,7900,7900,3500,3000,3000
1718006,Porto Alegre do Tocantins,126-Porto Alegre do Tocantins,Outros,Menor impacto re,XV,Sudeste,Regiao Sudeste,1988,502,2463,2393,2830,2917,2968,Portal do Sudeste-Assoc. Municipios do Sudeste,2ª CIPM - Dianópolis,2ª CIPM,Dianópolis,17008,2794,Dianópolis,126,Região Sudeste,501.97,Sem Região,Área-Programa Sudeste,X,banana,10,15,10,10,35,35,35,27,27,27,27,27,25,25,25,20,15,20,15,15,15,15,15,15,15,15,8,8,5,8,5,10,10,10,10,35,35,27,27,27,27,27,25,25,25,15,15,15,15,15,15,15,15,15,15,15,8,8,5,8,5,10,9,6,8,28,28,10,10,10,10,10,70,70,70,105,105,105,105,105,105,105,120,120,120,120,64,64,42,63,1000,1000,900,600,800,800,800,370,370,370,370,370,2800,2800,2800,7000,7000,7000,7000,7000,7000,7000,8000,8000,8000,8000,8000,8000,8400,7875
1720499,São Valério da Natividade,107-São Valério da Natividade,Outros,Menor impacto re,XIII,Sudeste,Regiao Sudeste,1980,2520,4807,5054,4885,5024,5017,,4º BPM - Gurupi,4º BPM,Dianópolis,17008,4383,Dianópolis,120,Região Sudeste,2519.572,Sem Região,Área-Programa Sudeste,X,banana,150,145,170,120,130,110,100,123,80,70,170,180,185,180,220,90,100,90,90,95,180,170,140,100,60,62,66,66,60,50,130,130,140,120,130,110,100,123,80,70,170,180,185,180,220,90,100,90,90,95,140,170,140,100,60,62,66,66,60,50,160,200,192,40,81,70,62,65,50,44,108,113,1282,1242,1540,648,500,468,495,551,952,1190,1050,760,438,465,501,231,182,150,1231,1538,1371,333,623,636,620,528,625,628,635,627,6929,6900,7000,7200,5000,5200,5500,5800,6800,7000,7500,7600,7300,7500,7591,3500,3033,3000
1705102,Chapada da Natividade,103-Chapada da Natividade,Outros,Menor impacto re,XIII,Sudeste,Regiao Sudeste,1997,1671,0,3274,3680,3791,3840,Portal do Sudeste-Assoc. Municipios do Sudeste,2ª CIPM - Dianópolis,2ª CIPM,Dianópolis,17008,3276,Dianópolis,122,Região Sudeste,1671.256,Sem Região,Área-Programa Sudeste,X,banana,0,0,0,0,0,0,0,0,43,43,43,40,40,40,40,40,30,40,40,40,40,40,40,40,40,40,40,40,38,0,0,0,0,0,0,0,0,0,43,43,43,40,40,40,40,20,30,40,40,40,40,40,40,40,40,40,40,40,38,0,0,0,0,0,0,0,0,0,15,15,16,16,110,110,110,180,270,360,360,360,360,360,360,320,320,320,320,320,340,0,0,0,0,0,0,0,0,0,348,348,372,400,2750,2750,2750,9000,9000,9000,9000,9000,9000,9000,9000,8000,8000,8000,8000,8000,8947,0
1714203,Natividade,104-Natividade,Outros,Menor impacto re,XIII,Sudeste,Regiao Sudeste,1734,3216,11623,8867,9090,9355,9396,Portal do Sudeste-Assoc. Municipios do Sudeste,2ª CIPM - Dianópolis,2ª CIPM,Dianópolis,17008,9000,Dianópolis,124,Região Sudeste,3215.903,Serras Gerais,Área-Programa Sudeste,X,banana,220,205,180,180,225,225,225,103,60,60,60,50,45,45,45,40,25,40,25,30,30,30,30,30,30,30,40,40,37,37,180,180,180,180,205,225,135,103,60,60,60,50,45,45,45,20,25,25,25,30,30,30,30,30,30,30,40,40,37,37,220,220,201,120,180,196,120,33,20,20,21,19,160,160,160,160,200,200,200,240,300,300,300,300,300,300,400,400,370,360,1222,1222,1116,666,878,871,888,320,333,333,350,380,3555,3555,3555,8000,8000,8000,8000,8000,10000,10000,10000,10000,10000,10000,10000,10000,10000,9730
1718907,Santa Rosa do Tocantins,106-Santa Rosa do Tocantins,Outros,Menor impacto re,XIII,,Regiao Sudeste,1988,1796,3764,4316,4417,4545,4565,,5º BPM - Porto Nacional,5º BPM,Dianópolis,17008,4568,Dianópolis,121,Região Metropolitana de Palmas,1796.248,Sem Região,Área-Programa Sudeste,X,banana,100,90,100,80,75,65,58,10,19,22,24,22,20,15,15,15,5,5,5,10,10,10,10,13,5,0,0,0,4,1,80,90,100,80,75,65,58,10,19,22,24,22,20,15,15,5,5,5,5,10,10,10,10,10,5,0,0,0,4,1,120,135,91,73,105,91,81,3,13,13,14,13,94,70,70,70,70,23,23,46,46,46,60,60,26,0,0,0,12,6,1500,1500,910,912,1400,1400,1396,300,684,590,583,590,4700,4666,4666,14000,14000,4600,4600,4600,4600,4600,6000,6000,5200,0,0,0,3000,6000
1700350,Aliança do Tocantins,109-Aliança do Tocantins,Outros,Menor impacto re,XIV,,<Null>,1988,1580,7201,6177,5701,5860,5822,OMCO-Organização Municipios do Centro Oeste,4º BPM - Gurupi,4º BPM,Gurupi,17005,5651,Gurupi,109,Região Metropolitana de Gurupi,1579.742,Sem Região,Área-Programa Sul,IX,banana,60,60,70,0,50,50,65,27,30,45,40,40,40,45,38,35,40,45,40,35,35,26,20,20,19,17,35,35,37,37,40,50,50,0,50,50,65,27,30,45,40,40,40,45,38,35,40,45,40,35,32,26,20,20,19,17,35,35,37,37,24,30,27,0,31,32,42,8,20,30,26,25,289,325,266,230,264,306,260,238,224,195,160,162,152,153,317,115,113,111,600,600,540,0,620,640,646,296,666,666,650,625,7225,7222,7000,6571,6600,6800,6500,6800,7000,7500,8000,8100,8000,9000,9057,3286,3054,3000
1706258,Crixás do Tocantins,113-Crixás do Tocantins,Outros,Menor impacto re,XIV,,<Null>,1997,987,0,1384,1264,1299,1289,OMCO-Organização Municipios do Centro Oeste,4º BPM - Gurupi,4º BPM,Gurupi,17005,1566,Gurupi,108,Região Metropolitana de Gurupi,986.689,Sem Região,Área-Programa Sul,IX,banana,0,0,0,0,0,0,0,0,20,10,10,15,20,25,20,25,20,23,20,25,28,24,25,20,20,21,21,21,22,22,0,0,0,0,0,0,0,0,20,10,10,15,20,25,20,25,20,23,20,25,26,24,25,20,20,21,21,21,22,22,0,0,0,0,0,0,0,0,13,7,6,10,147,182,146,195,152,173,150,190,195,175,188,150,158,164,164,74,66,66,0,0,0,0,0,0,0,0,650,700,600,666,7350,7280,7300,7800,7600,7521,7500,7600,7500,7291,7520,7500,7900,7810,7810,3524,3000,3000
1707306,Dueré,114-Dueré,Javaés,Menor impacto re,XIV,,<Null>,1958,3425,4190,4565,4489,4617,4618,AMSUL-Associação  dos Municipios do Sul,4º BPM - Gurupi,4º BPM,Rio Formoso,17004,4588,Gurupi,105,Região Metropolitana de Gurupi,3424.836,Sem Região,Área-Programa  Sudoeste( Ilha do Bananal),VIII,banana,695,400,330,220,200,190,200,28,170,160,110,120,100,60,60,40,35,40,45,48,48,42,55,50,50,53,56,56,49,60,400,300,250,220,200,190,200,28,170,160,110,120,100,60,60,40,35,40,45,48,45,42,55,50,50,53,56,56,49,60,240,190,146,66,124,122,128,8,110,104,76,81,737,438,440,280,238,276,315,341,324,315,440,400,413,435,459,168,147,180,600,633,584,300,620,642,640,285,647,650,690,675,7370,7300,7333,7000,6800,6900,7000,7104,7200,7500,8000,8000,8260,8208,8196,3000,3000,3000
1700400,Almas,123-Almas,Outros,Menor impacto re,XV,Sudeste,Regiao Sudeste,1958,4021,7747,8474,7488,7692,7605,Portal do Sudeste-Assoc. Municipios do Sudeste,2ª CIPM - Dianópolis,2ª CIPM,Dianópolis,17008,7540,Dianópolis,125,Região Sudeste,4021.111,Serras Gerais,Área-Programa Sudeste,X,banana,20,20,20,20,30,30,30,82,82,82,82,82,77,77,77,40,30,40,40,40,40,40,40,40,40,40,40,40,7,8,15,20,20,20,20,30,30,82,82,82,82,82,77,77,77,20,30,40,40,40,40,40,40,40,40,40,40,40,7,8,15,20,18,13,18,27,27,38,38,40,40,40,265,265,265,200,300,400,400,400,400,400,400,360,360,360,360,360,70,75,1000,1000,900,650,900,900,900,463,463,487,487,487,3441,3441,3441,10000,10000,10000,10000,10000,10000,10000,10000,9000,9000,9000,9000,9000,10000,9375
1717008,Pindorama do Tocantins,105-Pindorama do Tocantins,Outros,Menor impacto re,XIII,Sudeste,Regiao Sudeste,1963,1559,4716,4685,4397,4521,4500,Portal do Sudeste-Assoc. Municipios do Sudeste,5º BPM - Porto Nacional,5º BPM,Dianópolis,17008,4506,Dianópolis,123,Região Sudeste,1559.08,Sem Região,Área-Programa Sudeste,X,banana,180,200,200,210,195,185,165,65,85,83,80,60,50,45,45,45,45,45,45,45,45,45,45,60,45,90,28,14,30,50,150,200,200,210,195,185,165,65,85,83,80,60,50,45,45,45,45,45,45,45,45,45,45,40,45,90,28,14,30,50,120,160,151,133,183,174,155,40,64,62,60,45,300,270,279,279,279,279,279,279,279,279,279,279,279,540,196,98,81,140,800,800,755,633,938,940,939,615,752,746,750,750,6000,6000,6200,6200,6200,6200,6200,6200,6200,6200,6200,6975,6200,6000,7000,7000,2700,2800
1709807,Ipueiras,66-Ipueiras do Tocantins,Outros,Menor impacto re,IX,,,,815,0,1166,1698,1754,1813,OMCO-Organização Municipios do Centro Oeste,5º BPM - Porto Nacional,5º BPM,Porto Nacional,17006,1639,Palmas,92,Região Metropolitana de Palmas,815.25,Serras e Lago,Área-Programa Central,VI,banana,0,0,0,0,0,0,0,0,20,22,19,17,17,17,17,17,17,17,17,17,17,17,17,27,15,0,0,30,0,30,0,0,0,0,0,0,0,0,20,22,19,17,17,17,17,17,17,17,17,17,17,10,17,20,15,0,0,30,0,30,0,0,0,0,0,0,0,0,14,15,13,12,120,120,120,120,120,120,120,120,120,120,153,153,135,0,0,210,0,260,0,0,0,0,0,0,0,0,700,681,684,705,7058,7058,7058,7058,7058,7058,7058,7058,7058,12000,9000,7650,9000,0,0,7000,0,8667
1720655,Silvanópolis,108-Silvanópolis,Outros,Menor impacto re,XIII,,<Null>,1988,1259,4974,4725,5098,5250,5299,,5º BPM - Porto Nacional,5º BPM,Porto Nacional,17006,5071,Dianópolis,93,Região Metropolitana de Palmas,1258.824,Sem Região,Área-Programa Central,VI,banana,232,242,200,160,130,120,105,25,20,21,16,11,17,17,10,10,10,10,10,10,20,20,20,25,18,0,0,0,13,11,220,230,200,160,130,120,105,25,20,21,16,11,10,17,10,10,10,10,10,10,20,20,20,20,18,0,0,0,13,11,264,270,183,146,131,121,106,12,14,15,11,8,65,111,65,65,65,65,65,65,130,130,130,130,117,0,0,0,156,53,1200,1173,915,912,1007,1008,1009,480,700,714,687,727,6500,6529,6500,6500,6500,6500,6500,6500,6500,6500,6500,6500,6500,0,0,0,12000,4818
1703701,Brejinho de Nazaré,64-Brejinho de Nazaré,Outros,Menor impacto re,IX,,<Null>,1958,1724,5932,4877,5295,5452,5506,OMCO-Organização Municipios do Centro Oeste,5º BPM - Porto Nacional,5º BPM,Gurupi,17005,5181,Palmas,90,Região Metropolitana de Palmas,1724.441,Serras e Lago,Área-Programa Central,VI,banana,510,480,430,420,390,360,335,12,101,99,49,89,89,89,85,85,85,85,85,100,100,100,100,150,80,0,0,0,6,6,490,430,430,420,390,360,335,12,70,90,49,89,89,89,85,85,85,85,85,100,100,100,100,110,80,0,0,0,6,6,580,520,411,350,325,300,279,4,58,72,39,71,710,710,678,678,678,678,678,797,797,797,797,797,638,0,0,0,60,60,1184,1209,955,833,833,833,832,333,828,800,795,797,7977,7977,7976,7976,7976,7976,7976,7970,7970,7970,7970,7245,7975,0,0,0,10000,10000
1718899,Santa Rita do Tocantins,94-Santa Rita Tocantins,Javaés,Menor impacto re,XI,,<Null>,1997,3275,0,1852,2260,2330,2377,OMCO-Organização Municipios do Centro Oeste,8º BPM - Paraíso,8º BPM,Gurupi,17005,2124,Paraíso do Tocantins,89,Região Metropolitana de Gurupi,3274.93,Sem Região,Área-Programa Central,VI,banana,0,0,0,0,0,0,0,0,70,72,67,65,65,65,65,65,65,65,65,65,65,65,65,90,60,0,0,0,0,0,0,0,0,0,0,0,0,0,70,70,67,65,65,65,65,65,65,65,65,65,65,65,65,60,60,0,0,0,0,0,0,0,0,0,0,0,0,0,56,56,53,51,408,408,408,408,408,408,408,408,408,408,408,408,377,0,0,0,0,0,0,0,0,0,0,0,0,0,800,800,791,784,6276,6276,6276,6276,6276,6276,6276,6276,6276,6276,6277,6800,6283,0,0,0,0,0
1707553,Fátima,65-Fátima,Outros,Menor impacto re,IX,,<Null>,1983,383,4219,3848,3984,4101,4123,OMCO-Organização Municipios do Centro Oeste,8º BPM - Paraíso,8º BPM,Rio Formoso,17004,3805,Palmas,88,Região Metropolitana de Palmas,382.908,Sem Região,Área-Programa Central,VI,banana,260,100,60,30,30,25,23,14,17,15,12,12,12,31,31,20,31,31,31,31,10,10,10,15,5,0,0,0,0,0,200,60,60,30,30,25,23,14,10,15,12,12,12,12,20,20,31,31,31,31,10,10,10,12,5,0,0,0,0,0,120,40,44,20,20,17,16,6,7,9,8,8,72,72,120,120,186,186,186,186,70,70,70,70,35,0,0,0,0,0,600,666,733,666,666,680,695,428,700,600,666,666,6000,6000,6000,6000,6000,6000,6000,6000,7000,7000,7000,5833,7000,0,0,0,0,0
1715507,Oliveira de Fátima,70-Oliveira de Fátima,Outros,Menor impacto re,IX,,<Null>,1997,206,0,958,1081,1114,1129,OMCO-Organização Municipios do Centro Oeste,8º BPM - Paraíso,8º BPM,Rio Formoso,17004,1035,Palmas,87,Região Metropolitana de Palmas,205.849,Sem Região,Área-Programa Central,VI,banana,0,0,0,0,0,0,0,0,7,9,7,9,9,10,10,9,10,20,20,58,30,30,30,37,20,0,0,0,0,1,0,0,0,0,0,0,0,0,7,8,7,9,9,9,9,9,10,20,20,58,30,30,30,25,20,0,0,0,0,1,0,0,0,0,0,0,0,0,5,6,5,6,54,54,54,54,60,120,120,348,180,180,180,180,120,0,0,0,0,3,0,0,0,0,0,0,0,0,714,750,714,666,6000,6000,6000,6000,6000,6000,6000,6000,6000,6000,6000,7200,6000,0,0,0,0,3000
1711902,Lagoa da Confusão,87-Lagoa da Confusão,Javaés,Menor impacto re,XI,,<Null>,1993,10565,4956,6168,8220,8481,8711,OMCO-Organização Municipios do Centro Oeste,8º BPM - Paraíso,8º BPM,Rio Formoso,17004,9971,Paraíso do Tocantins,102,Região Metropolitana de Gurupi,10564.512,Ilha do Bananal,Área-Programa  Sudoeste( Ilha do Bananal),VIII,banana,0,0,0,0,40,37,38,25,39,42,32,32,45,45,30,30,30,30,30,45,45,45,45,30,0,0,0,0,4,0,0,0,0,0,40,37,38,25,39,40,32,32,30,30,30,30,30,30,30,45,45,45,45,30,0,0,0,0,4,0,0,0,0,0,19,17,18,13,18,19,15,15,140,140,150,150,150,150,150,225,225,225,248,180,0,0,0,0,45,0,0,0,0,0,475,459,473,520,461,475,468,468,4666,4666,5000,5000,5000,5000,5000,5000,5000,5000,5511,6000,0,0,0,0,11250,0
1706100,Cristalândia,85-Cristalândia,Javaés,Menor impacto re,XI,,<Null>,1953,1848,8670,7318,6520,6698,6628,OMCO-Organização Municipios do Centro Oeste,8º BPM - Paraíso,8º BPM,Rio Formoso,17004,7165,Paraíso do Tocantins,103,Região Metropolitana de Gurupi,1848.231,Sem Região,Área-Programa  Sudoeste( Ilha do Bananal),VIII,banana,100,200,150,135,80,70,63,48,50,51,31,31,36,31,26,26,26,26,26,26,26,26,15,10,0,0,0,5,5,5,80,150,150,135,80,70,63,48,40,50,31,31,31,31,26,26,26,26,26,26,26,26,15,10,0,0,0,5,5,5,48,100,114,63,37,35,31,16,20,25,16,16,217,217,182,182,82,182,182,182,182,182,105,56,0,0,0,50,62,53,600,666,760,466,462,500,492,333,500,500,516,516,7000,7000,7000,7000,3153,7000,7000,7000,7000,7000,7000,5600,0,0,0,10000,12400,10600
1715002,Nova Rosalândia,90-Nova Rosalândia,Outros,Menor impacto re,XI,,<Null>,1988,489,3591,3190,3772,3888,3956,OMCO-Organização Municipios do Centro Oeste,8º BPM - Paraíso,8º BPM,Rio Formoso,17004,3770,Paraíso do Tocantins,79,Região Metropolitana de Gurupi,488.636,Sem Região,Área-Programa Centro-Oeste,V,banana,130,126,111,110,102,90,82,20,21,23,15,15,15,15,15,0,15,15,15,15,15,15,10,15,0,0,0,10,10,5,130,120,111,10,102,90,82,20,21,20,15,15,15,15,15,0,15,15,15,15,15,15,10,15,0,0,0,10,10,5,104,90,104,7,67,60,55,8,14,14,10,10,90,90,90,0,90,90,90,90,90,90,60,90,0,0,0,100,97,49,800,750,936,700,656,666,670,400,666,700,666,666,6000,6000,6000,0,6000,6000,6000,6000,6000,6000,6000,6000,0,0,0,10000,9700,9800
1717909,Ponte Alta do Tocantins,99-Ponte Alta do Tocantins,Outros,Menor impacto re,XII,Jalapão,Regiao Jalapao_Sede,1958,6491,6579,6172,6569,6763,6818,Portal do Sudeste-Assoc. Municipios do Sudeste,5º BPM - Porto Nacional,5º BPM,Jalapão,17007,7180,Ponte Alta do Tocantins,100,Região do Jalapão,6491.089,Encantos do Jalapão,Área-Programa leste( Jalapão),VII,banana,275,260,180,155,150,140,130,70,110,115,112,110,116,110,105,105,105,105,105,75,75,75,75,100,72,600,0,0,0,50,265,245,180,155,150,140,130,70,110,115,112,110,108,102,105,105,105,105,105,75,50,50,75,80,72,600,0,0,0,50,210,200,119,125,121,113,105,39,88,92,90,88,778,735,757,757,757,757,757,540,360,360,540,540,518,3600,0,0,0,100,792,816,661,806,806,807,807,557,800,800,803,800,7203,7205,7209,7209,7209,7209,7209,7200,7200,7200,7200,6750,7194,6000,0,0,0,2000
1718451,Pugmil,93-Pugmil,Outros,Menor impacto re,XI,,<Null>,1997,402,0,1989,2165,2230,2252,OMCO-Organização Municipios do Centro Oeste,8º BPM - Paraíso,8º BPM,Rio Formoso,17004,2365,Paraíso do Tocantins,78,Região Metropolitana de Palmas,401.689,Sem Região,Área-Programa Centro-Oeste,V,banana,0,0,0,0,0,0,0,0,20,22,19,20,20,20,20,20,20,20,20,20,20,20,20,10,5,0,0,20,20,20,0,0,0,0,0,0,0,0,20,20,19,20,20,20,20,20,20,20,20,20,20,20,20,10,5,0,0,20,20,20,0,0,0,0,0,0,0,0,14,14,13,14,126,126,126,126,126,126,126,126,126,126,126,62,40,0,0,200,196,196,0,0,0,0,0,0,0,0,700,700,684,700,6300,6300,6300,6300,6300,6300,6300,6300,6300,6300,6300,6200,8000,0,0,10000,9800,9800
1713601,Monte do Carmo,69-Monte do Carmo,Outros,Menor impacto re,IX,,<Null>,1963,3617,5979,5193,6387,6586,6723,,5º BPM - Porto Nacional,5º BPM,Porto Nacional,17006,6708,Palmas,91,Região Metropolitana de Palmas,3616.655,Serras e Lago,Área-Programa Central,VI,banana,275,265,200,200,170,150,130,35,105,110,110,110,185,105,105,105,105,105,0,105,105,105,100,125,70,0,0,0,0,50,260,245,200,200,170,150,130,35,105,110,110,110,105,105,105,105,105,105,0,105,105,105,100,100,70,0,0,0,0,50,300,290,188,188,175,155,134,33,78,82,82,82,704,704,704,704,704,704,0,704,704,704,671,671,469,0,0,0,0,350,1154,1183,940,940,1029,1033,1030,942,742,745,745,745,6704,6704,6704,6704,6704,6704,0,6704,6704,6704,6710,6710,6700,0,0,0,0,7000
1719004,Santa Tereza do Tocantins,101-Santa Tereza do Tocantins,Outros,Menor impacto re,XII,Jalapão,Regiao Jalapao,1988,540,2155,2114,2297,2366,2390,,6º BPM - Palmas - Região Sul (Taquaralto),6º BPM,Jalapão,17007,2523,Ponte Alta do Tocantins,98,Região do Jalapão,539.908,Sem Região,Área-Programa leste( Jalapão),VII,banana,240,225,175,115,65,65,62,230,57,59,58,56,57,57,57,57,57,57,57,57,57,57,57,80,58,20,0,0,0,0,240,200,175,115,65,65,62,230,57,57,58,56,54,54,57,57,57,57,57,57,57,57,57,60,58,20,0,0,0,0,200,160,160,85,49,49,46,283,40,40,40,39,300,300,331,331,331,331,331,331,331,331,331,331,337,120,0,0,0,0,833,800,914,739,753,753,741,1230,701,701,689,696,5555,5555,5807,5807,5807,5807,5807,5807,5807,5807,5807,5517,5810,6000,0,0,0,0
1711951,Lagoa do Tocantins,95-Lagoa do Tocantins,Outros,Menor impacto re,XII,Jalapão,Regiao Jalapao,1993,911,2618,2530,3179,3278,3352,,6º BPM - Palmas - Região Sul (Taquaralto),6º BPM,Jalapão,17007,3525,Ponte Alta do Tocantins,99,Região do Jalapão,911.336,Sem Região,Área-Programa leste( Jalapão),VII,banana,0,0,0,0,15,15,13,9,17,18,18,18,16,20,20,16,20,20,20,20,20,20,20,35,20,0,0,0,0,1,0,0,0,0,15,15,13,9,17,17,18,18,16,16,16,16,20,20,20,20,20,20,20,25,20,0,0,0,0,1,0,0,0,0,11,11,10,3,11,11,12,12,85,85,93,93,93,116,116,116,116,116,116,127,116,0,0,0,0,6,0,0,0,0,733,733,769,333,647,647,666,666,5312,5312,5812,5812,4650,5800,5800,5800,5800,5800,5800,5080,5800,0,0,0,0,6000
1716109,Paraíso do Tocantins,91-Paraíso do Tocantins,Outros,Capital,XI,,<Null>,1963,1297,34251,36130,40290,41500,42015,,8º BPM - Paraíso,8º BPM,Rio Formoso,17004,44081,Paraíso do Tocantins,77,Região Metropolitana de Palmas,1297.018,Serras e Lago,Área-Programa Centro-Oeste,V,banana,120,210,170,160,130,140,170,77,55,59,40,35,25,0,20,20,20,20,20,80,90,90,90,70,5,0,0,0,7,13,100,150,170,160,130,140,170,77,35,20,30,25,25,0,20,20,20,20,20,80,80,90,90,70,5,0,0,0,7,13,60,100,110,104,91,98,120,48,24,28,21,18,135,0,108,108,108,108,100,400,400,450,495,406,40,0,0,0,32,65,600,666,647,650,700,700,705,623,685,1400,700,720,5400,0,5400,5400,5400,5400,5000,5000,5000,5000,5500,5800,8000,0,0,0,4571,5000
1718204,Porto Nacional,72-Porto Nacional,Outros,Capital,IX,,<Null>,1861,4450,43365,44991,45289,46598,46722,,5º BPM - Porto Nacional,5º BPM,Porto Nacional,17006,49012,Palmas,86,Região Metropolitana de Palmas,4449.892,Serras e Lago,Área-Programa Central,VI,banana,2600,2680,2180,1830,1530,1285,1065,460,100,135,135,125,125,125,62,62,62,62,62,82,82,82,82,110,99,65,45,40,160,90,2350,2600,2180,1830,1530,1285,1065,460,100,135,135,125,125,125,62,62,62,62,62,82,82,82,82,80,99,65,45,40,160,90,2820,3120,1746,1601,1340,1125,933,163,70,95,108,100,900,900,930,930,930,930,930,1230,1230,1230,984,984,1080,780,900,480,1760,253,1200,1200,800,874,875,875,876,354,700,703,800,800,7200,7200,15000,15000,15000,15000,15000,15000,15000,15000,12000,12300,10909,12000,20000,12000,11000,2811
1704600,Chapada de Areia,84-Chapada de Areia,Javaés,Menor impacto re,XI,,<Null>,1997,659,0,1270,1239,1274,1273,MESOESTE-Associação Municipios do Meio Oeste,8º BPM - Paraíso,8º BPM,Rio Formoso,17004,1335,Paraíso do Tocantins,74,Região do Cantão,659.244,Sem Região,Área-Programa Centro-Oeste,V,banana,0,0,0,0,0,0,0,0,150,150,140,130,80,100,80,60,50,50,0,20,25,20,15,10,0,0,0,0,8,4,0,0,0,0,0,0,0,0,150,120,100,100,80,80,80,60,50,50,0,20,20,20,15,10,0,0,0,0,8,4,0,0,0,0,0,0,0,0,90,72,60,60,408,408,408,306,255,255,0,100,100,120,90,60,0,0,0,0,98,43,0,0,0,0,0,0,0,0,600,600,600,600,5100,5100,5100,5100,5100,5100,0,5000,5000,6000,6000,6000,0,0,0,0,12250,10750
1721000,Palmas,71-Palmas,Outros,Capital,IX,,<Null>,1989,2219,86116,137355,178386,184010,188645,,1º BPM - Palmas - Região Norte e Central,1º BPM,Porto Nacional,17006,223817,Palmas,85,Região Metropolitana de Palmas,2218.934,Serras e Lago,Área-Programa Central,VI,banana,160,130,110,90,95,95,100,86,100,100,120,130,130,166,150,200,160,160,80,80,0,50,60,55,0,0,4,4,9,12,160,110,110,90,95,95,100,86,100,100,120,130,130,140,130,160,120,120,50,50,0,50,60,55,0,0,4,4,9,12,180,130,97,86,91,91,90,13,90,90,108,117,936,1008,936,1152,960,960,300,300,0,300,360,330,0,0,43,29,2,115,1125,1181,881,955,957,957,900,151,900,900,900,900,7200,7200,7200,7200,8000,8000,6000,6000,0,6000,6000,6000,0,0,10750,7250,222,9583
1715101,Novo Acordo,98-Novo Acordo,Outros,Menor impacto re,XII,Jalapão,Regiao Jalapao,1958,2675,2963,3057,3754,3870,3950,,6º BPM - Palmas - Região Sul (Taquaralto),6º BPM,Jalapão,17007,3762,Ponte Alta do Tocantins,96,Região do Jalapão,2671.882,Encantos do Jalapão,Área-Programa leste( Jalapão),VII,banana,100,95,75,65,40,35,30,6,26,28,28,28,30,30,30,0,20,20,20,20,20,20,20,25,18,0,0,0,40,40,100,90,75,65,40,35,30,6,26,26,28,28,28,30,30,0,20,20,20,20,20,20,20,18,18,0,0,0,40,40,82,70,69,60,36,32,27,2,18,18,18,18,162,174,183,0,122,122,122,122,122,122,122,122,110,0,0,0,260,252,820,777,920,923,900,914,900,333,692,692,642,642,5785,5800,6100,0,6100,6100,6100,6100,6100,6100,6100,6778,6111,0,0,0,6500,6300
1720150,São Félix do Tocantins,102-São Félix do Tocantins,Outros,Menor impacto re,XII,Jalapão,Regiao Jalapao,1993,1909,1155,1269,1409,1451,1468,,6ª CIPM - Miracema do Tocantins,6ª CIPM,Jalapão,17007,1445,Ponte Alta do Tocantins,97,Região do Jalapão,1908.669,Encantos do Jalapão,Área-Programa leste( Jalapão),VII,banana,0,0,0,0,5,5,4,0,6,7,6,5,5,5,5,5,5,5,5,5,5,5,5,8,4,0,0,0,0,0,0,0,0,0,5,5,4,0,6,6,6,5,5,5,5,5,5,5,5,5,5,5,5,5,4,0,0,0,0,0,0,0,0,0,2,2,2,0,2,2,2,2,16,16,24,24,24,24,24,24,24,24,30,30,21,0,0,0,0,0,0,0,0,0,400,400,500,0,333,333,333,400,3200,3200,4800,4800,4800,4800,4800,4800,4800,4800,6000,6000,5250,0,0,0,0,0
1713700,Monte Santo do Tocantins,89-Monte Santo,Outros,Menor impacto re,XI,,<Null>,1997,1092,0,1869,1858,1911,1914,MESOESTE-Associação Municipios do Meio Oeste,8º BPM - Paraíso,8º BPM,Miracema do Tocantins,17003,2085,Paraíso do Tocantins,75,Região do Cantão,1091.548,Sem Região,Área-Programa Centro-Oeste,V,banana,0,0,0,0,0,0,0,0,120,120,100,80,40,80,40,50,50,50,50,50,60,40,30,20,0,0,0,30,30,30,0,0,0,0,0,0,0,0,90,90,60,50,40,40,40,50,50,50,50,50,50,40,30,20,0,0,0,30,30,30,0,0,0,0,0,0,0,0,54,54,36,30,216,216,216,270,270,270,250,250,250,200,165,116,0,0,0,360,358,358,0,0,0,0,0,0,0,0,600,600,600,600,5400,5400,5400,5400,5400,5400,5000,5000,5000,5000,5500,5800,0,0,0,12000,11933,11933
1701101,Aparecida do Rio Negro,63-Aparecida do Rio Negro,Outros,Menor impacto re,IX,,<Null>,1987,1160,3646,3517,4018,4140,4200,,6º BPM - Palmas - Região Sul (Taquaralto),6º BPM,Porto Nacional,17006,4207,Palmas,84,Região Metropolitana de Palmas,1160.363,Sem Região,Área-Programa Central,VI,banana,320,300,280,200,210,190,170,80,140,120,110,105,110,110,100,100,50,50,50,30,30,30,30,44,30,0,0,0,0,350,220,250,200,200,180,160,150,80,110,120,110,105,100,100,100,100,50,50,50,30,30,30,30,30,30,0,0,0,0,350,190,220,161,80,63,56,53,36,58,63,58,55,472,472,500,500,250,250,250,150,150,150,180,180,153,0,0,0,0,2275,864,880,805,400,350,350,353,450,527,525,527,523,4720,4720,5000,5000,5000,5000,5000,5000,5000,5000,6000,6000,5100,0,0,0,0,6500
1703107,Barrolândia,82-Barrolândia,Outros,Menor impacto re,XI,,<Null>,1988,713,5477,5082,5155,5304,5322,,8º BPM - Paraíso,8º BPM,Miracema do Tocantins,17003,5317,Paraíso do Tocantins,76,Região Metropolitana de Palmas,713.297,Sem Região,Área-Programa Centro-Oeste,V,banana,740,560,540,300,400,360,320,114,190,170,140,130,80,120,80,80,80,60,50,50,90,50,50,40,46,0,0,0,57,57,460,420,370,300,290,260,250,114,140,130,100,100,80,80,80,80,80,60,50,50,50,50,50,40,46,0,0,0,57,57,368,336,271,128,108,96,93,70,84,78,60,60,432,432,432,432,432,324,270,270,270,300,300,240,368,0,0,0,331,331,800,800,732,426,372,369,372,614,600,600,600,600,5400,5400,5400,5400,5400,5400,5400,5400,5400,6000,6000,6000,8000,0,0,0,5807,5807
1712009,Lajeado,67-Lajeado,Outros,Menor impacto re,IX,,<Null>,1993,322,1397,2344,2159,2219,2204,,6ª CIPM - Miracema do Tocantins,6ª CIPM,Porto Nacional,17006,2773,Palmas,83,Região Metropolitana de Palmas,322.481,Serras e Lago,Área-Programa Central,VI,banana,0,0,0,0,30,35,35,47,35,35,30,30,20,30,20,20,20,20,20,8,10,12,8,5,10,10,60,60,60,10,0,0,0,0,25,25,25,47,25,20,20,20,20,20,20,20,20,20,20,8,8,10,8,5,10,10,60,60,60,10,0,0,0,0,9,9,9,30,10,8,8,8,68,68,68,68,68,68,68,28,28,60,48,33,60,60,360,360,360,17,0,0,0,0,360,360,360,638,400,400,400,400,3400,3400,3400,3400,3400,3400,3400,3500,3500,6000,6000,6600,6000,6000,6000,6000,6000,1700
1712504,Marianópolis do Tocantins,88-Marianópolis do Tocantins,Outros,Menor impacto re,XI,,<Null>,1987,2091,2605,3332,4473,4616,4743,MESOESTE-Associação Municipios do Meio Oeste,8º BPM - Paraíso,8º BPM,Miracema do Tocantins,17003,4352,Paraíso do Tocantins,72,Região do Cantão,2091.364,Sem Região,Área-Programa Centro-Oeste,V,banana,460,250,260,70,110,90,70,61,50,40,40,30,20,40,15,15,15,15,15,15,20,10,10,8,15,0,0,10,4,4,200,150,100,70,50,50,50,61,30,20,20,20,20,15,15,15,15,15,15,15,15,10,10,8,15,0,0,10,4,4,160,120,80,33,17,17,17,22,15,10,10,10,80,60,60,60,60,60,60,60,60,60,60,48,120,0,0,120,41,41,800,800,800,471,340,340,340,360,500,500,500,500,4000,4000,4000,4000,4000,4000,4000,4000,4000,6000,6000,6000,8000,0,0,12000,10250,10250
1713205,Miracema do Tocantins,68-Miracema do Tocantins,Outros,Capital,IX,,<Null>,1948,2656,17483,24444,19683,20194,19740,,6ª CIPM - Miracema do Tocantins,6ª CIPM,Miracema do Tocantins,17003,20567,Palmas,81,Região Metropolitana de Palmas,2656.078,Sem Região,Área-Programa Central,VI,banana,1180,850,700,450,520,410,350,93,250,180,100,100,50,100,50,50,50,50,40,100,180,260,120,100,80,80,150,150,74,450,740,550,450,450,320,270,200,93,120,80,70,60,50,50,50,50,50,50,40,100,100,140,120,100,80,80,150,150,74,450,592,440,329,193,120,103,76,46,60,40,35,30,250,250,250,250,250,250,200,500,500,840,720,720,480,480,900,900,578,2700,800,800,731,428,375,381,380,494,500,500,500,500,5000,5000,5000,5000,5000,5000,5000,5000,5000,6000,6000,7200,6000,6000,6000,6000,7811,6000
1707108,Divinópolis do Tocantins,86-Divinópolis do Tocantins,Outros,Menor impacto re,XI,,<Null>,1987,2347,6476,5776,6359,6549,6623,MESOESTE-Associação Municipios do Meio Oeste,8º BPM - Paraíso,8º BPM,Miracema do Tocantins,17003,6363,Paraíso do Tocantins,73,Região do Cantão,2347.421,Sem Região,Área-Programa Centro-Oeste,V,banana,590,440,340,150,210,210,190,38,110,100,90,70,40,70,70,40,40,50,50,15,15,10,5,5,4,0,0,10,20,20,300,300,200,150,150,150,140,38,80,70,70,50,40,40,40,40,40,50,50,15,15,10,5,5,4,0,0,10,20,20,240,240,128,60,52,52,49,35,40,35,35,25,180,180,180,180,180,255,250,75,75,60,30,30,32,0,0,120,200,240,800,800,640,400,346,346,350,921,500,500,500,500,4500,4500,4500,4500,4500,5100,5000,5000,5000,6000,6000,6000,8000,0,0,12000,10000,12000
1721109,Tocantínia,73-Tocantínia,Outros,Menor impacto re,IX,,<Null>,1953,2602,5169,5788,6663,6866,6971,,6ª CIPM - Miracema do Tocantins,6ª CIPM,Porto Nacional,17006,6598,Palmas,82,Região Metropolitana de Palmas,2601.587,Sem Região,Área-Programa Central,VI,banana,100,90,70,60,40,45,45,10,35,35,30,35,20,35,20,20,20,20,20,20,30,30,10,8,20,20,10,10,3,10,100,70,60,60,40,35,35,10,25,20,20,20,20,20,20,20,20,20,20,20,20,20,10,8,20,20,10,10,3,10,86,60,44,30,15,13,13,5,10,8,10,10,90,90,90,90,90,90,90,90,90,120,60,48,120,120,60,60,36,60,860,857,733,500,375,371,371,500,400,400,500,500,4500,4500,4500,4500,4500,4500,4500,4500,4500,6000,6000,6000,6000,6000,6000,6000,12000,6000
1718758,Rio Sono,100-Rio Sono,Outros,Menor impacto re,XII,Jalapão,Regiao Jalapao,1982,6357,6531,6089,6167,6345,6366,,3º BPM - Pedro Afonso,3º BPM,Jalapão,17007,6148,Ponte Alta do Tocantins,94,Região do Jalapão,6357.117,Sem Região,Área-Programa leste( Jalapão),VII,banana,290,270,230,160,190,170,150,24,120,110,30,30,20,35,20,20,20,20,15,15,30,30,20,15,10,10,10,10,1,20,240,230,180,160,150,150,130,24,90,20,20,20,20,20,20,20,20,20,15,15,15,15,20,15,10,10,10,10,1,20,210,190,144,89,52,52,46,8,32,8,10,10,85,85,85,85,85,85,60,60,60,90,120,90,60,60,60,60,10,120,875,826,800,556,346,346,353,333,355,400,500,500,4250,4250,4250,4250,4250,4250,4000,4000,4000,6000,6000,6000,6000,6000,6000,6000,10000,6000
1717503,Pium,92-Pium,Javaés,Menor impacto re,XI,,<Null>,1953,10013,6733,5540,6403,6598,6701,MESOESTE-Associação Municipios do Meio Oeste,8º BPM - Paraíso,8º BPM,Rio Formoso,17004,6584,Paraíso do Tocantins,71,Região do Cantão,10012.666,Lagos e Praias do Cantão,Área-Programa Centro-Oeste,V,banana,1300,1200,1000,850,750,795,670,236,565,570,505,305,215,202,130,130,130,130,130,50,50,50,50,35,8,0,0,0,13,0,1100,1000,1000,850,750,795,670,236,415,570,505,305,205,160,130,130,130,130,130,50,50,50,50,35,8,0,0,0,13,0,770,680,878,510,450,477,402,99,249,342,303,183,1476,1152,936,936,936,936,936,360,360,360,350,252,48,0,0,0,143,0,700,680,878,600,600,600,600,419,600,600,600,600,7200,7200,7200,7200,7200,7200,7200,7200,7200,7200,7000,7200,6000,0,0,0,11000,0
1713304,Miranorte,60-Miranorte,Outros,Menor impacto re,VIII,,<Null>,1963,1032,10774,11802,11858,12200,12231,,6ª CIPM - Miracema do Tocantins,6ª CIPM,Miracema do Tocantins,17003,12583,Guaraí,70,Região Metropolitana de Palmas,1031.616,Sem Região,Área-Programa Centro-Oeste,V,banana,1550,1250,1220,800,1020,940,800,183,580,460,290,220,160,210,160,100,100,100,100,40,70,70,35,35,30,30,30,30,15,30,1100,950,800,800,700,700,600,183,400,250,200,180,160,160,160,100,100,100,100,40,40,40,35,35,30,30,30,30,15,30,880,760,585,342,262,262,220,122,240,150,120,108,864,864,864,540,540,540,500,200,200,240,210,228,159,159,180,180,4,480,800,800,731,427,374,374,366,666,600,600,600,600,5400,5400,5400,5400,5400,5400,5000,5000,5000,6000,6000,6514,5300,5300,6000,6000,267,16000
1700251,Abreulândia,81-Abreulândia,Outros,Menor impacto re,XI,,<Null>,1993,1895,1957,2189,2245,2310,2321,MESOESTE-Associação Municipios do Meio Oeste,8º BPM - Paraíso,8º BPM,Miracema do Tocantins,17003,2383,Paraíso do Tocantins,69,Região do Cantão,1895.201,Sem Região,Área-Programa Centro-Oeste,V,banana,0,0,0,0,110,80,70,93,50,50,40,40,20,40,20,20,20,10,10,10,15,10,10,5,2,0,0,5,50,50,0,0,0,0,90,70,60,93,40,30,20,20,20,20,20,20,20,10,10,10,10,10,10,5,2,0,0,5,50,50,0,0,0,0,31,23,20,24,20,15,10,10,80,80,80,80,80,40,40,40,40,60,60,30,16,0,0,60,600,600,0,0,0,0,344,328,333,258,500,500,500,500,4000,4000,4000,4000,4000,4000,4000,4000,4000,6000,6000,6000,8000,0,0,12000,12000,12000
1703909,Caseara,83-Caseara,Outros,Menor impacto re,XI,,<Null>,1987,1692,3625,3660,4667,4813,4927,MESOESTE-Associação Municipios do Meio Oeste,8º BPM - Paraíso,8º BPM,Miracema do Tocantins,17003,4601,Paraíso do Tocantins,68,Região do Cantão,1691.612,Lagos e Praias do Cantão,Área-Programa Centro-Oeste,V,banana,545,300,325,170,225,205,180,21,160,130,50,40,30,50,30,20,20,10,10,10,10,10,10,7,35,0,0,0,0,0,275,200,200,170,150,140,140,21,120,40,30,30,30,30,30,20,20,10,10,10,10,10,10,7,35,0,0,0,0,0,220,160,143,68,52,49,49,7,60,20,15,15,120,120,120,80,80,40,40,40,40,60,60,42,315,0,0,0,0,0,800,800,715,400,346,350,350,333,500,500,500,500,4000,4000,4000,4000,4000,4000,4000,4000,4000,6000,6000,6000,9000,0,0,0,0,0
1718709,Rio dos Bois,61-Rio dos Bois,Outros,Menor impacto re,VIII,,<Null>,1993,845,2042,2269,2092,2150,2136,,6ª CIPM - Miracema do Tocantins,6ª CIPM,Miracema do Tocantins,17003,2570,Guaraí,80,Região Metropolitana de Palmas,845.062,Sem Região,Área-Programa Central,VI,banana,0,0,0,0,30,30,30,16,30,30,25,20,15,0,15,15,15,15,15,15,25,25,15,8,0,0,0,0,0,0,0,0,0,0,20,20,20,16,20,30,15,15,15,0,15,15,15,15,15,15,15,15,15,8,0,0,0,0,0,0,0,0,0,0,7,7,7,18,10,18,9,9,72,0,72,72,72,72,60,60,60,90,105,48,0,0,0,0,0,0,0,0,0,0,350,350,350,1125,500,600,600,600,4800,0,4800,4800,4800,4800,4000,4000,4000,6000,7000,6000,0,0,0,0,0,0
1716505,Pedro Afonso,78-Pedro Afonso,Outros,Capital,X,,Regiao Nordeste_Sede,1903,2011,8648,9028,10294,10605,10758,,3º BPM - Pedro Afonso,3º BPM,Porto Nacional,17006,11510,Guaraí,65,Região Nordeste,2010.892,Sem Região,Área-Programa Nordeste,IV,banana,10,20,150,150,341,341,80,33,0,0,0,0,0,0,0,0,0,0,0,0,0,0,0,0,0,0,0,0,0,3,5,20,150,150,341,273,80,33,0,0,0,0,0,0,0,0,0,0,0,0,0,0,0,0,0,0,0,0,0,3,2,20,137,137,220,177,50,19,0,0,0,0,0,0,0,0,0,0,0,0,0,0,0,0,0,0,0,0,0,15,400,1000,913,913,645,648,625,575,0,0,0,0,0,0,0,0,0,0,0,0,0,0,0,0,0,0,0,0,0,5000
1708254,Tabocão,57-Fortaleza do Tabocão,Outros,Menor impacto re,VIII,,<Null>,1993,622,2315,2242,2101,2160,2149,,7º BPM - Guaraí,7º BPM,Miracema do Tocantins,17003,2411,Guaraí,54,Região Metropolitana de Palmas,621.558,Sem Região,Área-Programa Noroeste,III,banana,0,0,0,0,98,98,23,47,10,8,0,0,0,0,0,0,0,0,0,0,0,0,0,0,0,0,0,0,0,0,0,0,0,0,98,98,18,47,10,8,0,0,0,0,0,0,0,0,0,0,0,0,0,0,0,0,0,0,0,0,0,0,0,0,64,60,11,18,6,5,0,0,0,0,0,0,0,0,0,0,0,0,0,0,0,0,0,0,0,0,0,0,0,0,653,612,611,382,600,625,0,0,0,0,0,0,0,0,0,0,0,0,0,0,0,0,0,0,0,0
1712405,Lizarda,96-Lizarda,Outros,Menor impacto re,XII,Jalapão,Regiao Jalapao,1953,5723,4085,3787,3634,3737,3729,,3º BPM - Pedro Afonso,3º BPM,Jalapão,17007,3731,Ponte Alta do Tocantins,95,Região do Jalapão,5723.201,Sem Região,Área-Programa leste( Jalapão),VII,banana,230,220,170,140,180,170,140,3,100,0,0,0,0,0,0,0,0,0,0,0,0,0,0,0,0,0,0,0,0,0,190,190,150,140,150,130,110,3,60,0,0,0,0,0,0,0,0,0,0,0,0,0,0,0,0,0,0,0,0,0,170,170,121,78,52,44,37,1,24,0,0,0,0,0,0,0,0,0,0,0,0,0,0,0,0,0,0,0,0,0,895,894,806,557,346,338,336,333,400,0,0,0,0,0,0,0,0,0,0,0,0,0,0,0,0,0,0,0,0,0
1707207,Dois Irmãos do Tocantins,56-Dois Irmãos do Tocantins,Outros,Menor impacto re,VIII,,<Null>,1963,3757,7554,7269,7060,7261,7254,MESOESTE-Associação Municipios do Meio Oeste,8º BPM - Paraíso,8º BPM,Miracema do Tocantins,17003,7161,Guaraí,67,Região do Cantão,3757.015,Sem Região,Área-Programa Centro-Oeste,V,banana,1880,1220,1060,500,710,630,540,1337,400,320,260,220,200,410,200,200,150,150,150,150,170,10,10,10,230,0,0,0,250,250,1100,800,600,500,500,460,420,1337,280,220,200,180,200,200,200,200,150,150,150,150,150,10,10,10,230,0,0,0,250,250,880,640,439,214,187,170,155,505,140,110,100,90,900,900,900,900,675,675,675,675,650,60,60,60,1840,0,0,0,2450,2450,800,800,731,428,374,369,369,377,500,500,500,500,4500,4500,4500,4500,4500,4500,4500,4500,4333,6000,6000,6000,8000,0,0,0,9800,9800
1703305,Bom Jesus do Tocantins,74-Bom Jesus do Tocantins,Outros,Menor impacto re,X,,Regiao Nordeste,1993,1333,2279,2323,2710,2793,2839,,3º BPM - Pedro Afonso,3º BPM,Porto Nacional,17006,3768,Guaraí,63,Região Nordeste,1332.665,Sem Região,Área-Programa Nordeste,IV,banana,0,0,0,0,215,215,65,76,0,0,0,0,80,120,80,40,30,20,20,20,25,25,20,15,10,10,10,10,10,10,0,0,0,0,115,180,65,76,0,0,0,0,80,80,80,40,30,20,20,20,20,20,20,15,10,10,10,10,10,10,0,0,0,0,70,109,40,120,0,0,0,0,432,432,432,216,162,108,100,100,100,120,120,105,60,60,60,60,60,60,0,0,0,0,608,605,615,1578,0,0,0,0,5400,5400,5400,5400,5400,5400,5000,5000,5000,6000,6000,7000,6000,6000,6000,6000,6000,6000
1704105,Centenário,75-Centenário,Outros,Menor impacto re,X,,Regiao Nordeste,1993,1955,2189,2163,2386,2457,2485,,3º BPM - Pedro Afonso,3º BPM,Jalapão,17007,2564,Guaraí,64,Região Nordeste,1954.688,Sem Região,Área-Programa Nordeste,IV,banana,0,0,0,0,0,0,0,0,0,0,0,0,0,0,0,0,0,0,0,0,0,0,5,8,10,10,10,10,10,10,0,0,0,0,0,0,0,0,0,0,0,0,0,0,0,0,0,0,0,0,0,0,5,8,10,10,10,10,10,10,0,0,0,0,0,0,0,0,0,0,0,0,0,0,0,0,0,0,0,0,0,0,30,52,60,60,60,60,60,60,0,0,0,0,0,0,0,0,0,0,0,0,0,0,0,0,0,0,0,0,0,0,6000,6500,6000,6000,6000,6000,6000,6000
1721257,Tupirama,62-Tupirama,Outros,Menor impacto re,VIII,,<Null>,1997,712,0,1179,1405,1448,1474,,3º BPM - Pedro Afonso,3º BPM,Miracema do Tocantins,17003,1574,Guaraí,55,Região Metropolitana de Araguaína,712.202,Sem Região,Área-Programa Noroeste,III,banana,0,0,0,0,0,0,0,0,0,0,0,0,0,35,20,20,20,20,20,20,30,30,10,13,20,20,15,15,3,15,0,0,0,0,0,0,0,0,0,0,0,0,0,20,20,20,20,20,20,20,20,20,10,13,20,20,15,15,3,15,0,0,0,0,0,0,0,0,0,0,0,0,0,90,90,90,90,90,90,90,40,120,60,78,120,120,90,90,18,90,0,0,0,0,0,0,0,0,0,0,0,0,0,4500,4500,4500,4500,4500,4500,4500,2000,6000,6000,6000,6000,6000,6000,6000,6000,6000
1708304,Goianorte,58-Goianorte,Outros,Menor impacto re,VIII,,<Null>,1988,1801,5134,4839,5221,5376,5426,,7º BPM - Guaraí,7º BPM,Miracema do Tocantins,17003,4960,Guaraí,51,Região Médio Araguaia,1800.974,Sem Região,Área-Programa Noroeste,III,banana,545,365,15,15,88,118,63,303,40,45,0,0,0,0,0,0,0,0,0,0,0,0,0,0,0,0,0,0,0,0,275,365,15,8,88,100,48,303,40,45,0,0,0,0,0,0,0,0,0,0,0,0,0,0,0,0,0,0,0,0,220,290,14,6,60,60,28,107,24,27,0,0,0,0,0,0,0,0,0,0,0,0,0,0,0,0,0,0,0,0,800,794,933,750,681,600,583,353,600,600,0,0,0,0,0,0,0,0,0,0,0,0,0,0,0,0,0,0,0,0
1718881,Santa Maria do Tocantins,80-Santa Maria do Tocantins,Outros,Menor impacto re,X,,Regiao Nordeste,1993,1410,2187,2226,2673,2755,2807,,3º BPM - Pedro Afonso,3º BPM,Porto Nacional,17006,2894,Guaraí,62,Região Nordeste,1410.446,Sem Região,Área-Programa Nordeste,IV,banana,0,0,0,0,34,37,14,0,0,0,0,0,0,0,0,0,0,0,0,0,0,0,0,0,0,0,0,0,0,0,0,0,0,0,34,34,14,0,0,0,0,0,0,0,0,0,0,0,0,0,0,0,0,0,0,0,0,0,0,0,0,0,0,0,20,20,8,0,0,0,0,0,0,0,0,0,0,0,0,0,0,0,0,0,0,0,0,0,0,0,0,0,0,0,588,588,571,0,0,0,0,0,0,0,0,0,0,0,0,0,0,0,0,0,0,0,0,0,0,0
1716703,Colméia,55-Colméia,Outros,Menor impacto re,VIII,,<Null>,1980,991,9141,9352,8759,9005,8961,,7º BPM - Guaraí,7º BPM,Miracema do Tocantins,17003,8604,Guaraí,52,Região Médio Araguaia,990.712,Sem Região,Área-Programa Noroeste,III,banana,29,39,39,40,270,270,130,208,60,50,0,0,0,0,0,0,0,0,0,0,0,0,0,0,0,0,0,0,0,0,29,39,39,40,270,270,110,208,60,50,0,0,0,0,0,0,0,0,0,0,0,0,0,0,0,0,0,0,0,0,12,39,36,37,190,170,69,62,36,30,0,0,0,0,0,0,0,0,0,0,0,0,0,0,0,0,0,0,0,0,414,1000,923,925,703,629,627,298,600,600,0,0,0,0,0,0,0,0,0,0,0,0,0,0,0,0,0,0,0,0
1701903,Araguacema,54-Araguacema,Outros,Menor impacto re,VIII,,<Null>,1937,2778,4712,5414,5423,5579,5591,MESOESTE-Associação Municipios do Meio Oeste,8º BPM - Paraíso,8º BPM,Miracema do Tocantins,17003,6317,Guaraí,66,Região do Cantão,2778.452,Lagos e Praias do Cantão,Área-Programa Centro-Oeste,V,banana,700,640,680,480,420,360,270,63,160,110,40,40,30,50,30,30,30,20,20,20,25,20,20,15,18,0,0,0,8,0,550,500,470,480,330,260,200,36,140,100,30,30,30,30,30,30,30,20,20,20,20,20,20,15,18,0,0,0,8,0,440,400,290,192,115,91,70,16,70,50,15,15,120,120,120,120,120,80,80,80,80,120,120,90,108,0,0,0,33,0,800,800,617,400,348,350,350,444,500,500,500,500,4000,4000,4000,4000,4000,4000,4000,4000,4000,6000,6000,6000,6000,0,0,0,4125,0
1718501,Recursolândia,79-Recursolândia,Outros,Menor impacto re,X,,Regiao Nordeste,1993,1217,3051,3138,3665,3777,3839,,3º BPM - Pedro Afonso,3º BPM,Jalapão,17007,3768,Guaraí,60,Região Nordeste,2216.65,Sem Região,Área-Programa Nordeste,IV,banana,0,0,0,0,0,0,0,0,0,0,0,0,0,0,0,0,0,0,0,0,0,0,5,8,35,35,15,15,3,15,0,0,0,0,0,0,0,0,0,0,0,0,0,0,0,0,0,0,0,0,0,0,5,8,35,35,15,15,3,15,0,0,0,0,0,0,0,0,0,0,0,0,0,0,0,0,0,0,0,0,0,0,30,48,210,210,90,90,18,18,0,0,0,0,0,0,0,0,0,0,0,0,0,0,0,0,0,0,0,0,0,0,6000,6000,6000,6000,6000,6000,6000,1200
1718402,Presidente Kennedy,49-Presidente Kennedy,Outros,Menor impacto re,VI,,<Null>,1971,770,4146,3759,3680,3785,3784,,7º BPM - Guaraí,7º BPM,Miracema do Tocantins,17003,3676,Colinas do Tocantins,49,Região Metropolitana de Araguaína,770.418,Sem Região,Área-Programa Noroeste,III,banana,0,0,0,0,0,0,0,0,0,0,0,0,0,0,0,0,0,0,0,0,0,0,0,0,0,0,0,0,0,0,0,0,0,0,0,0,0,0,0,0,0,0,0,0,0,0,0,0,0,0,0,0,0,0,0,0,0,0,0,0,0,0,0,0,0,0,0,0,0,0,0,0,0,0,0,0,0,0,0,0,0,0,0,0,0,0,0,0,0,0,0,0,0,0,0,0,0,0,0,0,0,0,0,0,0,0,0,0,0,0,0,0,0,0,0,0,0,0,0,0
1706001,Couto de Magalhães,44-Couto de Magalhães,Outros,Menor impacto re,VI,,<Null>,1963,1586,4358,4335,4887,5035,5102,,7º BPM - Guaraí,7º BPM,Miracema do Tocantins,17003,5009,Colinas do Tocantins,46,Região Médio Araguaia,1585.773,Sem Região,Área-Programa Noroeste,III,banana,0,0,0,0,0,0,0,25,0,8,0,0,0,0,0,0,0,0,0,10,10,5,10,10,10,0,0,0,0,0,0,0,0,0,0,0,0,25,0,8,0,0,0,0,0,0,0,0,0,10,10,5,10,10,10,0,0,0,0,0,0,0,0,0,0,0,0,7,0,5,0,0,0,0,0,0,0,0,0,80,80,40,80,80,80,0,0,0,0,0,0,0,0,0,0,0,0,280,0,625,0,0,0,0,0,0,0,0,0,8000,8000,8000,8000,8000,8000,0,0,0,0,0
1711100,Itaporã do Tocantins,45-Itaporã do Tocantins,Outros,Menor impacto re,VI,,<Null>,1963,919,3214,2522,2989,3080,3135,,7º BPM - Guaraí,7º BPM,Miracema do Tocantins,17003,2428,Colinas do Tocantins,47,Região Médio Araguaia,918.916,Sem Região,Área-Programa Noroeste,III,banana,500,500,400,200,400,350,250,0,0,0,0,0,0,0,0,0,0,0,0,0,0,0,0,0,0,0,5,5,6,5,400,500,400,200,300,300,250,0,0,0,0,0,0,0,0,0,0,0,0,0,0,0,0,0,0,0,5,5,6,5,200,250,183,129,300,300,240,0,0,0,0,0,0,0,0,0,0,0,0,0,0,0,0,0,0,0,40,40,7,40,500,500,457,645,1000,1000,960,0,0,0,0,0,0,0,0,0,0,0,0,0,0,0,0,0,0,0,8000,8000,1167,8000
1710508,Itacajá,76-Itacajá,Outros,Menor impacto re,X,,Regiao Nordeste,1953,3051,6549,6815,6386,6565,6534,,3º BPM - Pedro Afonso,3º BPM,Jalapão,17007,7104,Guaraí,59,Região Nordeste,3051.341,Sem Região,Área-Programa Nordeste,IV,banana,100,110,160,110,0,0,0,0,0,0,0,0,0,0,0,0,0,0,0,0,0,0,0,0,0,0,0,0,0,0,80,100,160,110,0,0,0,0,0,0,0,0,0,0,0,0,0,0,0,0,0,0,0,0,0,0,0,0,0,0,30,40,55,36,0,0,0,0,0,0,0,0,0,0,0,0,0,0,0,0,0,0,0,0,0,0,0,0,0,0,375,400,343,327,0,0,0,0,0,0,0,0,0,0,0,0,0,0,0,0,0,0,0,0,0,0,0,0,0,0
1703602,Brasilândia do Tocantins,42-Brasilândia do Tocantins,Outros,Menor impacto re,VI,,<Null>,1993,641,1761,1923,2119,2183,2208,,3ª CIPM - Colinas do Tocantins,3ª CIPM,Miracema do Tocantins,17003,2061,Colinas do Tocantins,48,Região Metropolitana de Araguaína,641.464,Sem Região,Área-Programa Noroeste,III,banana,0,0,0,0,0,0,0,0,0,0,0,0,0,0,0,0,0,0,0,0,0,0,0,0,0,0,0,0,0,0,0,0,0,0,0,0,0,0,0,0,0,0,0,0,0,0,0,0,0,0,0,0,0,0,0,0,0,0,0,0,0,0,0,0,0,0,0,0,0,0,0,0,0,0,0,0,0,0,0,0,0,0,0,0,0,0,0,0,0,0,0,0,0,0,0,0,0,0,0,0,0,0,0,0,0,0,0,0,0,0,0,0,0,0,0,0,0,0,0,0
1721307,Tupiratins,50-Tupiratins,Outros,Menor impacto re,VI,,<Null>,1993,895,1313,1365,2007,2072,2143,,3º BPM - Pedro Afonso,3º BPM,Miracema do Tocantins,17003,2092,Colinas do Tocantins,50,Região Metropolitana de Araguaína,895.302,Sem Região,Área-Programa Noroeste,III,banana,0,0,0,0,0,0,0,0,0,0,0,0,0,0,0,0,0,0,0,0,0,0,0,0,0,0,0,0,0,0,0,0,0,0,0,0,0,0,0,0,0,0,0,0,0,0,0,0,0,0,0,0,0,0,0,0,0,0,0,0,0,0,0,0,0,0,0,0,0,0,0,0,0,0,0,0,0,0,0,0,0,0,0,0,0,0,0,0,0,0,0,0,0,0,0,0,0,0,0,0,0,0,0,0,0,0,0,0,0,0,0,0,0,0,0,0,0,0,0,0
1716653,Pequizeiro,48-Pequizeiro,Outros,Menor impacto re,VI,,<Null>,1987,1210,3574,4591,4799,4940,4971,,7º BPM - Guaraí,7º BPM,Miracema do Tocantins,17003,5050,Colinas do Tocantins,44,Região Médio Araguaia,1209.798,Sem Região,Área-Programa Noroeste,III,banana,0,0,0,0,0,0,0,8,10,15,0,0,0,0,0,0,0,0,30,30,30,20,30,50,50,40,40,40,25,25,0,0,0,0,0,0,0,8,10,15,0,0,0,0,0,0,0,0,30,30,30,20,30,50,50,40,40,40,25,25,0,0,0,0,0,0,0,3,6,9,0,0,0,0,0,0,0,0,240,240,240,160,240,400,400,300,300,300,188,180,0,0,0,0,0,0,0,375,600,600,0,0,0,0,0,0,0,0,8000,8000,8000,8000,8000,8000,8000,7500,7500,7500,7520,7200
1711803,Juarina,46-Juarina,Outros,Menor impacto re,VI,,<Null>,1989,481,2376,2333,2141,2200,2185,,7º BPM - Guaraí,7º BPM,Miracema do Tocantins,17003,2228,Colinas do Tocantins,43,Região Médio Araguaia,481.046,Sem Região,Área-Programa Noroeste,III,banana,0,0,0,0,0,0,0,5,10,0,0,0,0,0,0,0,0,0,0,0,0,0,0,0,0,0,0,0,0,0,0,0,0,0,0,0,0,5,10,0,0,0,0,0,0,0,0,0,0,0,0,0,0,0,0,0,0,0,0,0,0,0,0,0,0,0,0,3,6,0,0,0,0,0,0,0,0,0,0,0,0,0,0,0,0,0,0,0,0,0,0,0,0,0,0,0,0,600,600,0,0,0,0,0,0,0,0,0,0,0,0,0,0,0,0,0,0,0,0,0
1710904,Itapiratins,77-Itapiratins,Outros,Menor impacto re,X,,Regiao Nordeste,1993,1244,3392,3277,3421,3521,3543,,3º BPM - Pedro Afonso,3º BPM,Jalapão,17007,3514,Guaraí,58,Região Nordeste,1243.954,Sem Região,Área-Programa Nordeste,IV,banana,0,0,0,0,0,0,0,0,0,0,0,0,0,0,0,0,0,0,0,0,0,0,0,0,0,0,0,0,0,0,0,0,0,0,0,0,0,0,0,0,0,0,0,0,0,0,0,0,0,0,0,0,0,0,0,0,0,0,0,0,0,0,0,0,0,0,0,0,0,0,0,0,0,0,0,0,0,0,0,0,0,0,0,0,0,0,0,0,0,0,0,0,0,0,0,0,0,0,0,0,0,0,0,0,0,0,0,0,0,0,0,0,0,0,0,0,0,0,0,0
1703842,Campos Lindos,52-Campos Lindos,Outros,Menor impacto re,VII,,Regiao Nordeste,1993,3240,5102,5638,7615,7858,8079,,2º BPM - Araguaína,2º BPM,Jalapão,17007,8139,Araguaína,61,Região Nordeste,3240.156,Sem Região,Área-Programa Nordeste,IV,banana,0,0,0,0,13,19,24,32,20,24,20,25,30,40,50,50,50,60,60,60,80,60,60,100,100,85,84,84,2,2,0,0,0,0,12,19,24,32,20,24,20,25,30,35,40,50,50,50,50,60,60,60,60,100,100,80,82,84,2,2,0,0,0,0,8,13,17,15,12,15,14,18,231,280,320,400,425,425,425,510,510,480,480,800,740,626,645,672,14,14,0,0,0,0,666,684,708,468,600,625,700,720,7700,8000,8000,8000,8500,8500,8500,8500,8500,8000,8000,8000,7400,7825,7866,8000,7000,7000
1705508,Colinas do Tocantins,43-Colinas do Tocantins,Outros,Menor impacto re,VI,,<Null>,1963,844,24474,25301,29298,30190,30666,,3ª CIPM - Colinas do Tocantins,3ª CIPM,Araguaína,17002,30370,Colinas do Tocantins,45,Região Metropolitana de Araguaína,843.84,Sem Região,Área-Programa Noroeste,III,banana,90,100,100,80,100,0,0,0,0,0,0,0,0,0,0,0,0,0,0,10,10,5,10,10,10,10,10,15,12,15,80,100,100,80,100,0,0,0,0,0,0,0,0,0,0,0,0,0,0,10,10,5,10,10,10,10,10,15,12,15,50,60,55,50,100,0,0,0,0,0,0,0,0,0,0,0,0,0,0,85,85,43,80,80,80,80,80,180,15,180,625,600,550,625,1000,0,0,0,0,0,0,0,0,0,0,0,0,0,0,8500,8500,8600,8000,8000,8000,8000,8000,12000,1250,12000
1703206,Bernardo Sayão,41-Bernardo Sayão,Outros,Menor impacto re,VI,,<Null>,1987,927,4319,4551,4518,4648,4653,,3ª CIPM - Colinas do Tocantins,3ª CIPM,Miracema do Tocantins,17003,4455,Colinas do Tocantins,42,Região Médio Araguaia,926.884,Sem Região,Área-Programa Noroeste,III,banana,0,0,0,50,100,110,0,0,0,0,0,0,0,0,0,0,0,0,0,0,0,0,0,0,0,0,0,0,0,0,0,0,0,50,60,110,0,0,0,0,0,0,0,0,0,0,0,0,0,0,0,0,0,0,0,0,0,0,0,0,0,0,0,14,60,110,0,0,0,0,0,0,0,0,0,0,0,0,0,0,0,0,0,0,0,0,0,0,0,0,0,0,0,280,1000,1000,0,0,0,0,0,0,0,0,0,0,0,0,0,0,0,0,0,0,0,0,0,0,0,0
1703057,Bandeirantes do Tocantins,40-Bandeirantes do Tocantins,Bico,Menor impacto re,VI,,<Null>,1997,1672,0,2608,2711,2791,2807,,3ª CIPM - Colinas do Tocantins,3ª CIPM,Araguaína,17002,3118,Colinas do Tocantins,41,Região Médio Araguaia,1672.322,Sem Região,Área-Programa Noroeste,III,banana,0,0,0,0,0,0,0,0,0,0,0,0,0,0,0,0,0,0,0,0,0,0,0,0,0,0,0,0,0,0,0,0,0,0,0,0,0,0,0,0,0,0,0,0,0,0,0,0,0,0,0,0,0,0,0,0,0,0,0,0,0,0,0,0,0,0,0,0,0,0,0,0,0,0,0,0,0,0,0,0,0,0,0,0,0,0,0,0,0,0,0,0,0,0,0,0,0,0,0,0,0,0,0,0,0,0,0,0,0,0,0,0,0,0,0,0,0,0,0,0
1702307,Arapoema,39-Arapoema,Bico,Menor impacto re,VI,,<Null>,1963,1552,8693,7025,6839,7034,7029,,3ª CIPM - Colinas do Tocantins,3ª CIPM,Araguaína,17002,6742,Colinas do Tocantins,40,Região Médio Araguaia,1552.207,Sem Região,Área-Programa Noroeste,III,banana,90,100,100,80,80,50,0,0,0,0,0,0,0,0,0,0,0,0,0,0,0,0,0,0,0,0,0,0,4,0,80,100,100,50,70,50,0,0,0,0,0,0,0,0,0,0,0,0,0,0,0,0,0,0,0,0,0,0,4,0,50,60,46,27,70,50,0,0,0,0,0,0,0,0,0,0,0,0,0,0,0,0,0,0,0,0,0,0,32,0,625,600,460,540,1000,1000,0,0,0,0,0,0,0,0,0,0,0,0,0,0,0,0,0,0,0,0,0,0,8000,0
1709005,Goiatins,53-Goiatins,Outros,Menor impacto re,VII,,Regiao Nordeste,1953,6409,14207,11036,11639,11982,12068,,2º BPM - Araguaína,2º BPM,Jalapão,17007,12042,Araguaína,57,Região Nordeste,6408.562,Sem Região,Área-Programa Nordeste,IV,banana,80,60,110,120,117,115,75,111,50,121,116,116,141,131,140,120,120,110,125,95,130,110,150,140,150,153,205,205,60,60,70,60,110,120,108,72,75,111,50,121,116,116,141,130,130,120,120,110,120,95,100,110,150,140,150,148,200,200,60,60,25,20,54,87,70,47,50,34,36,70,70,70,846,780,884,816,864,770,900,741,780,858,1170,1050,1170,1185,1600,1600,468,468,357,333,490,725,648,652,666,306,720,578,603,603,6000,6000,6800,6800,7200,7000,7500,7800,7800,7800,7800,7500,7800,8007,8000,8000,7800,7800
1715705,Palmeirante,36-Palmeirante,Outros,Menor impacto re,V,,Regiao Nordeste,1993,2641,3769,3610,4689,4837,4959,,3ª CIPM - Colinas do Tocantins,3ª CIPM,Araguaína,17002,4952,Araguaína,38,Região Metropolitana de Araguaína,2640.738,Sem Região,Área-Programa Norte,II,banana,0,0,0,0,18,18,23,23,17,0,0,0,0,0,0,0,0,0,0,15,30,0,0,0,0,0,0,0,0,0,0,0,0,0,16,18,23,23,17,0,0,0,0,0,0,0,0,0,0,15,30,0,0,0,0,0,0,0,0,0,0,0,0,0,13,15,19,19,14,0,0,0,0,0,0,0,0,0,0,114,240,0,0,0,0,0,0,0,0,0,0,0,0,0,812,833,826,826,823,0,0,0,0,0,0,0,0,0,0,7600,8000,0,0,0,0,0,0,0,0,0
1714880,Nova Olinda,35-Nova Olinda,Outros,Menor impacto re,V,,<Null>,1980,1566,8724,9385,10518,10835,10974,,3ª CIPM - Colinas do Tocantins,3ª CIPM,Araguaína,17002,10683,Araguaína,36,Região Metropolitana de Araguaína,1566.237,Sem Região,Área-Programa Norte,II,banana,50,50,50,40,30,0,0,0,0,0,0,0,0,0,0,0,0,0,0,0,0,0,0,0,0,0,0,0,0,0,30,50,50,40,30,0,0,0,0,0,0,0,0,0,0,0,0,0,0,0,0,0,0,0,0,0,0,0,0,0,12,20,18,15,30,0,0,0,0,0,0,0,0,0,0,0,0,0,0,0,0,0,0,0,0,0,0,0,0,0,400,400,360,375,1000,0,0,0,0,0,0,0,0,0,0,0,0,0,0,0,0,0,0,0,0,0,0,0,0,0
1703073,Barra do Ouro,51-Barra do Ouro,Outros,Menor impacto re,VII,,Regiao Nordeste,1997,1106,0,3579,3581,3684,3691,,2º BPM - Araguaína,2º BPM,Jalapão,17007,4123,Araguaína,56,Região Nordeste,1106.339,Sem Região,Área-Programa Nordeste,IV,banana,0,0,0,0,0,0,0,0,15,15,10,20,20,30,35,35,35,40,40,35,40,30,30,32,30,38,41,41,3,3,0,0,0,0,0,0,0,0,15,15,10,20,20,25,30,35,35,40,40,35,35,30,30,32,30,36,40,41,3,3,0,0,0,0,0,0,0,0,11,8,6,12,132,165,210,245,266,304,304,273,273,234,234,224,225,290,306,308,21,21,0,0,0,0,0,0,0,0,733,533,600,600,6600,6600,7000,7000,7600,7600,7600,7800,7800,7800,7800,7000,7500,8056,7650,7512,7000,7000
1716307,Pau d'Arco,47-Pau D'Arco,Bico,Menor impacto re,VI,,<Null>,1993,1311,4875,4335,4767,4909,4964,,3ª CIPM - Colinas do Tocantins,3ª CIPM,Araguaína,17002,4588,Colinas do Tocantins,39,Região Médio Araguaia,1300.97,Vale dos Grandes Rios,Área-Programa Noroeste,III,banana,0,0,0,0,0,0,0,0,0,0,0,0,0,0,0,0,0,0,0,0,0,0,0,0,0,0,0,0,0,0,0,0,0,0,0,0,0,0,0,0,0,0,0,0,0,0,0,0,0,0,0,0,0,0,0,0,0,0,0,0,0,0,0,0,0,0,0,0,0,0,0,0,0,0,0,0,0,0,0,0,0,0,0,0,0,0,0,0,0,0,0,0,0,0,0,0,0,0,0,0,0,0,0,0,0,0,0,0,0,0,0,0,0,0,0,0,0,0,0,0
1707702,Filadélfia,33-Filadélfia,Outros,Menor impacto re,V,,Regiao Nordeste,1948,1998,7407,8218,7787,8007,7978,,2º BPM - Araguaína,2º BPM,Araguaína,17002,8498,Araguaína,37,Região Metropolitana de Araguaína,1988.068,Vale dos Grandes Rios,Área-Programa Norte,II,banana,24,39,49,54,42,42,32,43,40,40,39,44,50,50,60,60,60,70,80,50,100,70,60,55,60,67,60,60,3,3,21,39,49,54,42,42,32,43,40,40,39,44,50,50,50,60,60,70,80,50,50,70,60,55,60,62,56,60,3,3,8,13,25,35,34,34,26,11,31,18,20,23,234,234,300,360,450,525,600,375,375,560,450,385,432,484,440,450,21,21,381,333,510,648,809,809,812,255,775,450,512,522,4680,4680,6000,6000,7500,7500,7500,7500,7500,8000,7500,7000,7200,7806,7857,7500,7000,7000
1702109,Araguaína,30-Araguaína,Bico,Capital,V,,,1958,4000,105019,113143,115759,119128,119637,,2º BPM - Araguaína,2º BPM,Araguaína,17002,149313,Araguaína,33,Região Metropolitana de Araguaína,4000.395,Vale dos Grandes Rios,Área-Programa Norte,II,banana,80,97,60,65,23,28,33,46,50,83,183,200,180,210,230,230,230,0,270,70,300,130,150,140,150,150,148,160,15,15,80,90,60,65,23,28,33,46,50,83,183,200,180,200,210,230,230,0,200,70,80,130,150,140,150,145,146,160,15,15,54,60,37,43,16,20,25,28,38,63,140,152,1584,1760,1848,1955,1840,0,1600,560,560,663,900,910,975,1000,1066,1008,105,90,675,666,616,661,695,714,757,608,760,759,765,760,8800,8800,8800,8500,8000,0,8000,8000,7000,5100,6000,6500,6500,6897,7301,6300,7000,6000
1703883,Carmolândia,32-Carmolândia,Bico,Menor impacto re,V,,<Null>,1993,339,1610,2008,2313,2383,2420,,2º BPM - Araguaína,2º BPM,Araguaína,17002,2285,Araguaína,32,Região Metropolitana de Araguaína,339.401,Sem Região,Área-Programa Norte,II,banana,0,0,0,0,0,0,0,3,19,14,14,12,16,21,21,30,30,30,35,35,40,40,45,40,45,48,50,50,0,0,0,0,0,0,0,0,0,3,19,14,14,12,16,16,20,30,30,30,35,35,35,40,45,40,45,46,49,50,0,0,0,0,0,0,0,0,0,1,8,6,7,6,88,88,120,180,204,195,231,231,231,240,315,280,324,346,360,360,0,0,0,0,0,0,0,0,0,333,421,428,500,500,5500,5500,6000,6000,6800,6500,6600,6600,6600,6000,7000,7000,7200,7522,7347,7200,0,0
1703008,Babaçulândia,31-Babaçulândia,Outros,Menor impacto re,V,,Regiao Nordeste,1953,1788,8775,10329,10372,10672,10698,,2º BPM - Araguaína,2º BPM,Araguaína,17002,10267,Araguaína,35,Região Metropolitana de Araguaína,1788.442,Vale dos Grandes Rios,Área-Programa Norte,II,banana,50,50,65,60,60,40,40,369,35,470,380,380,320,280,200,200,200,25,30,30,50,25,25,40,40,50,52,54,54,54,50,50,65,60,60,40,40,369,35,380,380,380,320,280,160,200,200,20,20,30,30,25,25,40,40,48,50,54,54,54,20,20,32,49,30,20,22,156,19,152,152,165,1400,1120,1040,1300,1400,140,140,210,210,138,175,280,292,365,380,432,450,450,400,400,492,816,500,500,550,422,542,400,400,434,4375,4000,6500,6500,7000,7000,7000,7000,7000,5520,7000,7000,7300,7604,7600,8000,8333,8333
1718865,Santa Fé do Araguaia,37-Santa Fé do Araguaia,Bico,Menor impacto re,V,,<Null>,1993,1677,4336,5507,5610,5773,5795,CMVA-Consorcio Municípios Vale do Araguaia,2º BPM - Araguaína,2º BPM,Araguaína,17002,6599,Araguaína,31,Região Metropolitana de Araguaína,1676.945,Sem Região,Área-Programa Norte,II,banana,0,0,0,0,0,0,0,0,0,0,0,0,0,0,5,5,5,10,15,12,16,12,25,20,25,30,32,32,0,0,0,0,0,0,0,0,0,0,0,0,0,0,0,0,5,5,5,10,12,12,12,12,25,20,25,28,30,32,0,0,0,0,0,0,0,0,0,0,0,0,0,0,0,0,100,90,60,90,108,108,108,72,225,150,188,247,266,272,0,0,0,0,0,0,0,0,0,0,0,0,0,0,0,0,20000,18000,12000,9000,9000,9000,9000,6000,9000,7500,7520,8821,8867,8500,0,0
1713957,Muricilândia,34-Muricilândia,Bico,Menor impacto re,V,,<Null>,1993,1188,3039,2680,2850,2935,2958,,2º BPM - Araguaína,2º BPM,Araguaína,17002,3152,Araguaína,30,Região Metropolitana de Araguaína,1187.798,Sem Região,Área-Programa Norte,II,banana,0,0,0,0,10,15,15,20,15,15,15,16,25,27,30,30,28,17,20,20,20,20,25,20,25,30,29,29,2,2,0,0,0,0,10,15,15,20,15,15,15,16,25,25,30,28,28,17,17,20,20,20,25,20,25,28,28,29,2,2,0,0,0,0,8,12,12,16,12,10,10,11,170,170,204,196,210,119,119,84,146,120,183,140,188,219,219,227,14,14,0,0,0,0,800,800,800,800,800,666,666,687,6800,6800,6800,7000,7500,7000,7000,4200,7300,6000,7320,7000,7520,7821,7821,7828,7000,7000
1701309,Aragominas,29-Aragominas,Bico,Menor impacto re,V,,<Null>,1993,1173,3486,6180,5469,5618,5555,,2º BPM - Araguaína,2º BPM,Araguaína,17002,5882,Araguaína,29,Região Metropolitana de Araguaína,1173.026,Sem Região,Área-Programa Norte,II,banana,0,0,0,0,14,20,25,25,20,25,25,25,30,37,40,52,52,52,70,80,100,100,100,90,100,105,110,120,16,16,0,0,0,0,14,20,25,25,20,25,25,25,30,30,40,45,52,52,62,70,70,100,100,90,100,100,106,120,16,16,0,0,0,0,11,16,20,14,13,16,17,17,198,198,280,315,364,364,434,490,490,600,700,630,750,755,810,810,108,108,0,0,0,0,785,800,800,560,650,640,680,680,6600,6600,7000,7000,7000,7000,7000,7000,7000,6000,7000,7000,7500,7550,7642,6750,6750,6750
1722081,Wanderlândia,38-Wanderlândia,Bico,Menor impacto re,V,,Regiao Nordeste,1980,1373,10274,10273,9317,9574,9493,,2º BPM - Araguaína,2º BPM,Araguaína,17002,10949,Araguaína,34,Região Metropolitana de Araguaína,1373.055,Vale dos Grandes Rios,Área-Programa Norte,II,banana,60,55,55,60,70,70,90,158,70,138,153,153,156,156,156,120,150,150,150,150,150,150,150,140,150,157,156,156,5,5,60,55,55,60,70,70,90,158,70,138,153,153,153,156,146,120,150,150,150,150,150,150,150,140,150,150,154,156,5,5,24,20,25,38,35,35,45,97,37,86,98,98,918,936,1022,840,1125,1050,1050,1050,1050,1080,1050,1050,1095,1125,1159,1170,28,28,400,363,454,633,500,500,500,613,528,623,640,640,6000,6000,7000,7000,7500,7000,7000,7000,7000,7200,7000,7500,7300,7500,7526,7500,5600,5600
1706506,Darcinópolis,16-Darcinópolis,Bico,Menor impacto re,III,Bico do Papagaio,Regiao Bico,1993,1549,3905,4273,5130,5288,5388,AMBIP-Assc. Municipios do Bico do Papagaio,2º BPM - Araguaína,2º BPM,Bico do Papagaio,17001,5273,Araguatins,25,Região do Extremo Norte ou Bico do Papagaio,1548.89,Vale dos Grandes Rios,Área-Programa Extremo Norte(Bico do Papagaio),I,banana,0,0,0,0,0,0,10,52,30,37,32,32,40,45,45,40,40,40,50,20,25,25,28,28,25,25,25,25,25,25,0,0,0,0,0,0,10,52,30,37,32,32,40,40,45,40,40,40,50,20,25,25,28,28,25,25,25,25,25,25,0,0,0,0,0,0,7,22,21,20,19,19,264,264,315,280,320,300,375,150,150,150,168,168,175,175,175,175,175,175,0,0,0,0,0,0,700,423,700,540,593,593,6600,6600,7000,7000,8000,7500,7500,7500,6000,6000,6000,6000,7000,7000,7000,7000,7000,7000
1702158,Araguanã,25-Araguanã,Bico,Menor impacto re,IV,,<Null>,1993,834,3069,4193,5000,5154,5248,,2º BPM - Araguaína,2º BPM,Araguaína,17002,5023,Araguaína,27,Região Metropolitana de Araguaína,834.701,Vale dos Grandes Rios,Área-Programa Norte,II,banana,0,0,0,0,0,0,0,0,0,0,0,0,0,0,0,0,45,45,45,20,20,20,25,20,25,29,28,32,0,0,0,0,0,0,0,0,0,0,0,0,0,0,0,0,0,0,45,45,45,20,20,20,25,20,25,28,26,32,0,0,0,0,0,0,0,0,0,0,0,0,0,0,0,0,0,0,441,414,396,176,18,120,175,140,183,206,191,224,0,0,0,0,0,0,0,0,0,0,0,0,0,0,0,0,0,0,9800,9200,8800,8800,900,6000,7000,7000,7320,7357,7346,7000,0,0
1713809,Palmeiras do Tocantins,21-Palmeiras do Tocantins,Bico,Menor impacto re,III,Bico do Papagaio,Regiao Bico,1993,748,3533,4622,4542,4672,4673,AMBIP-Assc. Municipios do Bico do Papagaio,5ª CIPM - Tocantinópolis,5ª CIPM,Bico do Papagaio,17001,5695,Araguatins,24,Região do Extremo Norte ou Bico do Papagaio,747.895,Sem Região,Área-Programa Extremo Norte(Bico do Papagaio),I,banana,0,0,0,0,0,0,13,16,27,32,15,10,5,5,5,5,5,5,45,45,0,0,0,0,0,0,0,0,14,14,0,0,0,0,0,0,13,16,20,25,15,10,5,5,5,5,5,5,45,45,0,0,0,0,0,0,0,0,14,14,0,0,0,0,0,0,9,6,14,17,10,7,30,30,30,30,30,30,270,270,0,0,0,0,0,0,0,0,112,112,0,0,0,0,0,0,692,375,700,680,666,700,6000,6000,6000,6000,6000,6000,6000,6000,0,0,0,0,0,0,0,0,8000,8000
1717206,Piraquê,26-Piraquê,Bico,Menor impacto re,IV,,<Null>,1993,922,1785,2360,3014,3103,3127,,2º BPM - Araguaína,2º BPM,Araguaína,17002,2877,Araguaína,28,Região Metropolitana de Araguaína,921.585,Sem Região,Área-Programa Norte,II,banana,0,0,0,0,20,20,20,4,25,4,11,10,14,14,17,17,17,15,17,17,15,12,16,2,3,9,12,12,8,8,0,0,0,0,15,20,20,4,25,4,11,10,14,14,14,17,17,15,17,17,10,12,16,2,3,8,12,12,8,8,0,0,0,0,6,11,11,2,14,2,6,5,84,84,98,119,136,120,136,136,80,72,16,16,24,65,98,108,64,64,0,0,0,0,400,550,550,500,560,500,545,500,6000,6000,7000,7000,8000,8000,8000,8000,8000,6000,1000,8000,8000,8125,8167,9000,8000,8000
1700301,Aguiarnópolis,14-Aguiarnópolis,Bico,Menor impacto re,III,Bico do Papagaio,Regiao Bico,1997,235,0,3145,3995,4120,4216,AMBIP-Assc. Municipios do Bico do Papagaio,5ª CIPM - Tocantinópolis,5ª CIPM,Bico do Papagaio,17001,5140,Araguatins,23,Região do Extremo Norte ou Bico do Papagaio,235.391,Bico do Papagaio,Área-Programa Extremo Norte(Bico do Papagaio),I,banana,0,0,0,0,0,0,0,0,5,8,0,3,38,55,70,70,70,115,115,0,4,1,1,1,105,105,165,175,263,261,0,0,0,0,0,0,0,0,5,5,0,3,38,35,55,70,70,115,115,0,4,1,1,1,105,105,165,175,263,261,0,0,0,0,0,0,0,0,4,4,0,2,543,525,1100,1400,700,2300,2300,0,13,6,8,8,3570,3570,5775,8750,7890,5111,0,0,0,0,0,0,0,0,800,800,0,666,14289,15000,20000,20000,10000,20000,20000,0,3250,6000,8000,8000,34000,34000,35000,50000,30000,19582
1720002,Santa Terezinha do Tocantins,22-Santa Terezinha do Tocantins,Bico,Menor impacto re,III,Bico do Papagaio,Regiao Bico,1997,270,0,2455,2291,2356,2343,AMBIP-Assc. Municipios do Bico do Papagaio,5ª CIPM - Tocantinópolis,5ª CIPM,Bico do Papagaio,17001,2468,Araguatins,22,Região do Extremo Norte ou Bico do Papagaio,269.676,Sem Região,Área-Programa Extremo Norte(Bico do Papagaio),I,banana,0,0,0,0,0,0,0,0,0,0,0,0,0,0,0,45,45,45,45,45,4,4,4,4,4,4,4,4,4,8,0,0,0,0,0,0,0,0,0,0,0,0,0,0,0,45,45,45,45,45,4,4,4,4,4,4,4,4,4,8,0,0,0,0,0,0,0,0,0,0,0,0,0,0,0,540,405,405,405,405,32,32,32,32,40,32,32,32,33,64,0,0,0,0,0,0,0,0,0,0,0,0,0,0,0,12000,9000,9000,9000,9000,8000,8000,8000,8000,10000,8000,8000,8000,8250,8000
1718550,Riachinho,27-Riachinho,Bico,Menor impacto re,IV,Bico do Papagaio,Regiao Bico,1993,611,3502,3670,3691,3798,3808,AMBIP-Assc. Municipios do Bico do Papagaio,5ª CIPM - Tocantinópolis,5ª CIPM,Bico do Papagaio,17001,4170,Araguaína,17,Região do Extremo Norte ou Bico do Papagaio,610.726,Sem Região,Área-Programa Extremo Norte(Bico do Papagaio),I,banana,0,0,0,0,0,0,0,0,0,0,0,0,50,55,65,65,65,0,50,20,20,10,15,15,16,16,16,16,16,29,0,0,0,0,0,0,0,0,0,0,0,0,50,50,55,65,65,0,50,20,15,10,15,15,16,16,16,16,16,29,0,0,0,0,0,0,0,0,0,0,0,0,216,216,330,390,507,0,340,136,120,60,90,90,136,136,136,136,136,86,0,0,0,0,0,0,0,0,0,0,0,0,4320,4320,6000,6000,7800,0,6800,6800,8000,6000,6000,6000,8500,8500,8500,8500,8500,2966
1722107,Xambioá,28-Xambioá,Bico,Menor impacto re,IV,,<Null>,1958,1634,11183,12137,10856,11160,11099,,2º BPM - Araguaína,2º BPM,Araguaína,17002,11484,Araguaína,26,Região Metropolitana de Araguaína,1633.769,Vale dos Grandes Rios,Área-Programa Norte,II,banana,150,160,160,130,140,120,120,135,115,118,133,200,240,324,324,324,324,324,384,384,160,180,180,200,180,187,186,186,100,100,150,150,160,130,110,120,120,135,115,118,133,200,240,240,314,324,324,324,324,384,160,180,180,200,180,180,183,186,100,100,52,50,78,69,44,48,48,77,58,59,70,105,2268,2268,5652,5832,6156,5832,5832,6912,1920,1080,2160,2000,1800,1440,1464,1488,750,750,347,333,487,530,400,400,400,570,504,500,526,525,9450,9450,18000,18000,19000,18000,18000,18000,12000,6000,12000,10000,10000,8000,8000,8000,7500,7500
1701051,Angico,15-Angico,Bico,Menor impacto re,III,Bico do Papagaio,Regiao Bico,1993,439,2755,2889,3169,3264,3300,AMBIP-Assc. Municipios do Bico do Papagaio,5ª CIPM - Tocantinópolis,5ª CIPM,Bico do Papagaio,17001,3152,Araguatins,18,Região do Extremo Norte ou Bico do Papagaio,438.703,Bico do Papagaio,Área-Programa Extremo Norte(Bico do Papagaio),I,banana,0,0,0,0,0,0,0,54,0,30,40,40,40,40,50,60,100,80,80,15,12,12,10,10,11,11,11,11,11,11,0,0,0,0,0,0,0,54,0,30,40,40,40,40,30,60,76,80,80,15,12,12,10,10,11,11,11,11,11,11,0,0,0,0,0,0,0,28,0,9,14,14,216,216,183,366,456,488,480,150,144,144,80,120,132,132,132,132,66,132,0,0,0,0,0,0,0,518,0,300,350,350,5400,5400,6100,6100,6000,6100,6000,10000,12000,12000,8000,12000,12000,12000,12000,12000,6000,12000
1714302,Nazaré,20-Nazaré,Bico,Menor impacto re,III,Bico do Papagaio,Regiao Bico,1958,396,7156,5150,4528,4652,4596,AMBIP-Assc. Municipios do Bico do Papagaio,5ª CIPM - Tocantinópolis,5ª CIPM,Bico do Papagaio,17001,4386,Araguatins,20,Região do Extremo Norte ou Bico do Papagaio,395.903,Sem Região,Área-Programa Extremo Norte(Bico do Papagaio),I,banana,0,0,0,0,0,0,0,31,0,0,0,0,0,0,0,45,45,45,45,45,10,10,10,10,9,9,9,4,4,4,0,0,0,0,0,0,0,31,0,0,0,0,0,0,0,45,45,45,45,45,10,10,10,10,9,9,9,4,4,4,0,0,0,0,0,0,0,17,0,0,0,0,0,0,0,540,405,405,405,405,70,70,70,70,81,81,81,36,32,36,0,0,0,0,0,0,0,548,0,0,0,0,0,0,0,12000,9000,9000,9000,9000,7000,7000,7000,7000,9000,9000,9000,9000,8000,9000
1712454,Luzinópolis,18-Luzinópolis,Bico,Menor impacto re,III,Bico do Papagaio,Regiao Bico,1997,280,0,2021,2784,2874,2959,AMBIP-Assc. Municipios do Bico do Papagaio,5ª CIPM - Tocantinópolis,5ª CIPM,Bico do Papagaio,17001,2622,Araguatins,19,Região do Extremo Norte ou Bico do Papagaio,279.562,Sem Região,Área-Programa Extremo Norte(Bico do Papagaio),I,banana,0,0,0,0,0,0,0,0,0,0,0,0,0,0,0,40,40,40,40,0,12,12,12,12,32,32,32,32,32,32,0,0,0,0,0,0,0,0,0,0,0,0,0,0,0,40,40,40,40,0,12,12,12,12,32,32,32,32,32,32,0,0,0,0,0,0,0,0,0,0,0,0,0,0,0,320,320,320,320,0,96,96,96,96,256,256,256,256,256,256,0,0,0,0,0,0,0,0,0,0,0,0,0,0,0,8000,8000,8000,8000,0,8000,8000,8000,8000,8000,8000,8000,8000,8000,8000
1721208,Tocantinópolis,23-Tocantinópolis,Bico,Capital,III,Bico do Papagaio,Regiao Bico,1858,1077,22810,22777,21334,21932,21826,AMBIP-Assc. Municipios do Bico do Papagaio,5ª CIPM - Tocantinópolis,5ª CIPM,Bico do Papagaio,17001,22590,Araguatins,21,Região do Extremo Norte ou Bico do Papagaio,1077.066,Bico do Papagaio,Área-Programa Extremo Norte(Bico do Papagaio),I,banana,0,0,0,0,0,0,12,54,30,30,20,10,3,5,3,3,3,3,3,3,3,3,3,3,4,4,0,0,0,0,0,0,0,0,0,0,12,54,5,10,20,10,3,3,3,3,3,3,3,3,3,3,3,3,4,4,0,0,0,0,0,0,0,0,0,0,9,28,4,7,7,7,18,18,18,18,18,18,18,18,18,30,30,30,36,36,0,0,0,0,0,0,0,0,0,0,750,518,800,700,350,700,6000,6000,6000,6000,6000,6000,6000,6000,6000,10000,10000,10000,9000,9000,0,0,0,0
1703826,Cachoeirinha,2-Cachoeirinha,Bico,Menor impacto re,I,Bico do Papagaio,Regiao Bico,1993,352,2039,2023,2171,2235,2255,AMBIP-Assc. Municipios do Bico do Papagaio,5ª CIPM - Tocantinópolis,5ª CIPM,Bico do Papagaio,17001,2148,Araguatins,15,Região do Extremo Norte ou Bico do Papagaio,352.343,Sem Região,Área-Programa Extremo Norte(Bico do Papagaio),I,banana,0,0,0,0,0,0,0,14,0,0,0,0,0,0,0,0,0,0,0,0,4,4,4,4,5,5,5,25,12,12,0,0,0,0,0,0,0,14,0,0,0,0,0,0,0,0,0,0,0,0,4,4,4,4,5,5,5,25,12,12,0,0,0,0,0,0,0,2,0,0,0,0,0,0,0,0,0,0,0,0,36,36,36,36,90,90,45,260,51,51,0,0,0,0,0,0,0,142,0,0,0,0,0,0,0,0,0,0,0,0,9000,9000,9000,9000,18000,18000,9000,10400,4250,4250
1701002,Ananás,24-Ananás,Bico,Menor impacto re,IV,Bico do Papagaio,Regiao Bico,1963,1587,9694,10512,9358,9615,9514,AMBIP-Assc. Municipios do Bico do Papagaio,5ª CIPM - Tocantinópolis,5ª CIPM,Bico do Papagaio,17001,9846,Araguaína,14,Região do Extremo Norte ou Bico do Papagaio,1587,Bico do Papagaio,Área-Programa Extremo Norte(Bico do Papagaio),I,banana,0,0,0,0,0,0,0,21,0,25,35,40,40,40,50,50,50,40,40,30,4,4,5,5,8,8,8,8,11,11,0,0,0,0,0,0,0,21,0,25,35,40,40,40,30,50,50,40,40,30,3,4,5,5,8,8,8,8,11,11,0,0,0,0,0,0,0,7,0,10,14,18,218,218,195,325,325,264,264,198,21,34,30,30,48,48,48,48,66,118,0,0,0,0,0,0,0,333,0,400,400,450,5450,5450,6500,6500,6500,6600,6600,6600,7000,8500,6000,6000,6000,6000,6000,6000,6000,10727
1712801,Maurilândia do Tocantins,19-Maurilândia do Tocantins,Bico,Menor impacto re,III,Bico do Papagaio,Regiao Bico,1993,738,2721,2854,3185,3281,3322,AMBIP-Assc. Municipios do Bico do Papagaio,5ª CIPM - Tocantinópolis,5ª CIPM,Bico do Papagaio,17001,3112,Araguatins,16,Região do Extremo Norte ou Bico do Papagaio,738.101,Sem Região,Área-Programa Extremo Norte(Bico do Papagaio),I,banana,0,0,0,0,0,0,0,11,0,0,0,0,0,0,0,0,0,0,0,40,6,6,5,5,5,5,0,0,5,5,0,0,0,0,0,0,0,11,0,0,0,0,0,0,0,0,0,0,0,40,6,6,5,5,5,5,0,0,5,5,0,0,0,0,0,0,0,3,0,0,0,0,0,0,0,0,0,0,0,320,48,48,40,40,40,40,0,0,39,56,0,0,0,0,0,0,0,272,0,0,0,0,0,0,0,0,0,0,0,8000,8000,8000,8000,8000,8000,8000,0,0,7800,11200
1720101,São Bento do Tocantins,4-São Bento do Tocantins,Bico,Menor impacto re,I,Bico do Papagaio,Regiao Bico,1993,1105,2834,3738,4447,4583,4666,AMBIP-Assc. Municipios do Bico do Papagaio,4ª CIPM - Araguatins,4ª CIPM,Bico do Papagaio,17001,4615,Araguatins,12,Região do Extremo Norte ou Bico do Papagaio,1105.893,Bico do Papagaio,Área-Programa Extremo Norte(Bico do Papagaio),I,banana,0,0,0,0,0,0,0,0,0,0,0,0,0,0,0,0,0,0,0,0,4,4,4,4,15,15,15,15,15,39,0,0,0,0,0,0,0,0,0,0,0,0,0,0,0,0,0,0,0,0,4,4,4,4,15,15,15,15,15,39,0,0,0,0,0,0,0,0,0,0,0,0,0,0,0,0,0,0,0,0,32,32,32,32,123,123,123,123,123,138,0,0,0,0,0,0,0,0,0,0,0,0,0,0,0,0,0,0,0,0,8000,8000,8000,8000,8200,8200,8200,8200,8200,3538
1710706,Itaguatins,17-Itaguatins,Bico,Menor impacto re,III,Bico do Papagaio,Regiao Bico,1945,740,6492,6386,6074,6246,6226,AMBIP-Assc. Municipios do Bico do Papagaio,5ª CIPM - Tocantinópolis,5ª CIPM,Bico do Papagaio,17001,5628,Araguatins,13,Região do Extremo Norte ou Bico do Papagaio,739.846,Bico do Papagaio,Área-Programa Extremo Norte(Bico do Papagaio),I,banana,0,0,0,0,0,0,0,44,0,0,0,0,0,0,0,0,0,0,0,0,5,5,10,10,10,10,7,4,4,9,0,0,0,0,0,0,0,44,0,0,0,0,0,0,0,0,0,0,0,0,5,5,10,10,10,10,7,4,4,9,0,0,0,0,0,0,0,24,0,0,0,0,0,0,0,0,0,0,0,0,40,40,80,80,80,80,56,32,32,32,0,0,0,0,0,0,0,545,0,0,0,0,0,0,0,0,0,0,0,0,8000,8000,8000,8000,8000,8000,8000,8000,8000,3556
1702901,Axixá do Tocantins,7-Axixá do Tocantins,Bico,Menor impacto re,II,Bico do Papagaio,Regiao Bico,1963,150,9698,8827,8917,9175,9203,AMBIP-Assc. Municipios do Bico do Papagaio,4ª CIPM - Araguatins,4ª CIPM,Bico do Papagaio,17001,9275,Araguatins,9,Região do Extremo Norte ou Bico do Papagaio,150.214,Sem Região,Área-Programa Extremo Norte(Bico do Papagaio),I,banana,0,0,0,0,0,0,0,40,0,0,0,0,0,0,0,0,0,0,0,0,10,10,10,5,6,6,6,6,6,5,0,0,0,0,0,0,0,38,0,0,0,0,0,0,0,0,0,0,0,0,10,10,10,5,6,6,6,6,6,5,0,0,0,0,0,0,0,18,0,0,0,0,0,0,0,0,0,0,0,0,100,100,75,40,60,48,48,48,48,40,0,0,0,0,0,0,0,473,0,0,0,0,0,0,0,0,0,0,0,0,10000,10000,7500,8000,10000,8000,8000,8000,8000,8000
1720804,Sítio Novo do Tocantins,13-Sítio Novo do Tocantins,Bico,Menor impacto re,II,Bico do Papagaio,Regiao Bico,1963,324,10114,9488,9302,9568,9568,AMBIP-Assc. Municipios do Bico do Papagaio,4ª CIPM - Araguatins,4ª CIPM,Bico do Papagaio,17001,9148,Araguatins,10,Região do Extremo Norte ou Bico do Papagaio,324.102,Sem Região,Área-Programa Extremo Norte(Bico do Papagaio),I,banana,0,0,0,0,0,0,0,25,0,0,0,0,0,0,0,0,0,0,0,0,1,1,1,1,1,1,0,1,1,1,0,0,0,0,0,0,0,25,0,0,0,0,0,0,0,0,0,0,0,0,1,1,1,1,1,1,0,1,1,1,0,0,0,0,0,0,0,10,0,0,0,0,0,0,0,0,0,0,0,0,10,10,10,8,8,8,0,8,8,8,0,0,0,0,0,0,0,400,0,0,0,0,0,0,0,0,0,0,0,0,10000,10000,10000,8000,8000,8000,0,8000,8000,8000
1720200,São Miguel do Tocantins,12-São Miguel do Tocantins,Bico,Menor impacto re,II,Bico do Papagaio,Regiao Bico,1993,399,8304,8486,10221,10536,10737,AMBIP-Assc. Municipios do Bico do Papagaio,4ª CIPM - Araguatins,4ª CIPM,Bico do Papagaio,17001,10490,Araguatins,11,Região do Extremo Norte ou Bico do Papagaio,398.817,Sem Região,Área-Programa Extremo Norte(Bico do Papagaio),I,banana,0,0,0,0,0,0,0,8,0,0,0,0,0,0,0,0,0,0,0,0,2,2,2,2,2,2,5,5,5,10,0,0,0,0,0,0,0,8,0,0,0,0,0,0,0,0,0,0,0,0,2,2,2,2,2,2,5,5,5,10,0,0,0,0,0,0,0,3,0,0,0,0,0,0,0,0,0,0,0,0,14,14,14,16,16,16,40,40,40,40,0,0,0,0,0,0,0,375,0,0,0,0,0,0,0,0,0,0,0,0,7000,7000,7000,8000,8000,8000,8000,8000,8000,4000
1702554,Augustinópolis,6-Augustinópolis,Bico,Menor impacto re,II,Bico do Papagaio,Regiao Bico,1982,414,13924,12964,14800,15248,15469,AMBIP-Assc. Municipios do Bico do Papagaio,4ª CIPM - Araguatins,4ª CIPM,Bico do Papagaio,17001,15883,Araguatins,7,Região do Extremo Norte ou Bico do Papagaio,414.37,Bico do Papagaio,Área-Programa Extremo Norte(Bico do Papagaio),I,banana,0,0,0,0,0,0,18,31,32,32,27,15,7,10,12,12,12,12,12,0,6,6,6,30,6,6,10,10,10,3,0,0,0,0,0,0,18,25,32,27,20,15,7,7,12,12,12,12,12,0,6,6,6,30,6,6,10,10,10,3,0,0,0,0,0,0,13,6,23,19,14,11,42,42,72,72,72,72,72,0,48,48,48,240,48,48,80,80,80,24,0,0,0,0,0,0,722,240,718,703,700,733,6000,6000,6000,6000,6000,6000,6000,0,8000,8000,8000,8000,8000,8000,8000,8000,8000,8000
1718303,Praia Norte,10-Praia  Norte,Bico,Menor impacto re,II,Bico do Papagaio,Regiao Bico,1988,289,5149,6781,7060,7267,7310,AMBIP-Assc. Municipios do Bico do Papagaio,4ª CIPM - Araguatins,4ª CIPM,Bico do Papagaio,17001,7661,Araguatins,8,Região do Extremo Norte ou Bico do Papagaio,289.052,Bico do Papagaio,Área-Programa Extremo Norte(Bico do Papagaio),I,banana,0,0,0,0,0,0,0,7,0,0,0,0,0,0,0,0,0,0,0,0,1,1,1,1,1,1,4,4,4,6,0,0,0,0,0,0,0,7,0,0,0,0,0,0,0,0,0,0,0,0,1,1,1,1,1,1,4,4,4,6,0,0,0,0,0,0,0,4,0,0,0,0,0,0,0,0,0,0,0,0,8,8,8,8,8,8,32,32,32,32,0,0,0,0,0,0,0,571,0,0,0,0,0,0,0,0,0,0,0,0,8000,8000,8000,8000,8000,8000,8000,8000,8000,5333
1702208,Araguatins,1-Araguatins,Bico,Capital,I,Bico do Papagaio,Regiao Bico_Sede,1948,2627,22558,26010,25973,26722,26771,AMBIP-Assc. Municipios do Bico do Papagaio,4ª CIPM - Araguatins,4ª CIPM,Bico do Papagaio,17001,31232,Araguatins,3,Região do Extremo Norte ou Bico do Papagaio,2627.28,Bico do Papagaio,Área-Programa Extremo Norte(Bico do Papagaio),I,banana,0,0,0,0,0,0,90,155,200,210,120,80,40,70,70,150,150,150,150,150,30,30,20,30,30,30,30,30,30,58,0,0,0,0,0,0,90,150,150,70,120,80,40,40,70,70,150,70,150,150,30,30,20,30,30,30,30,30,30,58,0,0,0,0,0,0,64,106,105,49,84,56,240,240,420,420,420,420,900,900,240,240,160,240,240,240,240,240,240,458,0,0,0,0,0,0,711,706,700,700,700,700,6000,6000,6000,6000,2800,6000,6000,6000,8000,8000,8000,8000,8000,8000,8000,8000,8000,7897
1703800,Buriti do Tocantins,8-Buriti do Tocantins,Bico,Menor impacto re,II,Bico do Papagaio,Regiao Bico,1988,250,7599,7842,8164,8404,8454,AMBIP-Assc. Municipios do Bico do Papagaio,4ª CIPM - Araguatins,4ª CIPM,Bico do Papagaio,17001,9767,Araguatins,4,Região do Extremo Norte ou Bico do Papagaio,249.906,Sem Região,Área-Programa Extremo Norte(Bico do Papagaio),I,banana,0,0,0,0,0,0,0,0,0,0,0,0,0,0,0,0,0,0,11,0,15,15,10,15,15,15,1,1,4,3,0,0,0,0,0,0,0,0,0,0,0,0,0,0,0,0,0,0,11,0,15,15,10,15,15,10,1,1,4,3,0,0,0,0,0,0,0,0,0,0,0,0,0,0,0,0,0,0,176,0,150,150,80,120,120,120,12,12,32,30,0,0,0,0,0,0,0,0,0,0,0,0,0,0,0,0,0,0,16000,0,10000,10000,8000,8000,8000,12000,12000,12000,8000,10000
1703891,Carrasco Bonito,9-Carrasco Bonito,Bico,Menor impacto re,II,Bico do Papagaio,Regiao Bico,1993,195,2727,3218,3314,3411,3428,AMBIP-Assc. Municipios do Bico do Papagaio,4ª CIPM - Araguatins,4ª CIPM,Bico do Papagaio,17001,3687,Araguatins,5,Região do Extremo Norte ou Bico do Papagaio,195.017,Sem Região,Área-Programa Extremo Norte(Bico do Papagaio),I,banana,0,0,0,0,0,0,0,0,0,0,0,0,0,0,0,0,0,0,0,0,3,3,5,15,15,15,20,20,20,20,0,0,0,0,0,0,0,0,0,0,0,0,0,0,0,0,0,0,0,0,3,3,5,15,15,15,20,20,20,20,0,0,0,0,0,0,0,0,0,0,0,0,0,0,0,0,0,0,0,0,24,24,40,120,120,120,160,160,160,160,0,0,0,0,0,0,0,0,0,0,0,0,0,0,0,0,0,0,0,0,8000,8000,8000,8000,8000,8000,8000,8000,8000,8000
1718808,Sampaio,11-Sampaio,Bico,Menor impacto re,II,Bico do Papagaio,Regiao Bico,1988,201,2829,2801,3672,3788,3886,AMBIP-Assc. Municipios do Bico do Papagaio,4ª CIPM - Araguatins,4ª CIPM,Bico do Papagaio,17001,3863,Araguatins,6,Região do Extremo Norte ou Bico do Papagaio,200.813,Bico do Papagaio,Área-Programa Extremo Norte(Bico do Papagaio),I,banana,0,0,0,0,0,0,0,0,0,0,0,0,0,0,0,0,0,0,0,0,5,5,5,5,5,5,10,10,10,1,0,0,0,0,0,0,0,0,0,0,0,0,0,0,0,0,0,0,0,0,5,5,5,5,5,5,10,10,10,1,0,0,0,0,0,0,0,0,0,0,0,0,0,0,0,0,0,0,0,0,40,40,40,40,40,40,80,80,80,13,0,0,0,0,0,0,0,0,0,0,0,0,0,0,0,0,0,0,0,0,8000,8000,8000,8000,8000,8000,8000,8000,8000,13000
1707405,Esperantina,3-Esperantina,Bico,Menor impacto re,I,Bico do Papagaio,Regiao Bico,1993,504,5963,7623,8134,8375,8445,AMBIP-Assc. Municipios do Bico do Papagaio,4ª CIPM - Araguatins,4ª CIPM,Bico do Papagaio,17001,9476,Araguatins,1,Região do Extremo Norte ou Bico do Papagaio,504.019,Bico do Papagaio,Área-Programa Extremo Norte(Bico do Papagaio),I,banana,0,0,0,0,0,0,0,0,0,0,0,0,0,0,10,10,10,10,10,10,10,10,10,10,10,10,10,10,4,22,0,0,0,0,0,0,0,0,0,0,0,0,0,0,10,10,10,10,10,10,10,10,10,10,10,10,10,10,4,22,0,0,0,0,0,0,0,0,0,0,0,0,0,0,60,60,60,60,60,60,80,80,80,80,80,80,80,80,32,73,0,0,0,0,0,0,0,0,0,0,0,0,0,0,6000,6000,6000,6000,6000,6000,8000,8000,8000,8000,8000,8000,8000,8000,8000,3318
1720309,São Sebastião do Tocantins,5-São Sebastião do Tocantins,Bico,Menor impacto re,I,Bico do Papagaio,Regiao Bico,1963,287,3516,3669,4244,4373,4441,AMBIP-Assc. Municipios do Bico do Papagaio,4ª CIPM - Araguatins,4ª CIPM,Bico do Papagaio,17001,4283,Araguatins,2,Região do Extremo Norte ou Bico do Papagaio,287.271,Bico do Papagaio,Área-Programa Extremo Norte(Bico do Papagaio),I,banana,0,0,0,0,0,0,0,0,0,0,0,0,0,0,0,0,0,0,0,0,5,5,5,5,5,5,3,3,3,3,0,0,0,0,0,0,0,0,0,0,0,0,0,0,0,0,0,0,0,0,5,5,5,5,5,5,3,3,3,3,0,0,0,0,0,0,0,0,0,0,0,0,0,0,0,0,0,0,0,0,50,50,50,40,40,40,24,24,24,24,0,0,0,0,0,0,0,0,0,0,0,0,0,0,0,0,0,0,0,0,10000,10000,10000,8000,8000,8000,8000,8000,8000,8000
1712157,Lavandeira,137-Lavandeira,Outros,Menor impacto re,XVIII,Sudeste,Regiao Sudeste,1997,520,0,1209,1590,1640,1683,Portal do Sudeste-Assoc. Municipios do Sudeste,1ª CIPM - Arraias,1ª CIPM,Dianópolis,17008,1605,Dianópolis,137,Região Sudeste,519.569,Sem Região,Área-Programa Sudeste,X,banana,0,0,0,0,0,0,0,0,2,2,2,2,2,2,2,2,2,2,2,2,2,2,2,2,2,2,6,6,6,0,0,0,0,0,0,0,0,0,2,2,2,2,2,2,2,2,2,2,2,2,2,2,2,2,2,2,6,6,6,0,0,0,0,0,0,0,0,0,1,1,1,1,6,6,6,14,14,14,14,14,15,15,14,13,15,15,45,45,45,0,0,0,0,0,0,0,0,0,500,500,500,500,3000,3000,3000,7000,7000,7000,7000,7000,7500,7500,7000,6500,7500,7500,7500,7500,7500,0
1702703,Aurora do Tocantins,136-Aurora do Tocantins,Outros,Menor impacto re,XVIII,Sudeste,Regiao Sudeste,1963,753,4382,3101,3385,3486,3523,Portal do Sudeste-Assoc. Municipios do Sudeste,1ª CIPM - Arraias,1ª CIPM,Dianópolis,17008,3446,Dianópolis,136,Região Sudeste,752.826,Serras Gerais,Área-Programa Sudeste,X,banana,50,40,40,50,60,65,65,4,2,2,2,2,2,2,2,4,2,4,2,4,4,4,4,4,4,4,9,9,8,8,40,40,40,50,55,55,65,4,2,2,2,2,2,2,2,2,2,2,2,4,4,4,4,4,4,4,9,9,8,8,36,40,37,40,50,55,59,2,1,1,1,1,7,7,7,18,18,18,18,36,36,36,36,32,32,32,72,72,80,68,900,1000,925,800,909,1000,907,500,500,500,500,500,3500,3500,3500,9000,9000,9000,9000,9000,9000,9000,9000,8000,8000,8000,8000,8000,10000,8500
1717800,Ponte Alta do Bom Jesus,138-Ponte Alta do Bom Jesus,Outros,Menor impacto re,XVIII,Sudeste,Regiao Sudeste,1958,1806,4715,4574,4529,4660,4664,Portal do Sudeste-Assoc. Municipios do Sudeste,2ª CIPM - Dianópolis,2ª CIPM,Dianópolis,17008,4548,Dianópolis,133,Região Sudeste,1806.132,Sem Região,Área-Programa Sudeste,X,banana,30,35,35,35,25,30,30,18,18,18,18,18,15,15,15,15,10,0,15,15,15,15,15,15,15,15,15,15,13,0,25,30,35,35,25,25,25,18,18,18,18,18,15,15,15,10,10,0,15,15,15,15,15,15,15,15,15,15,13,0,25,30,32,15,20,20,20,5,5,6,6,6,36,36,36,95,95,0,135,135,135,135,135,135,135,135,135,135,117,0,1000,1000,914,428,800,800,800,277,277,333,333,333,2400,2400,2400,9500,9500,0,9000,9000,9000,9000,9000,9000,9000,9000,9000,9000,9000,0
1715259,Novo Jardim,125-Novo Jardim,Outros,Menor impacto re,XV,Sudeste,Regiao Sudeste,1993,1310,2010,2151,2419,2492,2525,Portal do Sudeste-Assoc. Municipios do Sudeste,2ª CIPM - Dianópolis,2ª CIPM,Dianópolis,17008,2457,Dianópolis,132,Região Sudeste,1309.658,Sem Região,Área-Programa Sudeste,X,banana,0,0,0,0,15,20,20,0,2,2,2,2,2,2,2,3,3,3,3,3,3,3,3,3,3,3,5,5,4,6,0,0,0,0,15,15,15,0,2,2,2,2,2,2,2,2,3,3,3,3,3,3,3,3,3,3,5,5,4,6,0,0,0,0,15,15,14,0,1,1,1,1,6,6,6,15,24,24,24,24,25,25,24,23,24,24,40,40,32,52,0,0,0,0,1000,1000,933,0,500,500,500,500,3000,3000,3000,7500,8000,8000,8000,8000,8333,8333,8000,7667,8000,8000,8000,8000,8000,8667
1707009,Dianópolis,124-Dianópolis,Outros,Capital,XV,Sudeste,Regiao Sudeste_Sede,1884,3217,14882,15428,18584,19158,19524,Portal do Sudeste-Assoc. Municipios do Sudeste,2ª CIPM - Dianópolis,2ª CIPM,Dianópolis,17008,18747,Dianópolis,130,Região Sudeste,3217.179,Serras Gerais,Área-Programa Sudeste,X,banana,60,65,55,55,50,55,45,38,38,38,38,38,35,35,35,30,30,30,30,30,30,30,30,30,30,75,200,200,250,290,30,52,55,55,50,40,45,38,38,38,38,38,35,35,35,30,30,30,30,30,30,30,30,30,30,75,200,200,250,290,25,52,46,33,40,32,36,18,18,18,18,18,135,135,135,240,240,240,240,240,240,240,240,225,225,900,4000,4000,2990,3460,833,1000,836,600,800,800,800,473,473,473,473,473,3857,3857,3857,8000,8000,8000,8000,8000,8000,8000,8000,7500,7500,12000,20000,20000,11960,11931
1718659,Rio da Conceição,127-Rio da Conceição,Outros,Menor impacto re,XV,Sudeste,Regiao Sudeste,1993,771,1035,1189,1454,1499,1530,,2ª CIPM - Dianópolis,2ª CIPM,Dianópolis,17008,1707,Dianópolis,127,Região Sudeste,771.112,Serras Gerais,Área-Programa Sudeste,X,banana,0,0,0,0,10,10,10,14,14,14,14,14,10,10,10,8,8,8,8,8,8,8,8,8,8,8,4,4,2,0,0,0,0,0,10,10,10,14,14,14,14,14,10,10,10,8,8,8,8,8,8,8,8,8,8,8,4,4,2,0,0,0,0,0,10,10,9,5,5,5,5,5,20,20,20,52,52,52,52,52,55,55,56,48,48,48,24,24,12,0,0,0,0,0,1000,1000,900,357,357,357,357,357,2000,2000,2000,6500,6500,6500,6500,6500,6875,6875,7000,6000,6000,6000,6000,6000,6000,0
1712702,Mateiros,97-Mateiros,Outros,Menor impacto re,XII,Jalapão,Regiao Jalapao,1993,9592,1490,1646,1737,1788,1802,Portal do Sudeste-Assoc. Municipios do Sudeste,5º BPM - Porto Nacional,5º BPM,Jalapão,17007,2169,Ponte Alta do Tocantins,101,Região do Jalapão,9591.543,Encantos do Jalapão,Área-Programa leste( Jalapão),VII,banana,0,0,0,0,15,15,16,6,17,18,18,16,15,15,15,15,15,15,15,15,15,15,15,20,13,0,0,0,0,0,0,0,0,0,15,15,16,6,17,18,18,16,15,15,15,15,15,15,15,15,15,15,15,14,13,0,0,0,0,0,0,0,0,0,12,12,13,4,11,12,12,10,75,75,82,82,82,82,82,82,82,82,82,82,71,0,0,0,0,0,0,0,0,0,800,800,812,666,647,666,666,625,5000,5000,5466,5466,5466,5466,5466,5466,5466,5466,5467,5857,5462,0,0,0,0,0
1709302,Guaraí,59-Guaraí,Outros,Capital,VIII,,<Null>,1968,2268,20404,20018,21669,22314,22530,,7º BPM - Guaraí,7º BPM,Miracema do Tocantins,17003,23163,Guaraí,53,Região Metropolitana de Araguaína,2268.147,Sem Região,Área-Programa Noroeste,III,banana,45,190,388,388,332,332,100,114,50,60,0,0,0,0,0,0,0,0,0,0,0,0,0,0,0,0,0,0,0,0,45,190,388,388,292,240,100,88,50,60,0,0,0,0,0,0,0,0,0,0,0,0,0,0,0,0,0,0,0,0,45,190,355,310,190,150,60,26,29,34,0,0,0,0,0,0,0,0,0,0,0,0,0,0,0,0,0,0,0,0,1000,1000,914,798,650,625,600,295,580,566,0,0,0,0,0,0,0,0,0,0,0,0,0,0,0,0,0,0,0,0
